Copyright 1986-2022 Xilinx, Inc. All Rights Reserved. Copyright 2022-2023 Advanced Micro Devices, Inc. All Rights Reserved.
------------------------------------------------------------------------------------------------------------------------------------------------------------------------------------------------------
| Tool Version : Vivado v.2023.2 (win64) Build 4029153 Fri Oct 13 20:14:34 MDT 2023
| Date         : Wed Jul  9 13:21:08 2025
| Host         : DESKTOP-OBENCRP running 64-bit major release  (build 9200)
| Command      : report_timing_summary -max_paths 10 -report_unconstrained -file vga_timing_summary_routed.rpt -pb vga_timing_summary_routed.pb -rpx vga_timing_summary_routed.rpx -warn_on_violation
| Design       : vga
| Device       : 7a35t-cpg236
| Speed File   : -1  PRODUCTION 1.23 2018-06-13
| Design State : Routed
------------------------------------------------------------------------------------------------------------------------------------------------------------------------------------------------------

Timing Summary Report

------------------------------------------------------------------------------------------------
| Timer Settings
| --------------
------------------------------------------------------------------------------------------------

  Enable Multi Corner Analysis               :  Yes
  Enable Pessimism Removal                   :  Yes
  Pessimism Removal Resolution               :  Nearest Common Node
  Enable Input Delay Default Clock           :  No
  Enable Preset / Clear Arcs                 :  No
  Disable Flight Delays                      :  No
  Ignore I/O Paths                           :  No
  Timing Early Launch at Borrowing Latches   :  No
  Borrow Time for Max Delay Exceptions       :  Yes
  Merge Timing Exceptions                    :  Yes
  Inter-SLR Compensation                     :  Conservative

  Corner  Analyze    Analyze    
  Name    Max Paths  Min Paths  
  ------  ---------  ---------  
  Slow    Yes        Yes        
  Fast    Yes        Yes        


------------------------------------------------------------------------------------------------
| Report Methodology
| ------------------
------------------------------------------------------------------------------------------------

Rule       Severity          Description                    Violations  
---------  ----------------  -----------------------------  ----------  
TIMING-17  Critical Warning  Non-clocked sequential cell    252         
LUTAR-1    Warning           LUT drives async reset alert   1           
TIMING-16  Warning           Large setup violation          20          
TIMING-18  Warning           Missing input or output delay  32          

Note: This report is based on the most recent report_methodology run and may not be up-to-date. Run report_methodology on the current design for the latest report.



check_timing report

Table of Contents
-----------------
1. checking no_clock (252)
2. checking constant_clock (0)
3. checking pulse_width_clock (0)
4. checking unconstrained_internal_endpoints (526)
5. checking no_input_delay (8)
6. checking no_output_delay (25)
7. checking multiple_clock (0)
8. checking generated_clocks (0)
9. checking loops (0)
10. checking partial_input_delay (0)
11. checking partial_output_delay (0)
12. checking latch_loops (0)

1. checking no_clock (252)
--------------------------
 There are 250 register/latch pins with no clock driven by root clock pin: clkdiv_instance/clk_out1_reg/Q (HIGH)

 There are 2 register/latch pins with no clock driven by root clock pin: clkdiv_instance/clk_reg/Q (HIGH)


2. checking constant_clock (0)
------------------------------
 There are 0 register/latch pins with constant_clock.


3. checking pulse_width_clock (0)
---------------------------------
 There are 0 register/latch pins which need pulse_width check


4. checking unconstrained_internal_endpoints (526)
--------------------------------------------------
 There are 526 pins that are not constrained for maximum delay. (HIGH)

 There are 0 pins that are not constrained for maximum delay due to constant clock.


5. checking no_input_delay (8)
------------------------------
 There are 8 input ports with no input delay specified. (HIGH)

 There are 0 input ports with no input delay but user has a false path constraint.


6. checking no_output_delay (25)
--------------------------------
 There are 25 ports with no output delay specified. (HIGH)

 There are 0 ports with no output delay but user has a false path constraint

 There are 0 ports with no output delay but with a timing clock defined on it or propagating through it


7. checking multiple_clock (0)
------------------------------
 There are 0 register/latch pins with multiple clocks.


8. checking generated_clocks (0)
--------------------------------
 There are 0 generated clocks that are not connected to a clock source.


9. checking loops (0)
---------------------
 There are 0 combinational loops in the design.


10. checking partial_input_delay (0)
------------------------------------
 There are 0 input ports with partial input delay specified.


11. checking partial_output_delay (0)
-------------------------------------
 There are 0 ports with partial output delay specified.


12. checking latch_loops (0)
----------------------------
 There are 0 combinational latch loops in the design through latch input



------------------------------------------------------------------------------------------------
| Design Timing Summary
| ---------------------
------------------------------------------------------------------------------------------------

    WNS(ns)      TNS(ns)  TNS Failing Endpoints  TNS Total Endpoints      WHS(ns)      THS(ns)  THS Failing Endpoints  THS Total Endpoints     WPWS(ns)     TPWS(ns)  TPWS Failing Endpoints  TPWS Total Endpoints  
    -------      -------  ---------------------  -------------------      -------      -------  ---------------------  -------------------     --------     --------  ----------------------  --------------------  
     -2.868      -48.315                     21                 3239        0.157        0.000                      0                 3239        3.750        0.000                       0                  1751  


Timing constraints are not met.


------------------------------------------------------------------------------------------------
| Clock Summary
| -------------
------------------------------------------------------------------------------------------------

Clock        Waveform(ns)       Period(ns)      Frequency(MHz)
-----        ------------       ----------      --------------
sys_clk_pin  {0.000 5.000}      10.000          100.000         


------------------------------------------------------------------------------------------------
| Intra Clock Table
| -----------------
------------------------------------------------------------------------------------------------

Clock             WNS(ns)      TNS(ns)  TNS Failing Endpoints  TNS Total Endpoints      WHS(ns)      THS(ns)  THS Failing Endpoints  THS Total Endpoints     WPWS(ns)     TPWS(ns)  TPWS Failing Endpoints  TPWS Total Endpoints  
-----             -------      -------  ---------------------  -------------------      -------      -------  ---------------------  -------------------     --------     --------  ----------------------  --------------------  
sys_clk_pin        -2.868      -48.315                     21                 3238        0.157        0.000                      0                 3238        3.750        0.000                       0                  1751  


------------------------------------------------------------------------------------------------
| Inter Clock Table
| -----------------
------------------------------------------------------------------------------------------------

From Clock    To Clock          WNS(ns)      TNS(ns)  TNS Failing Endpoints  TNS Total Endpoints      WHS(ns)      THS(ns)  THS Failing Endpoints  THS Total Endpoints  
----------    --------          -------      -------  ---------------------  -------------------      -------      -------  ---------------------  -------------------  


------------------------------------------------------------------------------------------------
| Other Path Groups Table
| -----------------------
------------------------------------------------------------------------------------------------

Path Group         From Clock         To Clock               WNS(ns)      TNS(ns)  TNS Failing Endpoints  TNS Total Endpoints      WHS(ns)      THS(ns)  THS Failing Endpoints  THS Total Endpoints  
----------         ----------         --------               -------      -------  ---------------------  -------------------      -------      -------  ---------------------  -------------------  
**async_default**  sys_clk_pin        sys_clk_pin              7.712        0.000                      0                    1        0.682        0.000                      0                    1  


------------------------------------------------------------------------------------------------
| User Ignored Path Table
| -----------------------
------------------------------------------------------------------------------------------------

Path Group    From Clock    To Clock    
----------    ----------    --------    


------------------------------------------------------------------------------------------------
| Unconstrained Path Table
| ------------------------
------------------------------------------------------------------------------------------------

Path Group    From Clock    To Clock    
----------    ----------    --------    
(none)                                    
(none)        sys_clk_pin                 
(none)                      sys_clk_pin   


------------------------------------------------------------------------------------------------
| Timing Details
| --------------
------------------------------------------------------------------------------------------------


---------------------------------------------------------------------------------------------------
From Clock:  sys_clk_pin
  To Clock:  sys_clk_pin

Setup :           21  Failing Endpoints,  Worst Slack       -2.868ns,  Total Violation      -48.315ns
Hold  :            0  Failing Endpoints,  Worst Slack        0.157ns,  Total Violation        0.000ns
PW    :            0  Failing Endpoints,  Worst Slack        3.750ns,  Total Violation        0.000ns
---------------------------------------------------------------------------------------------------


Max Delay Paths
--------------------------------------------------------------------------------------
Slack (VIOLATED) :        -2.868ns  (required time - arrival time)
  Source:                 AI_instance/compute_index_reg[0]/C
                            (rising edge-triggered cell FDRE clocked by sys_clk_pin  {rise@0.000ns fall@5.000ns period=10.000ns})
  Destination:            AI_instance/accumulator_reg[15]/D
                            (rising edge-triggered cell FDRE clocked by sys_clk_pin  {rise@0.000ns fall@5.000ns period=10.000ns})
  Path Group:             sys_clk_pin
  Path Type:              Setup (Max at Slow Process Corner)
  Requirement:            10.000ns  (sys_clk_pin rise@10.000ns - sys_clk_pin rise@0.000ns)
  Data Path Delay:        12.873ns  (logic 5.014ns (38.951%)  route 7.859ns (61.049%))
  Logic Levels:           17  (CARRY4=6 LUT2=1 LUT3=4 LUT6=5 MUXF7=1)
  Clock Path Skew:        -0.041ns (DCD - SCD + CPR)
    Destination Clock Delay (DCD):    4.777ns = ( 14.777 - 10.000 ) 
    Source Clock Delay      (SCD):    5.076ns
    Clock Pessimism Removal (CPR):    0.258ns
  Clock Uncertainty:      0.035ns  ((TSJ^2 + TIJ^2)^1/2 + DJ) / 2 + PE
    Total System Jitter     (TSJ):    0.071ns
    Total Input Jitter      (TIJ):    0.000ns
    Discrete Jitter          (DJ):    0.000ns
    Phase Error              (PE):    0.000ns

    Location             Delay type                Incr(ns)  Path(ns)    Netlist Resource(s)
  -------------------------------------------------------------------    -------------------
                         (clock sys_clk_pin rise edge)
                                                      0.000     0.000 r  
    W5                                                0.000     0.000 r  clk (IN)
                         net (fo=0)                   0.000     0.000    clk
    W5                   IBUF (Prop_ibuf_I_O)         1.458     1.458 r  clk_IBUF_inst/O
                         net (fo=1, routed)           1.967     3.425    clk_IBUF
    BUFGCTRL_X0Y0        BUFG (Prop_bufg_I_O)         0.096     3.521 r  clk_IBUF_BUFG_inst/O
                         net (fo=1750, routed)        1.555     5.076    AI_instance/clk_IBUF_BUFG
    SLICE_X29Y51         FDRE                                         r  AI_instance/compute_index_reg[0]/C
  -------------------------------------------------------------------    -------------------
    SLICE_X29Y51         FDRE (Prop_fdre_C_Q)         0.456     5.532 r  AI_instance/compute_index_reg[0]/Q
                         net (fo=168, routed)         1.285     6.816    AI_instance/compute_index_reg_n_0_[0]
    SLICE_X30Y56         LUT6 (Prop_lut6_I0_O)        0.124     6.940 r  AI_instance/g1_b2__113/O
                         net (fo=2, routed)           0.617     7.557    AI_instance/g1_b2__113_n_0
    SLICE_X30Y57         LUT3 (Prop_lut3_I0_O)        0.124     7.681 r  AI_instance/accumulator[0]_i_1242/O
                         net (fo=1, routed)           0.945     8.627    AI_instance/accumulator[0]_i_1242_n_0
    SLICE_X29Y58         LUT6 (Prop_lut6_I0_O)        0.124     8.751 r  AI_instance/accumulator[0]_i_843/O
                         net (fo=1, routed)           0.000     8.751    AI_instance/accumulator[0]_i_843_n_0
    SLICE_X29Y58         MUXF7 (Prop_muxf7_I1_O)      0.245     8.996 r  AI_instance/accumulator_reg[0]_i_480/O
                         net (fo=1, routed)           0.862     9.857    AI_instance/accumulator_reg[0]_i_480_n_0
    SLICE_X28Y56         LUT6 (Prop_lut6_I1_O)        0.298    10.155 r  AI_instance/accumulator[0]_i_250/O
                         net (fo=2, routed)           0.736    10.892    AI_instance/accumulator[0]_i_250_n_0
    SLICE_X14Y55         LUT3 (Prop_lut3_I2_O)        0.124    11.016 r  AI_instance/accumulator[0]_i_110/O
                         net (fo=2, routed)           0.439    11.455    AI_instance/accumulator[0]_i_110_n_0
    SLICE_X14Y54         LUT6 (Prop_lut6_I1_O)        0.124    11.579 r  AI_instance/accumulator[0]_i_60/O
                         net (fo=13, routed)          0.630    12.209    AI_instance/accumulator[0]_i_60_n_0
    SLICE_X15Y54         LUT3 (Prop_lut3_I2_O)        0.124    12.333 r  AI_instance/accumulator[0]_i_41/O
                         net (fo=1, routed)           0.000    12.333    AI_instance/accumulator[0]_i_41_n_0
    SLICE_X15Y54         CARRY4 (Prop_carry4_S[1]_CO[3])
                                                      0.550    12.883 r  AI_instance/accumulator_reg[0]_i_15/CO[3]
                         net (fo=1, routed)           0.000    12.883    AI_instance/accumulator_reg[0]_i_15_n_0
    SLICE_X15Y55         CARRY4 (Prop_carry4_CI_O[2])
                                                      0.239    13.122 r  AI_instance/accumulator_reg[15]_i_73/O[2]
                         net (fo=3, routed)           0.730    13.852    AI_instance/accumulator_reg[15]_i_73_n_5
    SLICE_X12Y57         LUT3 (Prop_lut3_I1_O)        0.302    14.154 r  AI_instance/accumulator[4]_i_22/O
                         net (fo=1, routed)           0.520    14.674    AI_instance/accumulator[4]_i_22_n_0
    SLICE_X12Y58         CARRY4 (Prop_carry4_DI[3]_CO[3])
                                                      0.396    15.070 r  AI_instance/accumulator_reg[4]_i_13/CO[3]
                         net (fo=1, routed)           0.000    15.070    AI_instance/accumulator_reg[4]_i_13_n_0
    SLICE_X12Y59         CARRY4 (Prop_carry4_CI_O[1])
                                                      0.323    15.393 r  AI_instance/accumulator_reg[15]_i_21/O[1]
                         net (fo=1, routed)           0.424    15.817    AI_instance/accumulator1[9]
    SLICE_X14Y60         LUT2 (Prop_lut2_I1_O)        0.306    16.123 r  AI_instance/accumulator[8]_i_10/O
                         net (fo=1, routed)           0.000    16.123    AI_instance/accumulator[8]_i_10_n_0
    SLICE_X14Y60         CARRY4 (Prop_carry4_S[1]_CO[3])
                                                      0.533    16.656 r  AI_instance/accumulator_reg[8]_i_3/CO[3]
                         net (fo=1, routed)           0.000    16.656    AI_instance/accumulator_reg[8]_i_3_n_0
    SLICE_X14Y61         CARRY4 (Prop_carry4_CI_O[3])
                                                      0.315    16.971 r  AI_instance/accumulator_reg[15]_i_3/O[3]
                         net (fo=1, routed)           0.670    17.641    AI_instance/accumulator0[15]
    SLICE_X12Y62         LUT6 (Prop_lut6_I5_O)        0.307    17.948 r  AI_instance/accumulator[15]_i_1/O
                         net (fo=1, routed)           0.000    17.948    AI_instance/accumulator[15]_i_1_n_0
    SLICE_X12Y62         FDRE                                         r  AI_instance/accumulator_reg[15]/D
  -------------------------------------------------------------------    -------------------

                         (clock sys_clk_pin rise edge)
                                                     10.000    10.000 r  
    W5                                                0.000    10.000 r  clk (IN)
                         net (fo=0)                   0.000    10.000    clk
    W5                   IBUF (Prop_ibuf_I_O)         1.388    11.388 r  clk_IBUF_inst/O
                         net (fo=1, routed)           1.862    13.250    clk_IBUF
    BUFGCTRL_X0Y0        BUFG (Prop_bufg_I_O)         0.091    13.341 r  clk_IBUF_BUFG_inst/O
                         net (fo=1750, routed)        1.436    14.777    AI_instance/clk_IBUF_BUFG
    SLICE_X12Y62         FDRE                                         r  AI_instance/accumulator_reg[15]/C
                         clock pessimism              0.258    15.035    
                         clock uncertainty           -0.035    15.000    
    SLICE_X12Y62         FDRE (Setup_fdre_C_D)        0.081    15.081    AI_instance/accumulator_reg[15]
  -------------------------------------------------------------------
                         required time                         15.081    
                         arrival time                         -17.948    
  -------------------------------------------------------------------
                         slack                                 -2.868    

Slack (VIOLATED) :        -2.863ns  (required time - arrival time)
  Source:                 AI_instance/compute_index_reg_rep[0]__107/C
                            (rising edge-triggered cell FDRE clocked by sys_clk_pin  {rise@0.000ns fall@5.000ns period=10.000ns})
  Destination:            AI_instance/accumulator_reg[22]/D
                            (rising edge-triggered cell FDRE clocked by sys_clk_pin  {rise@0.000ns fall@5.000ns period=10.000ns})
  Path Group:             sys_clk_pin
  Path Type:              Setup (Max at Slow Process Corner)
  Requirement:            10.000ns  (sys_clk_pin rise@10.000ns - sys_clk_pin rise@0.000ns)
  Data Path Delay:        12.748ns  (logic 5.032ns (39.471%)  route 7.716ns (60.529%))
  Logic Levels:           16  (CARRY4=5 LUT2=1 LUT3=2 LUT5=1 LUT6=5 MUXF7=2)
  Clock Path Skew:        -0.111ns (DCD - SCD + CPR)
    Destination Clock Delay (DCD):    4.776ns = ( 14.776 - 10.000 ) 
    Source Clock Delay      (SCD):    5.074ns
    Clock Pessimism Removal (CPR):    0.187ns
  Clock Uncertainty:      0.035ns  ((TSJ^2 + TIJ^2)^1/2 + DJ) / 2 + PE
    Total System Jitter     (TSJ):    0.071ns
    Total Input Jitter      (TIJ):    0.000ns
    Discrete Jitter          (DJ):    0.000ns
    Phase Error              (PE):    0.000ns

    Location             Delay type                Incr(ns)  Path(ns)    Netlist Resource(s)
  -------------------------------------------------------------------    -------------------
                         (clock sys_clk_pin rise edge)
                                                      0.000     0.000 r  
    W5                                                0.000     0.000 r  clk (IN)
                         net (fo=0)                   0.000     0.000    clk
    W5                   IBUF (Prop_ibuf_I_O)         1.458     1.458 r  clk_IBUF_inst/O
                         net (fo=1, routed)           1.967     3.425    clk_IBUF
    BUFGCTRL_X0Y0        BUFG (Prop_bufg_I_O)         0.096     3.521 r  clk_IBUF_BUFG_inst/O
                         net (fo=1750, routed)        1.553     5.074    AI_instance/clk_IBUF_BUFG
    SLICE_X37Y56         FDRE                                         r  AI_instance/compute_index_reg_rep[0]__107/C
  -------------------------------------------------------------------    -------------------
    SLICE_X37Y56         FDRE (Prop_fdre_C_Q)         0.456     5.530 r  AI_instance/compute_index_reg_rep[0]__107/Q
                         net (fo=15, routed)          1.062     6.592    AI_instance/compute_index_reg_rep[0]__107_n_0
    SLICE_X38Y55         LUT6 (Prop_lut6_I0_O)        0.124     6.716 r  AI_instance/g0_b6__109/O
                         net (fo=1, routed)           0.000     6.716    AI_instance/g0_b6__109_n_0
    SLICE_X38Y55         MUXF7 (Prop_muxf7_I0_O)      0.241     6.957 r  AI_instance/accumulator_reg[15]_i_821/O
                         net (fo=1, routed)           1.302     8.259    AI_instance/accumulator_reg[15]_i_821_n_0
    SLICE_X29Y48         LUT5 (Prop_lut5_I0_O)        0.298     8.557 r  AI_instance/accumulator[15]_i_540/O
                         net (fo=1, routed)           0.000     8.557    AI_instance/accumulator[15]_i_540_n_0
    SLICE_X29Y48         MUXF7 (Prop_muxf7_I1_O)      0.217     8.774 r  AI_instance/accumulator_reg[15]_i_351/O
                         net (fo=1, routed)           0.557     9.331    AI_instance/accumulator_reg[15]_i_351_n_0
    SLICE_X29Y45         LUT6 (Prop_lut6_I0_O)        0.299     9.630 r  AI_instance/accumulator[15]_i_243/O
                         net (fo=1, routed)           1.231    10.861    AI_instance/accumulator[15]_i_243_n_0
    SLICE_X29Y59         LUT6 (Prop_lut6_I0_O)        0.124    10.985 f  AI_instance/accumulator[15]_i_161/O
                         net (fo=1, routed)           0.338    11.323    AI_instance/accumulator[15]_i_161_n_0
    SLICE_X29Y59         LUT6 (Prop_lut6_I4_O)        0.124    11.447 r  AI_instance/accumulator[15]_i_83/O
                         net (fo=14, routed)          1.001    12.447    AI_instance/accumulator[15]_i_83_n_0
    SLICE_X15Y60         LUT3 (Prop_lut3_I1_O)        0.124    12.571 r  AI_instance/accumulator[15]_i_145/O
                         net (fo=1, routed)           0.000    12.571    AI_instance/accumulator[15]_i_145_n_0
    SLICE_X15Y60         CARRY4 (Prop_carry4_S[1]_O[3])
                                                      0.640    13.211 r  AI_instance/accumulator_reg[15]_i_72/O[3]
                         net (fo=3, routed)           0.904    14.116    AI_instance/accumulator_reg[15]_i_72_n_4
    SLICE_X12Y57         LUT3 (Prop_lut3_I2_O)        0.306    14.422 r  AI_instance/accumulator[15]_i_41/O
                         net (fo=1, routed)           0.333    14.755    AI_instance/accumulator[15]_i_41_n_0
    SLICE_X12Y59         CARRY4 (Prop_carry4_DI[2]_CO[3])
                                                      0.404    15.159 r  AI_instance/accumulator_reg[15]_i_21/CO[3]
                         net (fo=1, routed)           0.000    15.159    AI_instance/accumulator_reg[15]_i_21_n_0
    SLICE_X12Y60         CARRY4 (Prop_carry4_CI_O[3])
                                                      0.315    15.474 r  AI_instance/accumulator_reg[15]_i_9/O[3]
                         net (fo=4, routed)           0.582    16.056    AI_instance/accumulator1[15]
    SLICE_X14Y62         LUT2 (Prop_lut2_I0_O)        0.307    16.363 r  AI_instance/accumulator[16]_i_13/O
                         net (fo=1, routed)           0.000    16.363    AI_instance/accumulator[16]_i_13_n_0
    SLICE_X14Y62         CARRY4 (Prop_carry4_S[0]_CO[3])
                                                      0.513    16.876 r  AI_instance/accumulator_reg[16]_i_3/CO[3]
                         net (fo=1, routed)           0.000    16.876    AI_instance/accumulator_reg[16]_i_3_n_0
    SLICE_X14Y63         CARRY4 (Prop_carry4_CI_O[2])
                                                      0.239    17.115 r  AI_instance/accumulator_reg[23]_i_5/O[2]
                         net (fo=1, routed)           0.407    17.521    AI_instance/accumulator0[22]
    SLICE_X15Y63         LUT6 (Prop_lut6_I5_O)        0.301    17.822 r  AI_instance/accumulator[22]_i_1/O
                         net (fo=1, routed)           0.000    17.822    AI_instance/accumulator[22]_i_1_n_0
    SLICE_X15Y63         FDRE                                         r  AI_instance/accumulator_reg[22]/D
  -------------------------------------------------------------------    -------------------

                         (clock sys_clk_pin rise edge)
                                                     10.000    10.000 r  
    W5                                                0.000    10.000 r  clk (IN)
                         net (fo=0)                   0.000    10.000    clk
    W5                   IBUF (Prop_ibuf_I_O)         1.388    11.388 r  clk_IBUF_inst/O
                         net (fo=1, routed)           1.862    13.250    clk_IBUF
    BUFGCTRL_X0Y0        BUFG (Prop_bufg_I_O)         0.091    13.341 r  clk_IBUF_BUFG_inst/O
                         net (fo=1750, routed)        1.435    14.776    AI_instance/clk_IBUF_BUFG
    SLICE_X15Y63         FDRE                                         r  AI_instance/accumulator_reg[22]/C
                         clock pessimism              0.187    14.963    
                         clock uncertainty           -0.035    14.927    
    SLICE_X15Y63         FDRE (Setup_fdre_C_D)        0.032    14.959    AI_instance/accumulator_reg[22]
  -------------------------------------------------------------------
                         required time                         14.959    
                         arrival time                         -17.822    
  -------------------------------------------------------------------
                         slack                                 -2.863    

Slack (VIOLATED) :        -2.842ns  (required time - arrival time)
  Source:                 AI_instance/compute_index_reg_rep[0]__107/C
                            (rising edge-triggered cell FDRE clocked by sys_clk_pin  {rise@0.000ns fall@5.000ns period=10.000ns})
  Destination:            AI_instance/accumulator_reg[21]/D
                            (rising edge-triggered cell FDRE clocked by sys_clk_pin  {rise@0.000ns fall@5.000ns period=10.000ns})
  Path Group:             sys_clk_pin
  Path Type:              Setup (Max at Slow Process Corner)
  Requirement:            10.000ns  (sys_clk_pin rise@10.000ns - sys_clk_pin rise@0.000ns)
  Data Path Delay:        12.726ns  (logic 5.121ns (40.240%)  route 7.605ns (59.760%))
  Logic Levels:           16  (CARRY4=5 LUT2=1 LUT3=2 LUT5=1 LUT6=5 MUXF7=2)
  Clock Path Skew:        -0.111ns (DCD - SCD + CPR)
    Destination Clock Delay (DCD):    4.776ns = ( 14.776 - 10.000 ) 
    Source Clock Delay      (SCD):    5.074ns
    Clock Pessimism Removal (CPR):    0.187ns
  Clock Uncertainty:      0.035ns  ((TSJ^2 + TIJ^2)^1/2 + DJ) / 2 + PE
    Total System Jitter     (TSJ):    0.071ns
    Total Input Jitter      (TIJ):    0.000ns
    Discrete Jitter          (DJ):    0.000ns
    Phase Error              (PE):    0.000ns

    Location             Delay type                Incr(ns)  Path(ns)    Netlist Resource(s)
  -------------------------------------------------------------------    -------------------
                         (clock sys_clk_pin rise edge)
                                                      0.000     0.000 r  
    W5                                                0.000     0.000 r  clk (IN)
                         net (fo=0)                   0.000     0.000    clk
    W5                   IBUF (Prop_ibuf_I_O)         1.458     1.458 r  clk_IBUF_inst/O
                         net (fo=1, routed)           1.967     3.425    clk_IBUF
    BUFGCTRL_X0Y0        BUFG (Prop_bufg_I_O)         0.096     3.521 r  clk_IBUF_BUFG_inst/O
                         net (fo=1750, routed)        1.553     5.074    AI_instance/clk_IBUF_BUFG
    SLICE_X37Y56         FDRE                                         r  AI_instance/compute_index_reg_rep[0]__107/C
  -------------------------------------------------------------------    -------------------
    SLICE_X37Y56         FDRE (Prop_fdre_C_Q)         0.456     5.530 r  AI_instance/compute_index_reg_rep[0]__107/Q
                         net (fo=15, routed)          1.062     6.592    AI_instance/compute_index_reg_rep[0]__107_n_0
    SLICE_X38Y55         LUT6 (Prop_lut6_I0_O)        0.124     6.716 r  AI_instance/g0_b6__109/O
                         net (fo=1, routed)           0.000     6.716    AI_instance/g0_b6__109_n_0
    SLICE_X38Y55         MUXF7 (Prop_muxf7_I0_O)      0.241     6.957 r  AI_instance/accumulator_reg[15]_i_821/O
                         net (fo=1, routed)           1.302     8.259    AI_instance/accumulator_reg[15]_i_821_n_0
    SLICE_X29Y48         LUT5 (Prop_lut5_I0_O)        0.298     8.557 r  AI_instance/accumulator[15]_i_540/O
                         net (fo=1, routed)           0.000     8.557    AI_instance/accumulator[15]_i_540_n_0
    SLICE_X29Y48         MUXF7 (Prop_muxf7_I1_O)      0.217     8.774 r  AI_instance/accumulator_reg[15]_i_351/O
                         net (fo=1, routed)           0.557     9.331    AI_instance/accumulator_reg[15]_i_351_n_0
    SLICE_X29Y45         LUT6 (Prop_lut6_I0_O)        0.299     9.630 r  AI_instance/accumulator[15]_i_243/O
                         net (fo=1, routed)           1.231    10.861    AI_instance/accumulator[15]_i_243_n_0
    SLICE_X29Y59         LUT6 (Prop_lut6_I0_O)        0.124    10.985 f  AI_instance/accumulator[15]_i_161/O
                         net (fo=1, routed)           0.338    11.323    AI_instance/accumulator[15]_i_161_n_0
    SLICE_X29Y59         LUT6 (Prop_lut6_I4_O)        0.124    11.447 r  AI_instance/accumulator[15]_i_83/O
                         net (fo=14, routed)          1.001    12.447    AI_instance/accumulator[15]_i_83_n_0
    SLICE_X15Y60         LUT3 (Prop_lut3_I1_O)        0.124    12.571 r  AI_instance/accumulator[15]_i_145/O
                         net (fo=1, routed)           0.000    12.571    AI_instance/accumulator[15]_i_145_n_0
    SLICE_X15Y60         CARRY4 (Prop_carry4_S[1]_O[3])
                                                      0.640    13.211 r  AI_instance/accumulator_reg[15]_i_72/O[3]
                         net (fo=3, routed)           0.904    14.116    AI_instance/accumulator_reg[15]_i_72_n_4
    SLICE_X12Y57         LUT3 (Prop_lut3_I2_O)        0.306    14.422 r  AI_instance/accumulator[15]_i_41/O
                         net (fo=1, routed)           0.333    14.755    AI_instance/accumulator[15]_i_41_n_0
    SLICE_X12Y59         CARRY4 (Prop_carry4_DI[2]_CO[3])
                                                      0.404    15.159 r  AI_instance/accumulator_reg[15]_i_21/CO[3]
                         net (fo=1, routed)           0.000    15.159    AI_instance/accumulator_reg[15]_i_21_n_0
    SLICE_X12Y60         CARRY4 (Prop_carry4_CI_O[3])
                                                      0.315    15.474 r  AI_instance/accumulator_reg[15]_i_9/O[3]
                         net (fo=4, routed)           0.582    16.056    AI_instance/accumulator1[15]
    SLICE_X14Y62         LUT2 (Prop_lut2_I0_O)        0.307    16.363 r  AI_instance/accumulator[16]_i_13/O
                         net (fo=1, routed)           0.000    16.363    AI_instance/accumulator[16]_i_13_n_0
    SLICE_X14Y62         CARRY4 (Prop_carry4_S[0]_CO[3])
                                                      0.513    16.876 r  AI_instance/accumulator_reg[16]_i_3/CO[3]
                         net (fo=1, routed)           0.000    16.876    AI_instance/accumulator_reg[16]_i_3_n_0
    SLICE_X14Y63         CARRY4 (Prop_carry4_CI_O[1])
                                                      0.323    17.199 r  AI_instance/accumulator_reg[23]_i_5/O[1]
                         net (fo=1, routed)           0.295    17.494    AI_instance/accumulator0[21]
    SLICE_X15Y63         LUT6 (Prop_lut6_I5_O)        0.306    17.800 r  AI_instance/accumulator[21]_i_1/O
                         net (fo=1, routed)           0.000    17.800    AI_instance/accumulator[21]_i_1_n_0
    SLICE_X15Y63         FDRE                                         r  AI_instance/accumulator_reg[21]/D
  -------------------------------------------------------------------    -------------------

                         (clock sys_clk_pin rise edge)
                                                     10.000    10.000 r  
    W5                                                0.000    10.000 r  clk (IN)
                         net (fo=0)                   0.000    10.000    clk
    W5                   IBUF (Prop_ibuf_I_O)         1.388    11.388 r  clk_IBUF_inst/O
                         net (fo=1, routed)           1.862    13.250    clk_IBUF
    BUFGCTRL_X0Y0        BUFG (Prop_bufg_I_O)         0.091    13.341 r  clk_IBUF_BUFG_inst/O
                         net (fo=1750, routed)        1.435    14.776    AI_instance/clk_IBUF_BUFG
    SLICE_X15Y63         FDRE                                         r  AI_instance/accumulator_reg[21]/C
                         clock pessimism              0.187    14.963    
                         clock uncertainty           -0.035    14.927    
    SLICE_X15Y63         FDRE (Setup_fdre_C_D)        0.031    14.958    AI_instance/accumulator_reg[21]
  -------------------------------------------------------------------
                         required time                         14.958    
                         arrival time                         -17.800    
  -------------------------------------------------------------------
                         slack                                 -2.842    

Slack (VIOLATED) :        -2.827ns  (required time - arrival time)
  Source:                 AI_instance/compute_index_reg_rep[0]__107/C
                            (rising edge-triggered cell FDRE clocked by sys_clk_pin  {rise@0.000ns fall@5.000ns period=10.000ns})
  Destination:            AI_instance/accumulator_reg[23]/D
                            (rising edge-triggered cell FDRE clocked by sys_clk_pin  {rise@0.000ns fall@5.000ns period=10.000ns})
  Path Group:             sys_clk_pin
  Path Type:              Setup (Max at Slow Process Corner)
  Requirement:            10.000ns  (sys_clk_pin rise@10.000ns - sys_clk_pin rise@0.000ns)
  Data Path Delay:        12.712ns  (logic 5.114ns (40.231%)  route 7.598ns (59.769%))
  Logic Levels:           16  (CARRY4=5 LUT2=1 LUT3=2 LUT5=1 LUT6=5 MUXF7=2)
  Clock Path Skew:        -0.111ns (DCD - SCD + CPR)
    Destination Clock Delay (DCD):    4.776ns = ( 14.776 - 10.000 ) 
    Source Clock Delay      (SCD):    5.074ns
    Clock Pessimism Removal (CPR):    0.187ns
  Clock Uncertainty:      0.035ns  ((TSJ^2 + TIJ^2)^1/2 + DJ) / 2 + PE
    Total System Jitter     (TSJ):    0.071ns
    Total Input Jitter      (TIJ):    0.000ns
    Discrete Jitter          (DJ):    0.000ns
    Phase Error              (PE):    0.000ns

    Location             Delay type                Incr(ns)  Path(ns)    Netlist Resource(s)
  -------------------------------------------------------------------    -------------------
                         (clock sys_clk_pin rise edge)
                                                      0.000     0.000 r  
    W5                                                0.000     0.000 r  clk (IN)
                         net (fo=0)                   0.000     0.000    clk
    W5                   IBUF (Prop_ibuf_I_O)         1.458     1.458 r  clk_IBUF_inst/O
                         net (fo=1, routed)           1.967     3.425    clk_IBUF
    BUFGCTRL_X0Y0        BUFG (Prop_bufg_I_O)         0.096     3.521 r  clk_IBUF_BUFG_inst/O
                         net (fo=1750, routed)        1.553     5.074    AI_instance/clk_IBUF_BUFG
    SLICE_X37Y56         FDRE                                         r  AI_instance/compute_index_reg_rep[0]__107/C
  -------------------------------------------------------------------    -------------------
    SLICE_X37Y56         FDRE (Prop_fdre_C_Q)         0.456     5.530 r  AI_instance/compute_index_reg_rep[0]__107/Q
                         net (fo=15, routed)          1.062     6.592    AI_instance/compute_index_reg_rep[0]__107_n_0
    SLICE_X38Y55         LUT6 (Prop_lut6_I0_O)        0.124     6.716 r  AI_instance/g0_b6__109/O
                         net (fo=1, routed)           0.000     6.716    AI_instance/g0_b6__109_n_0
    SLICE_X38Y55         MUXF7 (Prop_muxf7_I0_O)      0.241     6.957 r  AI_instance/accumulator_reg[15]_i_821/O
                         net (fo=1, routed)           1.302     8.259    AI_instance/accumulator_reg[15]_i_821_n_0
    SLICE_X29Y48         LUT5 (Prop_lut5_I0_O)        0.298     8.557 r  AI_instance/accumulator[15]_i_540/O
                         net (fo=1, routed)           0.000     8.557    AI_instance/accumulator[15]_i_540_n_0
    SLICE_X29Y48         MUXF7 (Prop_muxf7_I1_O)      0.217     8.774 r  AI_instance/accumulator_reg[15]_i_351/O
                         net (fo=1, routed)           0.557     9.331    AI_instance/accumulator_reg[15]_i_351_n_0
    SLICE_X29Y45         LUT6 (Prop_lut6_I0_O)        0.299     9.630 r  AI_instance/accumulator[15]_i_243/O
                         net (fo=1, routed)           1.231    10.861    AI_instance/accumulator[15]_i_243_n_0
    SLICE_X29Y59         LUT6 (Prop_lut6_I0_O)        0.124    10.985 f  AI_instance/accumulator[15]_i_161/O
                         net (fo=1, routed)           0.338    11.323    AI_instance/accumulator[15]_i_161_n_0
    SLICE_X29Y59         LUT6 (Prop_lut6_I4_O)        0.124    11.447 r  AI_instance/accumulator[15]_i_83/O
                         net (fo=14, routed)          1.001    12.447    AI_instance/accumulator[15]_i_83_n_0
    SLICE_X15Y60         LUT3 (Prop_lut3_I1_O)        0.124    12.571 r  AI_instance/accumulator[15]_i_145/O
                         net (fo=1, routed)           0.000    12.571    AI_instance/accumulator[15]_i_145_n_0
    SLICE_X15Y60         CARRY4 (Prop_carry4_S[1]_O[3])
                                                      0.640    13.211 r  AI_instance/accumulator_reg[15]_i_72/O[3]
                         net (fo=3, routed)           0.904    14.116    AI_instance/accumulator_reg[15]_i_72_n_4
    SLICE_X12Y57         LUT3 (Prop_lut3_I2_O)        0.306    14.422 r  AI_instance/accumulator[15]_i_41/O
                         net (fo=1, routed)           0.333    14.755    AI_instance/accumulator[15]_i_41_n_0
    SLICE_X12Y59         CARRY4 (Prop_carry4_DI[2]_CO[3])
                                                      0.404    15.159 r  AI_instance/accumulator_reg[15]_i_21/CO[3]
                         net (fo=1, routed)           0.000    15.159    AI_instance/accumulator_reg[15]_i_21_n_0
    SLICE_X12Y60         CARRY4 (Prop_carry4_CI_O[3])
                                                      0.315    15.474 r  AI_instance/accumulator_reg[15]_i_9/O[3]
                         net (fo=4, routed)           0.582    16.056    AI_instance/accumulator1[15]
    SLICE_X14Y62         LUT2 (Prop_lut2_I0_O)        0.307    16.363 r  AI_instance/accumulator[16]_i_13/O
                         net (fo=1, routed)           0.000    16.363    AI_instance/accumulator[16]_i_13_n_0
    SLICE_X14Y62         CARRY4 (Prop_carry4_S[0]_CO[3])
                                                      0.513    16.876 r  AI_instance/accumulator_reg[16]_i_3/CO[3]
                         net (fo=1, routed)           0.000    16.876    AI_instance/accumulator_reg[16]_i_3_n_0
    SLICE_X14Y63         CARRY4 (Prop_carry4_CI_O[3])
                                                      0.315    17.191 r  AI_instance/accumulator_reg[23]_i_5/O[3]
                         net (fo=1, routed)           0.288    17.479    AI_instance/accumulator0[23]
    SLICE_X13Y63         LUT6 (Prop_lut6_I5_O)        0.307    17.786 r  AI_instance/accumulator[23]_i_2/O
                         net (fo=1, routed)           0.000    17.786    AI_instance/accumulator[23]_i_2_n_0
    SLICE_X13Y63         FDRE                                         r  AI_instance/accumulator_reg[23]/D
  -------------------------------------------------------------------    -------------------

                         (clock sys_clk_pin rise edge)
                                                     10.000    10.000 r  
    W5                                                0.000    10.000 r  clk (IN)
                         net (fo=0)                   0.000    10.000    clk
    W5                   IBUF (Prop_ibuf_I_O)         1.388    11.388 r  clk_IBUF_inst/O
                         net (fo=1, routed)           1.862    13.250    clk_IBUF
    BUFGCTRL_X0Y0        BUFG (Prop_bufg_I_O)         0.091    13.341 r  clk_IBUF_BUFG_inst/O
                         net (fo=1750, routed)        1.435    14.776    AI_instance/clk_IBUF_BUFG
    SLICE_X13Y63         FDRE                                         r  AI_instance/accumulator_reg[23]/C
                         clock pessimism              0.187    14.963    
                         clock uncertainty           -0.035    14.927    
    SLICE_X13Y63         FDRE (Setup_fdre_C_D)        0.031    14.958    AI_instance/accumulator_reg[23]
  -------------------------------------------------------------------
                         required time                         14.958    
                         arrival time                         -17.786    
  -------------------------------------------------------------------
                         slack                                 -2.827    

Slack (VIOLATED) :        -2.721ns  (required time - arrival time)
  Source:                 AI_instance/compute_index_reg[0]/C
                            (rising edge-triggered cell FDRE clocked by sys_clk_pin  {rise@0.000ns fall@5.000ns period=10.000ns})
  Destination:            AI_instance/accumulator_reg[14]/D
                            (rising edge-triggered cell FDRE clocked by sys_clk_pin  {rise@0.000ns fall@5.000ns period=10.000ns})
  Path Group:             sys_clk_pin
  Path Type:              Setup (Max at Slow Process Corner)
  Requirement:            10.000ns  (sys_clk_pin rise@10.000ns - sys_clk_pin rise@0.000ns)
  Data Path Delay:        12.721ns  (logic 4.932ns (38.770%)  route 7.789ns (61.230%))
  Logic Levels:           17  (CARRY4=6 LUT2=1 LUT3=4 LUT6=5 MUXF7=1)
  Clock Path Skew:        -0.042ns (DCD - SCD + CPR)
    Destination Clock Delay (DCD):    4.776ns = ( 14.776 - 10.000 ) 
    Source Clock Delay      (SCD):    5.076ns
    Clock Pessimism Removal (CPR):    0.258ns
  Clock Uncertainty:      0.035ns  ((TSJ^2 + TIJ^2)^1/2 + DJ) / 2 + PE
    Total System Jitter     (TSJ):    0.071ns
    Total Input Jitter      (TIJ):    0.000ns
    Discrete Jitter          (DJ):    0.000ns
    Phase Error              (PE):    0.000ns

    Location             Delay type                Incr(ns)  Path(ns)    Netlist Resource(s)
  -------------------------------------------------------------------    -------------------
                         (clock sys_clk_pin rise edge)
                                                      0.000     0.000 r  
    W5                                                0.000     0.000 r  clk (IN)
                         net (fo=0)                   0.000     0.000    clk
    W5                   IBUF (Prop_ibuf_I_O)         1.458     1.458 r  clk_IBUF_inst/O
                         net (fo=1, routed)           1.967     3.425    clk_IBUF
    BUFGCTRL_X0Y0        BUFG (Prop_bufg_I_O)         0.096     3.521 r  clk_IBUF_BUFG_inst/O
                         net (fo=1750, routed)        1.555     5.076    AI_instance/clk_IBUF_BUFG
    SLICE_X29Y51         FDRE                                         r  AI_instance/compute_index_reg[0]/C
  -------------------------------------------------------------------    -------------------
    SLICE_X29Y51         FDRE (Prop_fdre_C_Q)         0.456     5.532 r  AI_instance/compute_index_reg[0]/Q
                         net (fo=168, routed)         1.285     6.816    AI_instance/compute_index_reg_n_0_[0]
    SLICE_X30Y56         LUT6 (Prop_lut6_I0_O)        0.124     6.940 r  AI_instance/g1_b2__113/O
                         net (fo=2, routed)           0.617     7.557    AI_instance/g1_b2__113_n_0
    SLICE_X30Y57         LUT3 (Prop_lut3_I0_O)        0.124     7.681 r  AI_instance/accumulator[0]_i_1242/O
                         net (fo=1, routed)           0.945     8.627    AI_instance/accumulator[0]_i_1242_n_0
    SLICE_X29Y58         LUT6 (Prop_lut6_I0_O)        0.124     8.751 r  AI_instance/accumulator[0]_i_843/O
                         net (fo=1, routed)           0.000     8.751    AI_instance/accumulator[0]_i_843_n_0
    SLICE_X29Y58         MUXF7 (Prop_muxf7_I1_O)      0.245     8.996 r  AI_instance/accumulator_reg[0]_i_480/O
                         net (fo=1, routed)           0.862     9.857    AI_instance/accumulator_reg[0]_i_480_n_0
    SLICE_X28Y56         LUT6 (Prop_lut6_I1_O)        0.298    10.155 r  AI_instance/accumulator[0]_i_250/O
                         net (fo=2, routed)           0.736    10.892    AI_instance/accumulator[0]_i_250_n_0
    SLICE_X14Y55         LUT3 (Prop_lut3_I2_O)        0.124    11.016 r  AI_instance/accumulator[0]_i_110/O
                         net (fo=2, routed)           0.439    11.455    AI_instance/accumulator[0]_i_110_n_0
    SLICE_X14Y54         LUT6 (Prop_lut6_I1_O)        0.124    11.579 r  AI_instance/accumulator[0]_i_60/O
                         net (fo=13, routed)          0.630    12.209    AI_instance/accumulator[0]_i_60_n_0
    SLICE_X15Y54         LUT3 (Prop_lut3_I2_O)        0.124    12.333 r  AI_instance/accumulator[0]_i_41/O
                         net (fo=1, routed)           0.000    12.333    AI_instance/accumulator[0]_i_41_n_0
    SLICE_X15Y54         CARRY4 (Prop_carry4_S[1]_CO[3])
                                                      0.550    12.883 r  AI_instance/accumulator_reg[0]_i_15/CO[3]
                         net (fo=1, routed)           0.000    12.883    AI_instance/accumulator_reg[0]_i_15_n_0
    SLICE_X15Y55         CARRY4 (Prop_carry4_CI_O[2])
                                                      0.239    13.122 r  AI_instance/accumulator_reg[15]_i_73/O[2]
                         net (fo=3, routed)           0.730    13.852    AI_instance/accumulator_reg[15]_i_73_n_5
    SLICE_X12Y57         LUT3 (Prop_lut3_I1_O)        0.302    14.154 r  AI_instance/accumulator[4]_i_22/O
                         net (fo=1, routed)           0.520    14.674    AI_instance/accumulator[4]_i_22_n_0
    SLICE_X12Y58         CARRY4 (Prop_carry4_DI[3]_CO[3])
                                                      0.396    15.070 r  AI_instance/accumulator_reg[4]_i_13/CO[3]
                         net (fo=1, routed)           0.000    15.070    AI_instance/accumulator_reg[4]_i_13_n_0
    SLICE_X12Y59         CARRY4 (Prop_carry4_CI_O[1])
                                                      0.323    15.393 r  AI_instance/accumulator_reg[15]_i_21/O[1]
                         net (fo=1, routed)           0.424    15.817    AI_instance/accumulator1[9]
    SLICE_X14Y60         LUT2 (Prop_lut2_I1_O)        0.306    16.123 r  AI_instance/accumulator[8]_i_10/O
                         net (fo=1, routed)           0.000    16.123    AI_instance/accumulator[8]_i_10_n_0
    SLICE_X14Y60         CARRY4 (Prop_carry4_S[1]_CO[3])
                                                      0.533    16.656 r  AI_instance/accumulator_reg[8]_i_3/CO[3]
                         net (fo=1, routed)           0.000    16.656    AI_instance/accumulator_reg[8]_i_3_n_0
    SLICE_X14Y61         CARRY4 (Prop_carry4_CI_O[2])
                                                      0.239    16.895 r  AI_instance/accumulator_reg[15]_i_3/O[2]
                         net (fo=1, routed)           0.601    17.496    AI_instance/accumulator0[14]
    SLICE_X12Y63         LUT6 (Prop_lut6_I5_O)        0.301    17.797 r  AI_instance/accumulator[14]_i_1/O
                         net (fo=1, routed)           0.000    17.797    AI_instance/accumulator[14]_i_1_n_0
    SLICE_X12Y63         FDRE                                         r  AI_instance/accumulator_reg[14]/D
  -------------------------------------------------------------------    -------------------

                         (clock sys_clk_pin rise edge)
                                                     10.000    10.000 r  
    W5                                                0.000    10.000 r  clk (IN)
                         net (fo=0)                   0.000    10.000    clk
    W5                   IBUF (Prop_ibuf_I_O)         1.388    11.388 r  clk_IBUF_inst/O
                         net (fo=1, routed)           1.862    13.250    clk_IBUF
    BUFGCTRL_X0Y0        BUFG (Prop_bufg_I_O)         0.091    13.341 r  clk_IBUF_BUFG_inst/O
                         net (fo=1750, routed)        1.435    14.776    AI_instance/clk_IBUF_BUFG
    SLICE_X12Y63         FDRE                                         r  AI_instance/accumulator_reg[14]/C
                         clock pessimism              0.258    15.034    
                         clock uncertainty           -0.035    14.999    
    SLICE_X12Y63         FDRE (Setup_fdre_C_D)        0.077    15.076    AI_instance/accumulator_reg[14]
  -------------------------------------------------------------------
                         required time                         15.076    
                         arrival time                         -17.797    
  -------------------------------------------------------------------
                         slack                                 -2.721    

Slack (VIOLATED) :        -2.717ns  (required time - arrival time)
  Source:                 AI_instance/compute_index_reg_rep[0]__107/C
                            (rising edge-triggered cell FDRE clocked by sys_clk_pin  {rise@0.000ns fall@5.000ns period=10.000ns})
  Destination:            AI_instance/accumulator_reg[20]/D
                            (rising edge-triggered cell FDRE clocked by sys_clk_pin  {rise@0.000ns fall@5.000ns period=10.000ns})
  Path Group:             sys_clk_pin
  Path Type:              Setup (Max at Slow Process Corner)
  Requirement:            10.000ns  (sys_clk_pin rise@10.000ns - sys_clk_pin rise@0.000ns)
  Data Path Delay:        12.601ns  (logic 5.006ns (39.726%)  route 7.595ns (60.274%))
  Logic Levels:           16  (CARRY4=5 LUT2=1 LUT3=2 LUT5=1 LUT6=5 MUXF7=2)
  Clock Path Skew:        -0.111ns (DCD - SCD + CPR)
    Destination Clock Delay (DCD):    4.776ns = ( 14.776 - 10.000 ) 
    Source Clock Delay      (SCD):    5.074ns
    Clock Pessimism Removal (CPR):    0.187ns
  Clock Uncertainty:      0.035ns  ((TSJ^2 + TIJ^2)^1/2 + DJ) / 2 + PE
    Total System Jitter     (TSJ):    0.071ns
    Total Input Jitter      (TIJ):    0.000ns
    Discrete Jitter          (DJ):    0.000ns
    Phase Error              (PE):    0.000ns

    Location             Delay type                Incr(ns)  Path(ns)    Netlist Resource(s)
  -------------------------------------------------------------------    -------------------
                         (clock sys_clk_pin rise edge)
                                                      0.000     0.000 r  
    W5                                                0.000     0.000 r  clk (IN)
                         net (fo=0)                   0.000     0.000    clk
    W5                   IBUF (Prop_ibuf_I_O)         1.458     1.458 r  clk_IBUF_inst/O
                         net (fo=1, routed)           1.967     3.425    clk_IBUF
    BUFGCTRL_X0Y0        BUFG (Prop_bufg_I_O)         0.096     3.521 r  clk_IBUF_BUFG_inst/O
                         net (fo=1750, routed)        1.553     5.074    AI_instance/clk_IBUF_BUFG
    SLICE_X37Y56         FDRE                                         r  AI_instance/compute_index_reg_rep[0]__107/C
  -------------------------------------------------------------------    -------------------
    SLICE_X37Y56         FDRE (Prop_fdre_C_Q)         0.456     5.530 r  AI_instance/compute_index_reg_rep[0]__107/Q
                         net (fo=15, routed)          1.062     6.592    AI_instance/compute_index_reg_rep[0]__107_n_0
    SLICE_X38Y55         LUT6 (Prop_lut6_I0_O)        0.124     6.716 r  AI_instance/g0_b6__109/O
                         net (fo=1, routed)           0.000     6.716    AI_instance/g0_b6__109_n_0
    SLICE_X38Y55         MUXF7 (Prop_muxf7_I0_O)      0.241     6.957 r  AI_instance/accumulator_reg[15]_i_821/O
                         net (fo=1, routed)           1.302     8.259    AI_instance/accumulator_reg[15]_i_821_n_0
    SLICE_X29Y48         LUT5 (Prop_lut5_I0_O)        0.298     8.557 r  AI_instance/accumulator[15]_i_540/O
                         net (fo=1, routed)           0.000     8.557    AI_instance/accumulator[15]_i_540_n_0
    SLICE_X29Y48         MUXF7 (Prop_muxf7_I1_O)      0.217     8.774 r  AI_instance/accumulator_reg[15]_i_351/O
                         net (fo=1, routed)           0.557     9.331    AI_instance/accumulator_reg[15]_i_351_n_0
    SLICE_X29Y45         LUT6 (Prop_lut6_I0_O)        0.299     9.630 r  AI_instance/accumulator[15]_i_243/O
                         net (fo=1, routed)           1.231    10.861    AI_instance/accumulator[15]_i_243_n_0
    SLICE_X29Y59         LUT6 (Prop_lut6_I0_O)        0.124    10.985 f  AI_instance/accumulator[15]_i_161/O
                         net (fo=1, routed)           0.338    11.323    AI_instance/accumulator[15]_i_161_n_0
    SLICE_X29Y59         LUT6 (Prop_lut6_I4_O)        0.124    11.447 r  AI_instance/accumulator[15]_i_83/O
                         net (fo=14, routed)          1.001    12.447    AI_instance/accumulator[15]_i_83_n_0
    SLICE_X15Y60         LUT3 (Prop_lut3_I1_O)        0.124    12.571 r  AI_instance/accumulator[15]_i_145/O
                         net (fo=1, routed)           0.000    12.571    AI_instance/accumulator[15]_i_145_n_0
    SLICE_X15Y60         CARRY4 (Prop_carry4_S[1]_O[3])
                                                      0.640    13.211 r  AI_instance/accumulator_reg[15]_i_72/O[3]
                         net (fo=3, routed)           0.904    14.116    AI_instance/accumulator_reg[15]_i_72_n_4
    SLICE_X12Y57         LUT3 (Prop_lut3_I2_O)        0.306    14.422 r  AI_instance/accumulator[15]_i_41/O
                         net (fo=1, routed)           0.333    14.755    AI_instance/accumulator[15]_i_41_n_0
    SLICE_X12Y59         CARRY4 (Prop_carry4_DI[2]_CO[3])
                                                      0.404    15.159 r  AI_instance/accumulator_reg[15]_i_21/CO[3]
                         net (fo=1, routed)           0.000    15.159    AI_instance/accumulator_reg[15]_i_21_n_0
    SLICE_X12Y60         CARRY4 (Prop_carry4_CI_O[3])
                                                      0.315    15.474 r  AI_instance/accumulator_reg[15]_i_9/O[3]
                         net (fo=4, routed)           0.582    16.056    AI_instance/accumulator1[15]
    SLICE_X14Y62         LUT2 (Prop_lut2_I0_O)        0.307    16.363 r  AI_instance/accumulator[16]_i_13/O
                         net (fo=1, routed)           0.000    16.363    AI_instance/accumulator[16]_i_13_n_0
    SLICE_X14Y62         CARRY4 (Prop_carry4_S[0]_CO[3])
                                                      0.513    16.876 r  AI_instance/accumulator_reg[16]_i_3/CO[3]
                         net (fo=1, routed)           0.000    16.876    AI_instance/accumulator_reg[16]_i_3_n_0
    SLICE_X14Y63         CARRY4 (Prop_carry4_CI_O[0])
                                                      0.219    17.095 r  AI_instance/accumulator_reg[23]_i_5/O[0]
                         net (fo=1, routed)           0.286    17.380    AI_instance/accumulator0[20]
    SLICE_X13Y63         LUT6 (Prop_lut6_I5_O)        0.295    17.675 r  AI_instance/accumulator[20]_i_1/O
                         net (fo=1, routed)           0.000    17.675    AI_instance/accumulator[20]_i_1_n_0
    SLICE_X13Y63         FDRE                                         r  AI_instance/accumulator_reg[20]/D
  -------------------------------------------------------------------    -------------------

                         (clock sys_clk_pin rise edge)
                                                     10.000    10.000 r  
    W5                                                0.000    10.000 r  clk (IN)
                         net (fo=0)                   0.000    10.000    clk
    W5                   IBUF (Prop_ibuf_I_O)         1.388    11.388 r  clk_IBUF_inst/O
                         net (fo=1, routed)           1.862    13.250    clk_IBUF
    BUFGCTRL_X0Y0        BUFG (Prop_bufg_I_O)         0.091    13.341 r  clk_IBUF_BUFG_inst/O
                         net (fo=1750, routed)        1.435    14.776    AI_instance/clk_IBUF_BUFG
    SLICE_X13Y63         FDRE                                         r  AI_instance/accumulator_reg[20]/C
                         clock pessimism              0.187    14.963    
                         clock uncertainty           -0.035    14.927    
    SLICE_X13Y63         FDRE (Setup_fdre_C_D)        0.031    14.958    AI_instance/accumulator_reg[20]
  -------------------------------------------------------------------
                         required time                         14.958    
                         arrival time                         -17.675    
  -------------------------------------------------------------------
                         slack                                 -2.717    

Slack (VIOLATED) :        -2.714ns  (required time - arrival time)
  Source:                 AI_instance/compute_index_reg_rep[0]__107/C
                            (rising edge-triggered cell FDRE clocked by sys_clk_pin  {rise@0.000ns fall@5.000ns period=10.000ns})
  Destination:            AI_instance/accumulator_reg[17]/D
                            (rising edge-triggered cell FDRE clocked by sys_clk_pin  {rise@0.000ns fall@5.000ns period=10.000ns})
  Path Group:             sys_clk_pin
  Path Type:              Setup (Max at Slow Process Corner)
  Requirement:            10.000ns  (sys_clk_pin rise@10.000ns - sys_clk_pin rise@0.000ns)
  Data Path Delay:        12.597ns  (logic 4.984ns (39.565%)  route 7.613ns (60.435%))
  Logic Levels:           16  (CARRY4=5 LUT2=1 LUT3=2 LUT5=1 LUT6=5 MUXF7=2)
  Clock Path Skew:        -0.110ns (DCD - SCD + CPR)
    Destination Clock Delay (DCD):    4.777ns = ( 14.777 - 10.000 ) 
    Source Clock Delay      (SCD):    5.074ns
    Clock Pessimism Removal (CPR):    0.187ns
  Clock Uncertainty:      0.035ns  ((TSJ^2 + TIJ^2)^1/2 + DJ) / 2 + PE
    Total System Jitter     (TSJ):    0.071ns
    Total Input Jitter      (TIJ):    0.000ns
    Discrete Jitter          (DJ):    0.000ns
    Phase Error              (PE):    0.000ns

    Location             Delay type                Incr(ns)  Path(ns)    Netlist Resource(s)
  -------------------------------------------------------------------    -------------------
                         (clock sys_clk_pin rise edge)
                                                      0.000     0.000 r  
    W5                                                0.000     0.000 r  clk (IN)
                         net (fo=0)                   0.000     0.000    clk
    W5                   IBUF (Prop_ibuf_I_O)         1.458     1.458 r  clk_IBUF_inst/O
                         net (fo=1, routed)           1.967     3.425    clk_IBUF
    BUFGCTRL_X0Y0        BUFG (Prop_bufg_I_O)         0.096     3.521 r  clk_IBUF_BUFG_inst/O
                         net (fo=1750, routed)        1.553     5.074    AI_instance/clk_IBUF_BUFG
    SLICE_X37Y56         FDRE                                         r  AI_instance/compute_index_reg_rep[0]__107/C
  -------------------------------------------------------------------    -------------------
    SLICE_X37Y56         FDRE (Prop_fdre_C_Q)         0.456     5.530 r  AI_instance/compute_index_reg_rep[0]__107/Q
                         net (fo=15, routed)          1.062     6.592    AI_instance/compute_index_reg_rep[0]__107_n_0
    SLICE_X38Y55         LUT6 (Prop_lut6_I0_O)        0.124     6.716 r  AI_instance/g0_b6__109/O
                         net (fo=1, routed)           0.000     6.716    AI_instance/g0_b6__109_n_0
    SLICE_X38Y55         MUXF7 (Prop_muxf7_I0_O)      0.241     6.957 r  AI_instance/accumulator_reg[15]_i_821/O
                         net (fo=1, routed)           1.302     8.259    AI_instance/accumulator_reg[15]_i_821_n_0
    SLICE_X29Y48         LUT5 (Prop_lut5_I0_O)        0.298     8.557 r  AI_instance/accumulator[15]_i_540/O
                         net (fo=1, routed)           0.000     8.557    AI_instance/accumulator[15]_i_540_n_0
    SLICE_X29Y48         MUXF7 (Prop_muxf7_I1_O)      0.217     8.774 r  AI_instance/accumulator_reg[15]_i_351/O
                         net (fo=1, routed)           0.557     9.331    AI_instance/accumulator_reg[15]_i_351_n_0
    SLICE_X29Y45         LUT6 (Prop_lut6_I0_O)        0.299     9.630 r  AI_instance/accumulator[15]_i_243/O
                         net (fo=1, routed)           1.231    10.861    AI_instance/accumulator[15]_i_243_n_0
    SLICE_X29Y59         LUT6 (Prop_lut6_I0_O)        0.124    10.985 f  AI_instance/accumulator[15]_i_161/O
                         net (fo=1, routed)           0.338    11.323    AI_instance/accumulator[15]_i_161_n_0
    SLICE_X29Y59         LUT6 (Prop_lut6_I4_O)        0.124    11.447 r  AI_instance/accumulator[15]_i_83/O
                         net (fo=14, routed)          1.001    12.447    AI_instance/accumulator[15]_i_83_n_0
    SLICE_X15Y60         LUT3 (Prop_lut3_I1_O)        0.124    12.571 r  AI_instance/accumulator[15]_i_145/O
                         net (fo=1, routed)           0.000    12.571    AI_instance/accumulator[15]_i_145_n_0
    SLICE_X15Y60         CARRY4 (Prop_carry4_S[1]_O[3])
                                                      0.640    13.211 r  AI_instance/accumulator_reg[15]_i_72/O[3]
                         net (fo=3, routed)           0.904    14.116    AI_instance/accumulator_reg[15]_i_72_n_4
    SLICE_X12Y57         LUT3 (Prop_lut3_I2_O)        0.306    14.422 r  AI_instance/accumulator[15]_i_41/O
                         net (fo=1, routed)           0.333    14.755    AI_instance/accumulator[15]_i_41_n_0
    SLICE_X12Y59         CARRY4 (Prop_carry4_DI[2]_CO[3])
                                                      0.404    15.159 r  AI_instance/accumulator_reg[15]_i_21/CO[3]
                         net (fo=1, routed)           0.000    15.159    AI_instance/accumulator_reg[15]_i_21_n_0
    SLICE_X12Y60         CARRY4 (Prop_carry4_CI_O[3])
                                                      0.315    15.474 r  AI_instance/accumulator_reg[15]_i_9/O[3]
                         net (fo=4, routed)           0.593    16.067    AI_instance/accumulator1[15]
    SLICE_X14Y61         LUT2 (Prop_lut2_I0_O)        0.307    16.374 r  AI_instance/accumulator[15]_i_10/O
                         net (fo=1, routed)           0.000    16.374    AI_instance/accumulator[15]_i_10_n_0
    SLICE_X14Y61         CARRY4 (Prop_carry4_S[3]_CO[3])
                                                      0.376    16.750 r  AI_instance/accumulator_reg[15]_i_3/CO[3]
                         net (fo=1, routed)           0.000    16.750    AI_instance/accumulator_reg[15]_i_3_n_0
    SLICE_X14Y62         CARRY4 (Prop_carry4_CI_O[1])
                                                      0.323    17.073 r  AI_instance/accumulator_reg[16]_i_3/O[1]
                         net (fo=1, routed)           0.292    17.365    AI_instance/accumulator0[17]
    SLICE_X13Y62         LUT6 (Prop_lut6_I5_O)        0.306    17.671 r  AI_instance/accumulator[17]_i_1/O
                         net (fo=1, routed)           0.000    17.671    AI_instance/accumulator[17]_i_1_n_0
    SLICE_X13Y62         FDRE                                         r  AI_instance/accumulator_reg[17]/D
  -------------------------------------------------------------------    -------------------

                         (clock sys_clk_pin rise edge)
                                                     10.000    10.000 r  
    W5                                                0.000    10.000 r  clk (IN)
                         net (fo=0)                   0.000    10.000    clk
    W5                   IBUF (Prop_ibuf_I_O)         1.388    11.388 r  clk_IBUF_inst/O
                         net (fo=1, routed)           1.862    13.250    clk_IBUF
    BUFGCTRL_X0Y0        BUFG (Prop_bufg_I_O)         0.091    13.341 r  clk_IBUF_BUFG_inst/O
                         net (fo=1750, routed)        1.436    14.777    AI_instance/clk_IBUF_BUFG
    SLICE_X13Y62         FDRE                                         r  AI_instance/accumulator_reg[17]/C
                         clock pessimism              0.187    14.964    
                         clock uncertainty           -0.035    14.928    
    SLICE_X13Y62         FDRE (Setup_fdre_C_D)        0.029    14.957    AI_instance/accumulator_reg[17]
  -------------------------------------------------------------------
                         required time                         14.957    
                         arrival time                         -17.671    
  -------------------------------------------------------------------
                         slack                                 -2.714    

Slack (VIOLATED) :        -2.710ns  (required time - arrival time)
  Source:                 AI_instance/compute_index_reg[0]/C
                            (rising edge-triggered cell FDRE clocked by sys_clk_pin  {rise@0.000ns fall@5.000ns period=10.000ns})
  Destination:            AI_instance/accumulator_reg[13]/D
                            (rising edge-triggered cell FDRE clocked by sys_clk_pin  {rise@0.000ns fall@5.000ns period=10.000ns})
  Path Group:             sys_clk_pin
  Path Type:              Setup (Max at Slow Process Corner)
  Requirement:            10.000ns  (sys_clk_pin rise@10.000ns - sys_clk_pin rise@0.000ns)
  Data Path Delay:        12.667ns  (logic 5.021ns (39.640%)  route 7.646ns (60.360%))
  Logic Levels:           17  (CARRY4=6 LUT2=1 LUT3=4 LUT6=5 MUXF7=1)
  Clock Path Skew:        -0.039ns (DCD - SCD + CPR)
    Destination Clock Delay (DCD):    4.779ns = ( 14.779 - 10.000 ) 
    Source Clock Delay      (SCD):    5.076ns
    Clock Pessimism Removal (CPR):    0.258ns
  Clock Uncertainty:      0.035ns  ((TSJ^2 + TIJ^2)^1/2 + DJ) / 2 + PE
    Total System Jitter     (TSJ):    0.071ns
    Total Input Jitter      (TIJ):    0.000ns
    Discrete Jitter          (DJ):    0.000ns
    Phase Error              (PE):    0.000ns

    Location             Delay type                Incr(ns)  Path(ns)    Netlist Resource(s)
  -------------------------------------------------------------------    -------------------
                         (clock sys_clk_pin rise edge)
                                                      0.000     0.000 r  
    W5                                                0.000     0.000 r  clk (IN)
                         net (fo=0)                   0.000     0.000    clk
    W5                   IBUF (Prop_ibuf_I_O)         1.458     1.458 r  clk_IBUF_inst/O
                         net (fo=1, routed)           1.967     3.425    clk_IBUF
    BUFGCTRL_X0Y0        BUFG (Prop_bufg_I_O)         0.096     3.521 r  clk_IBUF_BUFG_inst/O
                         net (fo=1750, routed)        1.555     5.076    AI_instance/clk_IBUF_BUFG
    SLICE_X29Y51         FDRE                                         r  AI_instance/compute_index_reg[0]/C
  -------------------------------------------------------------------    -------------------
    SLICE_X29Y51         FDRE (Prop_fdre_C_Q)         0.456     5.532 r  AI_instance/compute_index_reg[0]/Q
                         net (fo=168, routed)         1.285     6.816    AI_instance/compute_index_reg_n_0_[0]
    SLICE_X30Y56         LUT6 (Prop_lut6_I0_O)        0.124     6.940 r  AI_instance/g1_b2__113/O
                         net (fo=2, routed)           0.617     7.557    AI_instance/g1_b2__113_n_0
    SLICE_X30Y57         LUT3 (Prop_lut3_I0_O)        0.124     7.681 r  AI_instance/accumulator[0]_i_1242/O
                         net (fo=1, routed)           0.945     8.627    AI_instance/accumulator[0]_i_1242_n_0
    SLICE_X29Y58         LUT6 (Prop_lut6_I0_O)        0.124     8.751 r  AI_instance/accumulator[0]_i_843/O
                         net (fo=1, routed)           0.000     8.751    AI_instance/accumulator[0]_i_843_n_0
    SLICE_X29Y58         MUXF7 (Prop_muxf7_I1_O)      0.245     8.996 r  AI_instance/accumulator_reg[0]_i_480/O
                         net (fo=1, routed)           0.862     9.857    AI_instance/accumulator_reg[0]_i_480_n_0
    SLICE_X28Y56         LUT6 (Prop_lut6_I1_O)        0.298    10.155 r  AI_instance/accumulator[0]_i_250/O
                         net (fo=2, routed)           0.736    10.892    AI_instance/accumulator[0]_i_250_n_0
    SLICE_X14Y55         LUT3 (Prop_lut3_I2_O)        0.124    11.016 r  AI_instance/accumulator[0]_i_110/O
                         net (fo=2, routed)           0.439    11.455    AI_instance/accumulator[0]_i_110_n_0
    SLICE_X14Y54         LUT6 (Prop_lut6_I1_O)        0.124    11.579 r  AI_instance/accumulator[0]_i_60/O
                         net (fo=13, routed)          0.630    12.209    AI_instance/accumulator[0]_i_60_n_0
    SLICE_X15Y54         LUT3 (Prop_lut3_I2_O)        0.124    12.333 r  AI_instance/accumulator[0]_i_41/O
                         net (fo=1, routed)           0.000    12.333    AI_instance/accumulator[0]_i_41_n_0
    SLICE_X15Y54         CARRY4 (Prop_carry4_S[1]_CO[3])
                                                      0.550    12.883 r  AI_instance/accumulator_reg[0]_i_15/CO[3]
                         net (fo=1, routed)           0.000    12.883    AI_instance/accumulator_reg[0]_i_15_n_0
    SLICE_X15Y55         CARRY4 (Prop_carry4_CI_O[2])
                                                      0.239    13.122 r  AI_instance/accumulator_reg[15]_i_73/O[2]
                         net (fo=3, routed)           0.730    13.852    AI_instance/accumulator_reg[15]_i_73_n_5
    SLICE_X12Y57         LUT3 (Prop_lut3_I1_O)        0.302    14.154 r  AI_instance/accumulator[4]_i_22/O
                         net (fo=1, routed)           0.520    14.674    AI_instance/accumulator[4]_i_22_n_0
    SLICE_X12Y58         CARRY4 (Prop_carry4_DI[3]_CO[3])
                                                      0.396    15.070 r  AI_instance/accumulator_reg[4]_i_13/CO[3]
                         net (fo=1, routed)           0.000    15.070    AI_instance/accumulator_reg[4]_i_13_n_0
    SLICE_X12Y59         CARRY4 (Prop_carry4_CI_O[1])
                                                      0.323    15.393 r  AI_instance/accumulator_reg[15]_i_21/O[1]
                         net (fo=1, routed)           0.424    15.817    AI_instance/accumulator1[9]
    SLICE_X14Y60         LUT2 (Prop_lut2_I1_O)        0.306    16.123 r  AI_instance/accumulator[8]_i_10/O
                         net (fo=1, routed)           0.000    16.123    AI_instance/accumulator[8]_i_10_n_0
    SLICE_X14Y60         CARRY4 (Prop_carry4_S[1]_CO[3])
                                                      0.533    16.656 r  AI_instance/accumulator_reg[8]_i_3/CO[3]
                         net (fo=1, routed)           0.000    16.656    AI_instance/accumulator_reg[8]_i_3_n_0
    SLICE_X14Y61         CARRY4 (Prop_carry4_CI_O[1])
                                                      0.323    16.979 r  AI_instance/accumulator_reg[15]_i_3/O[1]
                         net (fo=1, routed)           0.457    17.436    AI_instance/accumulator0[13]
    SLICE_X11Y61         LUT6 (Prop_lut6_I5_O)        0.306    17.742 r  AI_instance/accumulator[13]_i_1/O
                         net (fo=1, routed)           0.000    17.742    AI_instance/accumulator[13]_i_1_n_0
    SLICE_X11Y61         FDRE                                         r  AI_instance/accumulator_reg[13]/D
  -------------------------------------------------------------------    -------------------

                         (clock sys_clk_pin rise edge)
                                                     10.000    10.000 r  
    W5                                                0.000    10.000 r  clk (IN)
                         net (fo=0)                   0.000    10.000    clk
    W5                   IBUF (Prop_ibuf_I_O)         1.388    11.388 r  clk_IBUF_inst/O
                         net (fo=1, routed)           1.862    13.250    clk_IBUF
    BUFGCTRL_X0Y0        BUFG (Prop_bufg_I_O)         0.091    13.341 r  clk_IBUF_BUFG_inst/O
                         net (fo=1750, routed)        1.438    14.779    AI_instance/clk_IBUF_BUFG
    SLICE_X11Y61         FDRE                                         r  AI_instance/accumulator_reg[13]/C
                         clock pessimism              0.258    15.037    
                         clock uncertainty           -0.035    15.002    
    SLICE_X11Y61         FDRE (Setup_fdre_C_D)        0.031    15.033    AI_instance/accumulator_reg[13]
  -------------------------------------------------------------------
                         required time                         15.033    
                         arrival time                         -17.742    
  -------------------------------------------------------------------
                         slack                                 -2.710    

Slack (VIOLATED) :        -2.700ns  (required time - arrival time)
  Source:                 AI_instance/compute_index_reg_rep[0]__107/C
                            (rising edge-triggered cell FDRE clocked by sys_clk_pin  {rise@0.000ns fall@5.000ns period=10.000ns})
  Destination:            AI_instance/accumulator_reg[19]/D
                            (rising edge-triggered cell FDRE clocked by sys_clk_pin  {rise@0.000ns fall@5.000ns period=10.000ns})
  Path Group:             sys_clk_pin
  Path Type:              Setup (Max at Slow Process Corner)
  Requirement:            10.000ns  (sys_clk_pin rise@10.000ns - sys_clk_pin rise@0.000ns)
  Data Path Delay:        12.586ns  (logic 4.977ns (39.545%)  route 7.609ns (60.455%))
  Logic Levels:           16  (CARRY4=5 LUT2=1 LUT3=2 LUT5=1 LUT6=5 MUXF7=2)
  Clock Path Skew:        -0.110ns (DCD - SCD + CPR)
    Destination Clock Delay (DCD):    4.777ns = ( 14.777 - 10.000 ) 
    Source Clock Delay      (SCD):    5.074ns
    Clock Pessimism Removal (CPR):    0.187ns
  Clock Uncertainty:      0.035ns  ((TSJ^2 + TIJ^2)^1/2 + DJ) / 2 + PE
    Total System Jitter     (TSJ):    0.071ns
    Total Input Jitter      (TIJ):    0.000ns
    Discrete Jitter          (DJ):    0.000ns
    Phase Error              (PE):    0.000ns

    Location             Delay type                Incr(ns)  Path(ns)    Netlist Resource(s)
  -------------------------------------------------------------------    -------------------
                         (clock sys_clk_pin rise edge)
                                                      0.000     0.000 r  
    W5                                                0.000     0.000 r  clk (IN)
                         net (fo=0)                   0.000     0.000    clk
    W5                   IBUF (Prop_ibuf_I_O)         1.458     1.458 r  clk_IBUF_inst/O
                         net (fo=1, routed)           1.967     3.425    clk_IBUF
    BUFGCTRL_X0Y0        BUFG (Prop_bufg_I_O)         0.096     3.521 r  clk_IBUF_BUFG_inst/O
                         net (fo=1750, routed)        1.553     5.074    AI_instance/clk_IBUF_BUFG
    SLICE_X37Y56         FDRE                                         r  AI_instance/compute_index_reg_rep[0]__107/C
  -------------------------------------------------------------------    -------------------
    SLICE_X37Y56         FDRE (Prop_fdre_C_Q)         0.456     5.530 r  AI_instance/compute_index_reg_rep[0]__107/Q
                         net (fo=15, routed)          1.062     6.592    AI_instance/compute_index_reg_rep[0]__107_n_0
    SLICE_X38Y55         LUT6 (Prop_lut6_I0_O)        0.124     6.716 r  AI_instance/g0_b6__109/O
                         net (fo=1, routed)           0.000     6.716    AI_instance/g0_b6__109_n_0
    SLICE_X38Y55         MUXF7 (Prop_muxf7_I0_O)      0.241     6.957 r  AI_instance/accumulator_reg[15]_i_821/O
                         net (fo=1, routed)           1.302     8.259    AI_instance/accumulator_reg[15]_i_821_n_0
    SLICE_X29Y48         LUT5 (Prop_lut5_I0_O)        0.298     8.557 r  AI_instance/accumulator[15]_i_540/O
                         net (fo=1, routed)           0.000     8.557    AI_instance/accumulator[15]_i_540_n_0
    SLICE_X29Y48         MUXF7 (Prop_muxf7_I1_O)      0.217     8.774 r  AI_instance/accumulator_reg[15]_i_351/O
                         net (fo=1, routed)           0.557     9.331    AI_instance/accumulator_reg[15]_i_351_n_0
    SLICE_X29Y45         LUT6 (Prop_lut6_I0_O)        0.299     9.630 r  AI_instance/accumulator[15]_i_243/O
                         net (fo=1, routed)           1.231    10.861    AI_instance/accumulator[15]_i_243_n_0
    SLICE_X29Y59         LUT6 (Prop_lut6_I0_O)        0.124    10.985 f  AI_instance/accumulator[15]_i_161/O
                         net (fo=1, routed)           0.338    11.323    AI_instance/accumulator[15]_i_161_n_0
    SLICE_X29Y59         LUT6 (Prop_lut6_I4_O)        0.124    11.447 r  AI_instance/accumulator[15]_i_83/O
                         net (fo=14, routed)          1.001    12.447    AI_instance/accumulator[15]_i_83_n_0
    SLICE_X15Y60         LUT3 (Prop_lut3_I1_O)        0.124    12.571 r  AI_instance/accumulator[15]_i_145/O
                         net (fo=1, routed)           0.000    12.571    AI_instance/accumulator[15]_i_145_n_0
    SLICE_X15Y60         CARRY4 (Prop_carry4_S[1]_O[3])
                                                      0.640    13.211 r  AI_instance/accumulator_reg[15]_i_72/O[3]
                         net (fo=3, routed)           0.904    14.116    AI_instance/accumulator_reg[15]_i_72_n_4
    SLICE_X12Y57         LUT3 (Prop_lut3_I2_O)        0.306    14.422 r  AI_instance/accumulator[15]_i_41/O
                         net (fo=1, routed)           0.333    14.755    AI_instance/accumulator[15]_i_41_n_0
    SLICE_X12Y59         CARRY4 (Prop_carry4_DI[2]_CO[3])
                                                      0.404    15.159 r  AI_instance/accumulator_reg[15]_i_21/CO[3]
                         net (fo=1, routed)           0.000    15.159    AI_instance/accumulator_reg[15]_i_21_n_0
    SLICE_X12Y60         CARRY4 (Prop_carry4_CI_O[3])
                                                      0.315    15.474 r  AI_instance/accumulator_reg[15]_i_9/O[3]
                         net (fo=4, routed)           0.593    16.067    AI_instance/accumulator1[15]
    SLICE_X14Y61         LUT2 (Prop_lut2_I0_O)        0.307    16.374 r  AI_instance/accumulator[15]_i_10/O
                         net (fo=1, routed)           0.000    16.374    AI_instance/accumulator[15]_i_10_n_0
    SLICE_X14Y61         CARRY4 (Prop_carry4_S[3]_CO[3])
                                                      0.376    16.750 r  AI_instance/accumulator_reg[15]_i_3/CO[3]
                         net (fo=1, routed)           0.000    16.750    AI_instance/accumulator_reg[15]_i_3_n_0
    SLICE_X14Y62         CARRY4 (Prop_carry4_CI_O[3])
                                                      0.315    17.065 r  AI_instance/accumulator_reg[16]_i_3/O[3]
                         net (fo=1, routed)           0.288    17.353    AI_instance/accumulator0[19]
    SLICE_X13Y62         LUT6 (Prop_lut6_I5_O)        0.307    17.660 r  AI_instance/accumulator[19]_i_1/O
                         net (fo=1, routed)           0.000    17.660    AI_instance/accumulator[19]_i_1_n_0
    SLICE_X13Y62         FDRE                                         r  AI_instance/accumulator_reg[19]/D
  -------------------------------------------------------------------    -------------------

                         (clock sys_clk_pin rise edge)
                                                     10.000    10.000 r  
    W5                                                0.000    10.000 r  clk (IN)
                         net (fo=0)                   0.000    10.000    clk
    W5                   IBUF (Prop_ibuf_I_O)         1.388    11.388 r  clk_IBUF_inst/O
                         net (fo=1, routed)           1.862    13.250    clk_IBUF
    BUFGCTRL_X0Y0        BUFG (Prop_bufg_I_O)         0.091    13.341 r  clk_IBUF_BUFG_inst/O
                         net (fo=1750, routed)        1.436    14.777    AI_instance/clk_IBUF_BUFG
    SLICE_X13Y62         FDRE                                         r  AI_instance/accumulator_reg[19]/C
                         clock pessimism              0.187    14.964    
                         clock uncertainty           -0.035    14.928    
    SLICE_X13Y62         FDRE (Setup_fdre_C_D)        0.031    14.959    AI_instance/accumulator_reg[19]
  -------------------------------------------------------------------
                         required time                         14.959    
                         arrival time                         -17.660    
  -------------------------------------------------------------------
                         slack                                 -2.700    

Slack (VIOLATED) :        -2.624ns  (required time - arrival time)
  Source:                 AI_instance/compute_index_reg[0]/C
                            (rising edge-triggered cell FDRE clocked by sys_clk_pin  {rise@0.000ns fall@5.000ns period=10.000ns})
  Destination:            AI_instance/accumulator_reg[11]/D
                            (rising edge-triggered cell FDRE clocked by sys_clk_pin  {rise@0.000ns fall@5.000ns period=10.000ns})
  Path Group:             sys_clk_pin
  Path Type:              Setup (Max at Slow Process Corner)
  Requirement:            10.000ns  (sys_clk_pin rise@10.000ns - sys_clk_pin rise@0.000ns)
  Data Path Delay:        12.578ns  (logic 4.809ns (38.232%)  route 7.769ns (61.768%))
  Logic Levels:           16  (CARRY4=5 LUT2=1 LUT3=4 LUT6=5 MUXF7=1)
  Clock Path Skew:        -0.039ns (DCD - SCD + CPR)
    Destination Clock Delay (DCD):    4.779ns = ( 14.779 - 10.000 ) 
    Source Clock Delay      (SCD):    5.076ns
    Clock Pessimism Removal (CPR):    0.258ns
  Clock Uncertainty:      0.035ns  ((TSJ^2 + TIJ^2)^1/2 + DJ) / 2 + PE
    Total System Jitter     (TSJ):    0.071ns
    Total Input Jitter      (TIJ):    0.000ns
    Discrete Jitter          (DJ):    0.000ns
    Phase Error              (PE):    0.000ns

    Location             Delay type                Incr(ns)  Path(ns)    Netlist Resource(s)
  -------------------------------------------------------------------    -------------------
                         (clock sys_clk_pin rise edge)
                                                      0.000     0.000 r  
    W5                                                0.000     0.000 r  clk (IN)
                         net (fo=0)                   0.000     0.000    clk
    W5                   IBUF (Prop_ibuf_I_O)         1.458     1.458 r  clk_IBUF_inst/O
                         net (fo=1, routed)           1.967     3.425    clk_IBUF
    BUFGCTRL_X0Y0        BUFG (Prop_bufg_I_O)         0.096     3.521 r  clk_IBUF_BUFG_inst/O
                         net (fo=1750, routed)        1.555     5.076    AI_instance/clk_IBUF_BUFG
    SLICE_X29Y51         FDRE                                         r  AI_instance/compute_index_reg[0]/C
  -------------------------------------------------------------------    -------------------
    SLICE_X29Y51         FDRE (Prop_fdre_C_Q)         0.456     5.532 r  AI_instance/compute_index_reg[0]/Q
                         net (fo=168, routed)         1.285     6.816    AI_instance/compute_index_reg_n_0_[0]
    SLICE_X30Y56         LUT6 (Prop_lut6_I0_O)        0.124     6.940 r  AI_instance/g1_b2__113/O
                         net (fo=2, routed)           0.617     7.557    AI_instance/g1_b2__113_n_0
    SLICE_X30Y57         LUT3 (Prop_lut3_I0_O)        0.124     7.681 r  AI_instance/accumulator[0]_i_1242/O
                         net (fo=1, routed)           0.945     8.627    AI_instance/accumulator[0]_i_1242_n_0
    SLICE_X29Y58         LUT6 (Prop_lut6_I0_O)        0.124     8.751 r  AI_instance/accumulator[0]_i_843/O
                         net (fo=1, routed)           0.000     8.751    AI_instance/accumulator[0]_i_843_n_0
    SLICE_X29Y58         MUXF7 (Prop_muxf7_I1_O)      0.245     8.996 r  AI_instance/accumulator_reg[0]_i_480/O
                         net (fo=1, routed)           0.862     9.857    AI_instance/accumulator_reg[0]_i_480_n_0
    SLICE_X28Y56         LUT6 (Prop_lut6_I1_O)        0.298    10.155 r  AI_instance/accumulator[0]_i_250/O
                         net (fo=2, routed)           0.736    10.892    AI_instance/accumulator[0]_i_250_n_0
    SLICE_X14Y55         LUT3 (Prop_lut3_I2_O)        0.124    11.016 r  AI_instance/accumulator[0]_i_110/O
                         net (fo=2, routed)           0.439    11.455    AI_instance/accumulator[0]_i_110_n_0
    SLICE_X14Y54         LUT6 (Prop_lut6_I1_O)        0.124    11.579 r  AI_instance/accumulator[0]_i_60/O
                         net (fo=13, routed)          0.630    12.209    AI_instance/accumulator[0]_i_60_n_0
    SLICE_X15Y54         LUT3 (Prop_lut3_I2_O)        0.124    12.333 r  AI_instance/accumulator[0]_i_41/O
                         net (fo=1, routed)           0.000    12.333    AI_instance/accumulator[0]_i_41_n_0
    SLICE_X15Y54         CARRY4 (Prop_carry4_S[1]_CO[3])
                                                      0.550    12.883 r  AI_instance/accumulator_reg[0]_i_15/CO[3]
                         net (fo=1, routed)           0.000    12.883    AI_instance/accumulator_reg[0]_i_15_n_0
    SLICE_X15Y55         CARRY4 (Prop_carry4_CI_O[2])
                                                      0.239    13.122 r  AI_instance/accumulator_reg[15]_i_73/O[2]
                         net (fo=3, routed)           0.730    13.852    AI_instance/accumulator_reg[15]_i_73_n_5
    SLICE_X12Y57         LUT3 (Prop_lut3_I1_O)        0.302    14.154 r  AI_instance/accumulator[4]_i_22/O
                         net (fo=1, routed)           0.520    14.674    AI_instance/accumulator[4]_i_22_n_0
    SLICE_X12Y58         CARRY4 (Prop_carry4_DI[3]_CO[3])
                                                      0.396    15.070 r  AI_instance/accumulator_reg[4]_i_13/CO[3]
                         net (fo=1, routed)           0.000    15.070    AI_instance/accumulator_reg[4]_i_13_n_0
    SLICE_X12Y59         CARRY4 (Prop_carry4_CI_O[1])
                                                      0.323    15.393 r  AI_instance/accumulator_reg[15]_i_21/O[1]
                         net (fo=1, routed)           0.424    15.817    AI_instance/accumulator1[9]
    SLICE_X14Y60         LUT2 (Prop_lut2_I1_O)        0.306    16.123 r  AI_instance/accumulator[8]_i_10/O
                         net (fo=1, routed)           0.000    16.123    AI_instance/accumulator[8]_i_10_n_0
    SLICE_X14Y60         CARRY4 (Prop_carry4_S[1]_O[3])
                                                      0.643    16.766 r  AI_instance/accumulator_reg[8]_i_3/O[3]
                         net (fo=1, routed)           0.581    17.347    AI_instance/accumulator0[11]
    SLICE_X11Y61         LUT6 (Prop_lut6_I5_O)        0.307    17.654 r  AI_instance/accumulator[11]_i_1/O
                         net (fo=1, routed)           0.000    17.654    AI_instance/accumulator[11]_i_1_n_0
    SLICE_X11Y61         FDRE                                         r  AI_instance/accumulator_reg[11]/D
  -------------------------------------------------------------------    -------------------

                         (clock sys_clk_pin rise edge)
                                                     10.000    10.000 r  
    W5                                                0.000    10.000 r  clk (IN)
                         net (fo=0)                   0.000    10.000    clk
    W5                   IBUF (Prop_ibuf_I_O)         1.388    11.388 r  clk_IBUF_inst/O
                         net (fo=1, routed)           1.862    13.250    clk_IBUF
    BUFGCTRL_X0Y0        BUFG (Prop_bufg_I_O)         0.091    13.341 r  clk_IBUF_BUFG_inst/O
                         net (fo=1750, routed)        1.438    14.779    AI_instance/clk_IBUF_BUFG
    SLICE_X11Y61         FDRE                                         r  AI_instance/accumulator_reg[11]/C
                         clock pessimism              0.258    15.037    
                         clock uncertainty           -0.035    15.002    
    SLICE_X11Y61         FDRE (Setup_fdre_C_D)        0.029    15.031    AI_instance/accumulator_reg[11]
  -------------------------------------------------------------------
                         required time                         15.031    
                         arrival time                         -17.654    
  -------------------------------------------------------------------
                         slack                                 -2.624    





Min Delay Paths
--------------------------------------------------------------------------------------
Slack (MET) :             0.157ns  (arrival time - required time)
  Source:                 AI_instance/fc3_results_reg[0][10]/C
                            (rising edge-triggered cell FDRE clocked by sys_clk_pin  {rise@0.000ns fall@5.000ns period=10.000ns})
  Destination:            AI_instance/max_value_reg[10]/D
                            (rising edge-triggered cell FDRE clocked by sys_clk_pin  {rise@0.000ns fall@5.000ns period=10.000ns})
  Path Group:             sys_clk_pin
  Path Type:              Hold (Min at Fast Process Corner)
  Requirement:            0.000ns  (sys_clk_pin rise@0.000ns - sys_clk_pin rise@0.000ns)
  Data Path Delay:        0.291ns  (logic 0.186ns (63.996%)  route 0.105ns (36.004%))
  Logic Levels:           1  (LUT3=1)
  Clock Path Skew:        0.013ns (DCD - SCD - CPR)
    Destination Clock Delay (DCD):    1.945ns
    Source Clock Delay      (SCD):    1.434ns
    Clock Pessimism Removal (CPR):    0.498ns

    Location             Delay type                Incr(ns)  Path(ns)    Netlist Resource(s)
  -------------------------------------------------------------------    -------------------
                         (clock sys_clk_pin rise edge)
                                                      0.000     0.000 r  
    W5                                                0.000     0.000 r  clk (IN)
                         net (fo=0)                   0.000     0.000    clk
    W5                   IBUF (Prop_ibuf_I_O)         0.226     0.226 r  clk_IBUF_inst/O
                         net (fo=1, routed)           0.631     0.858    clk_IBUF
    BUFGCTRL_X0Y0        BUFG (Prop_bufg_I_O)         0.026     0.884 r  clk_IBUF_BUFG_inst/O
                         net (fo=1750, routed)        0.551     1.434    AI_instance/clk_IBUF_BUFG
    SLICE_X9Y75          FDRE                                         r  AI_instance/fc3_results_reg[0][10]/C
  -------------------------------------------------------------------    -------------------
    SLICE_X9Y75          FDRE (Prop_fdre_C_Q)         0.141     1.575 r  AI_instance/fc3_results_reg[0][10]/Q
                         net (fo=2, routed)           0.105     1.680    AI_instance/fc3_results_reg_n_0_[0][10]
    SLICE_X8Y75          LUT3 (Prop_lut3_I2_O)        0.045     1.725 r  AI_instance/max_value[10]_i_1/O
                         net (fo=1, routed)           0.000     1.725    AI_instance/max_value[10]_i_1_n_0
    SLICE_X8Y75          FDRE                                         r  AI_instance/max_value_reg[10]/D
  -------------------------------------------------------------------    -------------------

                         (clock sys_clk_pin rise edge)
                                                      0.000     0.000 r  
    W5                                                0.000     0.000 r  clk (IN)
                         net (fo=0)                   0.000     0.000    clk
    W5                   IBUF (Prop_ibuf_I_O)         0.414     0.414 r  clk_IBUF_inst/O
                         net (fo=1, routed)           0.685     1.099    clk_IBUF
    BUFGCTRL_X0Y0        BUFG (Prop_bufg_I_O)         0.029     1.128 r  clk_IBUF_BUFG_inst/O
                         net (fo=1750, routed)        0.817     1.945    AI_instance/clk_IBUF_BUFG
    SLICE_X8Y75          FDRE                                         r  AI_instance/max_value_reg[10]/C
                         clock pessimism             -0.498     1.447    
    SLICE_X8Y75          FDRE (Hold_fdre_C_D)         0.121     1.568    AI_instance/max_value_reg[10]
  -------------------------------------------------------------------
                         required time                         -1.568    
                         arrival time                           1.725    
  -------------------------------------------------------------------
                         slack                                  0.157    

Slack (MET) :             0.172ns  (arrival time - required time)
  Source:                 AI_instance/confidence_reg[3]/C
                            (rising edge-triggered cell FDRE clocked by sys_clk_pin  {rise@0.000ns fall@5.000ns period=10.000ns})
  Destination:            s_digits_reg[11]/D
                            (rising edge-triggered cell FDRE clocked by sys_clk_pin  {rise@0.000ns fall@5.000ns period=10.000ns})
  Path Group:             sys_clk_pin
  Path Type:              Hold (Min at Fast Process Corner)
  Requirement:            0.000ns  (sys_clk_pin rise@0.000ns - sys_clk_pin rise@0.000ns)
  Data Path Delay:        0.253ns  (logic 0.141ns (55.730%)  route 0.112ns (44.270%))
  Logic Levels:           0  
  Clock Path Skew:        0.015ns (DCD - SCD - CPR)
    Destination Clock Delay (DCD):    1.976ns
    Source Clock Delay      (SCD):    1.462ns
    Clock Pessimism Removal (CPR):    0.499ns

    Location             Delay type                Incr(ns)  Path(ns)    Netlist Resource(s)
  -------------------------------------------------------------------    -------------------
                         (clock sys_clk_pin rise edge)
                                                      0.000     0.000 r  
    W5                                                0.000     0.000 r  clk (IN)
                         net (fo=0)                   0.000     0.000    clk
    W5                   IBUF (Prop_ibuf_I_O)         0.226     0.226 r  clk_IBUF_inst/O
                         net (fo=1, routed)           0.631     0.858    clk_IBUF
    BUFGCTRL_X0Y0        BUFG (Prop_bufg_I_O)         0.026     0.884 r  clk_IBUF_BUFG_inst/O
                         net (fo=1750, routed)        0.579     1.462    AI_instance/clk_IBUF_BUFG
    SLICE_X7Y76          FDRE                                         r  AI_instance/confidence_reg[3]/C
  -------------------------------------------------------------------    -------------------
    SLICE_X7Y76          FDRE (Prop_fdre_C_Q)         0.141     1.603 r  AI_instance/confidence_reg[3]/Q
                         net (fo=1, routed)           0.112     1.715    confidence[3]
    SLICE_X7Y77          FDRE                                         r  s_digits_reg[11]/D
  -------------------------------------------------------------------    -------------------

                         (clock sys_clk_pin rise edge)
                                                      0.000     0.000 r  
    W5                                                0.000     0.000 r  clk (IN)
                         net (fo=0)                   0.000     0.000    clk
    W5                   IBUF (Prop_ibuf_I_O)         0.414     0.414 r  clk_IBUF_inst/O
                         net (fo=1, routed)           0.685     1.099    clk_IBUF
    BUFGCTRL_X0Y0        BUFG (Prop_bufg_I_O)         0.029     1.128 r  clk_IBUF_BUFG_inst/O
                         net (fo=1750, routed)        0.849     1.976    clk_IBUF_BUFG
    SLICE_X7Y77          FDRE                                         r  s_digits_reg[11]/C
                         clock pessimism             -0.499     1.477    
    SLICE_X7Y77          FDRE (Hold_fdre_C_D)         0.066     1.543    s_digits_reg[11]
  -------------------------------------------------------------------
                         required time                         -1.543    
                         arrival time                           1.715    
  -------------------------------------------------------------------
                         slack                                  0.172    

Slack (MET) :             0.177ns  (arrival time - required time)
  Source:                 AI_instance/confidence_reg[5]/C
                            (rising edge-triggered cell FDRE clocked by sys_clk_pin  {rise@0.000ns fall@5.000ns period=10.000ns})
  Destination:            s_digits_reg[13]/D
                            (rising edge-triggered cell FDRE clocked by sys_clk_pin  {rise@0.000ns fall@5.000ns period=10.000ns})
  Path Group:             sys_clk_pin
  Path Type:              Hold (Min at Fast Process Corner)
  Requirement:            0.000ns  (sys_clk_pin rise@0.000ns - sys_clk_pin rise@0.000ns)
  Data Path Delay:        0.251ns  (logic 0.141ns (56.174%)  route 0.110ns (43.826%))
  Logic Levels:           0  
  Clock Path Skew:        0.015ns (DCD - SCD - CPR)
    Destination Clock Delay (DCD):    1.976ns
    Source Clock Delay      (SCD):    1.462ns
    Clock Pessimism Removal (CPR):    0.499ns

    Location             Delay type                Incr(ns)  Path(ns)    Netlist Resource(s)
  -------------------------------------------------------------------    -------------------
                         (clock sys_clk_pin rise edge)
                                                      0.000     0.000 r  
    W5                                                0.000     0.000 r  clk (IN)
                         net (fo=0)                   0.000     0.000    clk
    W5                   IBUF (Prop_ibuf_I_O)         0.226     0.226 r  clk_IBUF_inst/O
                         net (fo=1, routed)           0.631     0.858    clk_IBUF
    BUFGCTRL_X0Y0        BUFG (Prop_bufg_I_O)         0.026     0.884 r  clk_IBUF_BUFG_inst/O
                         net (fo=1750, routed)        0.579     1.462    AI_instance/clk_IBUF_BUFG
    SLICE_X7Y76          FDRE                                         r  AI_instance/confidence_reg[5]/C
  -------------------------------------------------------------------    -------------------
    SLICE_X7Y76          FDRE (Prop_fdre_C_Q)         0.141     1.603 r  AI_instance/confidence_reg[5]/Q
                         net (fo=1, routed)           0.110     1.713    confidence[5]
    SLICE_X6Y77          FDRE                                         r  s_digits_reg[13]/D
  -------------------------------------------------------------------    -------------------

                         (clock sys_clk_pin rise edge)
                                                      0.000     0.000 r  
    W5                                                0.000     0.000 r  clk (IN)
                         net (fo=0)                   0.000     0.000    clk
    W5                   IBUF (Prop_ibuf_I_O)         0.414     0.414 r  clk_IBUF_inst/O
                         net (fo=1, routed)           0.685     1.099    clk_IBUF
    BUFGCTRL_X0Y0        BUFG (Prop_bufg_I_O)         0.029     1.128 r  clk_IBUF_BUFG_inst/O
                         net (fo=1750, routed)        0.849     1.976    clk_IBUF_BUFG
    SLICE_X6Y77          FDRE                                         r  s_digits_reg[13]/C
                         clock pessimism             -0.499     1.477    
    SLICE_X6Y77          FDRE (Hold_fdre_C_D)         0.059     1.536    s_digits_reg[13]
  -------------------------------------------------------------------
                         required time                         -1.536    
                         arrival time                           1.713    
  -------------------------------------------------------------------
                         slack                                  0.177    

Slack (MET) :             0.179ns  (arrival time - required time)
  Source:                 AI_instance/input_index_reg[6]/C
                            (rising edge-triggered cell FDRE clocked by sys_clk_pin  {rise@0.000ns fall@5.000ns period=10.000ns})
  Destination:            AI_instance/input_index_reg[7]/D
                            (rising edge-triggered cell FDRE clocked by sys_clk_pin  {rise@0.000ns fall@5.000ns period=10.000ns})
  Path Group:             sys_clk_pin
  Path Type:              Hold (Min at Fast Process Corner)
  Requirement:            0.000ns  (sys_clk_pin rise@0.000ns - sys_clk_pin rise@0.000ns)
  Data Path Delay:        0.283ns  (logic 0.209ns (73.746%)  route 0.074ns (26.254%))
  Logic Levels:           1  (LUT6=1)
  Clock Path Skew:        0.013ns (DCD - SCD - CPR)
    Destination Clock Delay (DCD):    1.956ns
    Source Clock Delay      (SCD):    1.443ns
    Clock Pessimism Removal (CPR):    0.500ns

    Location             Delay type                Incr(ns)  Path(ns)    Netlist Resource(s)
  -------------------------------------------------------------------    -------------------
                         (clock sys_clk_pin rise edge)
                                                      0.000     0.000 r  
    W5                                                0.000     0.000 r  clk (IN)
                         net (fo=0)                   0.000     0.000    clk
    W5                   IBUF (Prop_ibuf_I_O)         0.226     0.226 r  clk_IBUF_inst/O
                         net (fo=1, routed)           0.631     0.858    clk_IBUF
    BUFGCTRL_X0Y0        BUFG (Prop_bufg_I_O)         0.026     0.884 r  clk_IBUF_BUFG_inst/O
                         net (fo=1750, routed)        0.560     1.443    AI_instance/clk_IBUF_BUFG
    SLICE_X8Y63          FDRE                                         r  AI_instance/input_index_reg[6]/C
  -------------------------------------------------------------------    -------------------
    SLICE_X8Y63          FDRE (Prop_fdre_C_Q)         0.164     1.607 r  AI_instance/input_index_reg[6]/Q
                         net (fo=10, routed)          0.074     1.682    AI_instance/input_index_reg_n_0_[6]
    SLICE_X9Y63          LUT6 (Prop_lut6_I4_O)        0.045     1.727 r  AI_instance/input_index[7]_i_2/O
                         net (fo=1, routed)           0.000     1.727    AI_instance/input_index[7]_i_2_n_0
    SLICE_X9Y63          FDRE                                         r  AI_instance/input_index_reg[7]/D
  -------------------------------------------------------------------    -------------------

                         (clock sys_clk_pin rise edge)
                                                      0.000     0.000 r  
    W5                                                0.000     0.000 r  clk (IN)
                         net (fo=0)                   0.000     0.000    clk
    W5                   IBUF (Prop_ibuf_I_O)         0.414     0.414 r  clk_IBUF_inst/O
                         net (fo=1, routed)           0.685     1.099    clk_IBUF
    BUFGCTRL_X0Y0        BUFG (Prop_bufg_I_O)         0.029     1.128 r  clk_IBUF_BUFG_inst/O
                         net (fo=1750, routed)        0.828     1.956    AI_instance/clk_IBUF_BUFG
    SLICE_X9Y63          FDRE                                         r  AI_instance/input_index_reg[7]/C
                         clock pessimism             -0.500     1.456    
    SLICE_X9Y63          FDRE (Hold_fdre_C_D)         0.091     1.547    AI_instance/input_index_reg[7]
  -------------------------------------------------------------------
                         required time                         -1.547    
                         arrival time                           1.727    
  -------------------------------------------------------------------
                         slack                                  0.179    

Slack (MET) :             0.189ns  (arrival time - required time)
  Source:                 AI_instance/confidence_reg[2]/C
                            (rising edge-triggered cell FDRE clocked by sys_clk_pin  {rise@0.000ns fall@5.000ns period=10.000ns})
  Destination:            s_digits_reg[10]/D
                            (rising edge-triggered cell FDRE clocked by sys_clk_pin  {rise@0.000ns fall@5.000ns period=10.000ns})
  Path Group:             sys_clk_pin
  Path Type:              Hold (Min at Fast Process Corner)
  Requirement:            0.000ns  (sys_clk_pin rise@0.000ns - sys_clk_pin rise@0.000ns)
  Data Path Delay:        0.274ns  (logic 0.164ns (59.853%)  route 0.110ns (40.147%))
  Logic Levels:           0  
  Clock Path Skew:        0.015ns (DCD - SCD - CPR)
    Destination Clock Delay (DCD):    1.976ns
    Source Clock Delay      (SCD):    1.462ns
    Clock Pessimism Removal (CPR):    0.499ns

    Location             Delay type                Incr(ns)  Path(ns)    Netlist Resource(s)
  -------------------------------------------------------------------    -------------------
                         (clock sys_clk_pin rise edge)
                                                      0.000     0.000 r  
    W5                                                0.000     0.000 r  clk (IN)
                         net (fo=0)                   0.000     0.000    clk
    W5                   IBUF (Prop_ibuf_I_O)         0.226     0.226 r  clk_IBUF_inst/O
                         net (fo=1, routed)           0.631     0.858    clk_IBUF
    BUFGCTRL_X0Y0        BUFG (Prop_bufg_I_O)         0.026     0.884 r  clk_IBUF_BUFG_inst/O
                         net (fo=1750, routed)        0.579     1.462    AI_instance/clk_IBUF_BUFG
    SLICE_X6Y76          FDRE                                         r  AI_instance/confidence_reg[2]/C
  -------------------------------------------------------------------    -------------------
    SLICE_X6Y76          FDRE (Prop_fdre_C_Q)         0.164     1.626 r  AI_instance/confidence_reg[2]/Q
                         net (fo=1, routed)           0.110     1.736    confidence[2]
    SLICE_X7Y77          FDRE                                         r  s_digits_reg[10]/D
  -------------------------------------------------------------------    -------------------

                         (clock sys_clk_pin rise edge)
                                                      0.000     0.000 r  
    W5                                                0.000     0.000 r  clk (IN)
                         net (fo=0)                   0.000     0.000    clk
    W5                   IBUF (Prop_ibuf_I_O)         0.414     0.414 r  clk_IBUF_inst/O
                         net (fo=1, routed)           0.685     1.099    clk_IBUF
    BUFGCTRL_X0Y0        BUFG (Prop_bufg_I_O)         0.029     1.128 r  clk_IBUF_BUFG_inst/O
                         net (fo=1750, routed)        0.849     1.976    clk_IBUF_BUFG
    SLICE_X7Y77          FDRE                                         r  s_digits_reg[10]/C
                         clock pessimism             -0.499     1.477    
    SLICE_X7Y77          FDRE (Hold_fdre_C_D)         0.070     1.547    s_digits_reg[10]
  -------------------------------------------------------------------
                         required time                         -1.547    
                         arrival time                           1.736    
  -------------------------------------------------------------------
                         slack                                  0.189    

Slack (MET) :             0.195ns  (arrival time - required time)
  Source:                 AI_instance/fc3_results_reg[0][11]/C
                            (rising edge-triggered cell FDRE clocked by sys_clk_pin  {rise@0.000ns fall@5.000ns period=10.000ns})
  Destination:            AI_instance/max_value_reg[11]/D
                            (rising edge-triggered cell FDRE clocked by sys_clk_pin  {rise@0.000ns fall@5.000ns period=10.000ns})
  Path Group:             sys_clk_pin
  Path Type:              Hold (Min at Fast Process Corner)
  Requirement:            0.000ns  (sys_clk_pin rise@0.000ns - sys_clk_pin rise@0.000ns)
  Data Path Delay:        0.339ns  (logic 0.188ns (55.418%)  route 0.151ns (44.582%))
  Logic Levels:           1  (LUT3=1)
  Clock Path Skew:        0.013ns (DCD - SCD - CPR)
    Destination Clock Delay (DCD):    1.945ns
    Source Clock Delay      (SCD):    1.434ns
    Clock Pessimism Removal (CPR):    0.498ns

    Location             Delay type                Incr(ns)  Path(ns)    Netlist Resource(s)
  -------------------------------------------------------------------    -------------------
                         (clock sys_clk_pin rise edge)
                                                      0.000     0.000 r  
    W5                                                0.000     0.000 r  clk (IN)
                         net (fo=0)                   0.000     0.000    clk
    W5                   IBUF (Prop_ibuf_I_O)         0.226     0.226 r  clk_IBUF_inst/O
                         net (fo=1, routed)           0.631     0.858    clk_IBUF
    BUFGCTRL_X0Y0        BUFG (Prop_bufg_I_O)         0.026     0.884 r  clk_IBUF_BUFG_inst/O
                         net (fo=1750, routed)        0.551     1.434    AI_instance/clk_IBUF_BUFG
    SLICE_X9Y75          FDRE                                         r  AI_instance/fc3_results_reg[0][11]/C
  -------------------------------------------------------------------    -------------------
    SLICE_X9Y75          FDRE (Prop_fdre_C_Q)         0.141     1.575 r  AI_instance/fc3_results_reg[0][11]/Q
                         net (fo=2, routed)           0.151     1.726    AI_instance/fc3_results_reg_n_0_[0][11]
    SLICE_X8Y75          LUT3 (Prop_lut3_I2_O)        0.047     1.773 r  AI_instance/max_value[11]_i_1/O
                         net (fo=1, routed)           0.000     1.773    AI_instance/max_value[11]_i_1_n_0
    SLICE_X8Y75          FDRE                                         r  AI_instance/max_value_reg[11]/D
  -------------------------------------------------------------------    -------------------

                         (clock sys_clk_pin rise edge)
                                                      0.000     0.000 r  
    W5                                                0.000     0.000 r  clk (IN)
                         net (fo=0)                   0.000     0.000    clk
    W5                   IBUF (Prop_ibuf_I_O)         0.414     0.414 r  clk_IBUF_inst/O
                         net (fo=1, routed)           0.685     1.099    clk_IBUF
    BUFGCTRL_X0Y0        BUFG (Prop_bufg_I_O)         0.029     1.128 r  clk_IBUF_BUFG_inst/O
                         net (fo=1750, routed)        0.817     1.945    AI_instance/clk_IBUF_BUFG
    SLICE_X8Y75          FDRE                                         r  AI_instance/max_value_reg[11]/C
                         clock pessimism             -0.498     1.447    
    SLICE_X8Y75          FDRE (Hold_fdre_C_D)         0.131     1.578    AI_instance/max_value_reg[11]
  -------------------------------------------------------------------
                         required time                         -1.578    
                         arrival time                           1.773    
  -------------------------------------------------------------------
                         slack                                  0.195    

Slack (MET) :             0.197ns  (arrival time - required time)
  Source:                 AI_instance/fc3_results_reg[0][8]/C
                            (rising edge-triggered cell FDRE clocked by sys_clk_pin  {rise@0.000ns fall@5.000ns period=10.000ns})
  Destination:            AI_instance/max_value_reg[8]/D
                            (rising edge-triggered cell FDRE clocked by sys_clk_pin  {rise@0.000ns fall@5.000ns period=10.000ns})
  Path Group:             sys_clk_pin
  Path Type:              Hold (Min at Fast Process Corner)
  Requirement:            0.000ns  (sys_clk_pin rise@0.000ns - sys_clk_pin rise@0.000ns)
  Data Path Delay:        0.332ns  (logic 0.186ns (56.016%)  route 0.146ns (43.984%))
  Logic Levels:           1  (LUT3=1)
  Clock Path Skew:        0.014ns (DCD - SCD - CPR)
    Destination Clock Delay (DCD):    1.946ns
    Source Clock Delay      (SCD):    1.434ns
    Clock Pessimism Removal (CPR):    0.498ns

    Location             Delay type                Incr(ns)  Path(ns)    Netlist Resource(s)
  -------------------------------------------------------------------    -------------------
                         (clock sys_clk_pin rise edge)
                                                      0.000     0.000 r  
    W5                                                0.000     0.000 r  clk (IN)
                         net (fo=0)                   0.000     0.000    clk
    W5                   IBUF (Prop_ibuf_I_O)         0.226     0.226 r  clk_IBUF_inst/O
                         net (fo=1, routed)           0.631     0.858    clk_IBUF
    BUFGCTRL_X0Y0        BUFG (Prop_bufg_I_O)         0.026     0.884 r  clk_IBUF_BUFG_inst/O
                         net (fo=1750, routed)        0.551     1.434    AI_instance/clk_IBUF_BUFG
    SLICE_X9Y75          FDRE                                         r  AI_instance/fc3_results_reg[0][8]/C
  -------------------------------------------------------------------    -------------------
    SLICE_X9Y75          FDRE (Prop_fdre_C_Q)         0.141     1.575 r  AI_instance/fc3_results_reg[0][8]/Q
                         net (fo=2, routed)           0.146     1.721    AI_instance/fc3_results_reg_n_0_[0][8]
    SLICE_X8Y76          LUT3 (Prop_lut3_I2_O)        0.045     1.766 r  AI_instance/max_value[8]_i_1/O
                         net (fo=1, routed)           0.000     1.766    AI_instance/max_value[8]_i_1_n_0
    SLICE_X8Y76          FDRE                                         r  AI_instance/max_value_reg[8]/D
  -------------------------------------------------------------------    -------------------

                         (clock sys_clk_pin rise edge)
                                                      0.000     0.000 r  
    W5                                                0.000     0.000 r  clk (IN)
                         net (fo=0)                   0.000     0.000    clk
    W5                   IBUF (Prop_ibuf_I_O)         0.414     0.414 r  clk_IBUF_inst/O
                         net (fo=1, routed)           0.685     1.099    clk_IBUF
    BUFGCTRL_X0Y0        BUFG (Prop_bufg_I_O)         0.029     1.128 r  clk_IBUF_BUFG_inst/O
                         net (fo=1750, routed)        0.818     1.946    AI_instance/clk_IBUF_BUFG
    SLICE_X8Y76          FDRE                                         r  AI_instance/max_value_reg[8]/C
                         clock pessimism             -0.498     1.448    
    SLICE_X8Y76          FDRE (Hold_fdre_C_D)         0.121     1.569    AI_instance/max_value_reg[8]
  -------------------------------------------------------------------
                         required time                         -1.569    
                         arrival time                           1.766    
  -------------------------------------------------------------------
                         slack                                  0.197    

Slack (MET) :             0.198ns  (arrival time - required time)
  Source:                 AI_instance/confidence_reg[6]/C
                            (rising edge-triggered cell FDRE clocked by sys_clk_pin  {rise@0.000ns fall@5.000ns period=10.000ns})
  Destination:            s_digits_reg[14]/D
                            (rising edge-triggered cell FDRE clocked by sys_clk_pin  {rise@0.000ns fall@5.000ns period=10.000ns})
  Path Group:             sys_clk_pin
  Path Type:              Hold (Min at Fast Process Corner)
  Requirement:            0.000ns  (sys_clk_pin rise@0.000ns - sys_clk_pin rise@0.000ns)
  Data Path Delay:        0.258ns  (logic 0.164ns (63.523%)  route 0.094ns (36.477%))
  Logic Levels:           0  
  Clock Path Skew:        0.013ns (DCD - SCD - CPR)
    Destination Clock Delay (DCD):    1.974ns
    Source Clock Delay      (SCD):    1.462ns
    Clock Pessimism Removal (CPR):    0.499ns

    Location             Delay type                Incr(ns)  Path(ns)    Netlist Resource(s)
  -------------------------------------------------------------------    -------------------
                         (clock sys_clk_pin rise edge)
                                                      0.000     0.000 r  
    W5                                                0.000     0.000 r  clk (IN)
                         net (fo=0)                   0.000     0.000    clk
    W5                   IBUF (Prop_ibuf_I_O)         0.226     0.226 r  clk_IBUF_inst/O
                         net (fo=1, routed)           0.631     0.858    clk_IBUF
    BUFGCTRL_X0Y0        BUFG (Prop_bufg_I_O)         0.026     0.884 r  clk_IBUF_BUFG_inst/O
                         net (fo=1750, routed)        0.579     1.462    AI_instance/clk_IBUF_BUFG
    SLICE_X6Y76          FDRE                                         r  AI_instance/confidence_reg[6]/C
  -------------------------------------------------------------------    -------------------
    SLICE_X6Y76          FDRE (Prop_fdre_C_Q)         0.164     1.626 r  AI_instance/confidence_reg[6]/Q
                         net (fo=1, routed)           0.094     1.720    confidence[6]
    SLICE_X5Y76          FDRE                                         r  s_digits_reg[14]/D
  -------------------------------------------------------------------    -------------------

                         (clock sys_clk_pin rise edge)
                                                      0.000     0.000 r  
    W5                                                0.000     0.000 r  clk (IN)
                         net (fo=0)                   0.000     0.000    clk
    W5                   IBUF (Prop_ibuf_I_O)         0.414     0.414 r  clk_IBUF_inst/O
                         net (fo=1, routed)           0.685     1.099    clk_IBUF
    BUFGCTRL_X0Y0        BUFG (Prop_bufg_I_O)         0.029     1.128 r  clk_IBUF_BUFG_inst/O
                         net (fo=1750, routed)        0.846     1.974    clk_IBUF_BUFG
    SLICE_X5Y76          FDRE                                         r  s_digits_reg[14]/C
                         clock pessimism             -0.499     1.475    
    SLICE_X5Y76          FDRE (Hold_fdre_C_D)         0.047     1.522    s_digits_reg[14]
  -------------------------------------------------------------------
                         required time                         -1.522    
                         arrival time                           1.720    
  -------------------------------------------------------------------
                         slack                                  0.198    

Slack (MET) :             0.199ns  (arrival time - required time)
  Source:                 AI_instance/fc3_results_reg[0][0]/C
                            (rising edge-triggered cell FDRE clocked by sys_clk_pin  {rise@0.000ns fall@5.000ns period=10.000ns})
  Destination:            AI_instance/max_value_reg[0]/D
                            (rising edge-triggered cell FDRE clocked by sys_clk_pin  {rise@0.000ns fall@5.000ns period=10.000ns})
  Path Group:             sys_clk_pin
  Path Type:              Hold (Min at Fast Process Corner)
  Requirement:            0.000ns  (sys_clk_pin rise@0.000ns - sys_clk_pin rise@0.000ns)
  Data Path Delay:        0.303ns  (logic 0.209ns (68.923%)  route 0.094ns (31.077%))
  Logic Levels:           1  (LUT3=1)
  Clock Path Skew:        0.013ns (DCD - SCD - CPR)
    Destination Clock Delay (DCD):    1.945ns
    Source Clock Delay      (SCD):    1.434ns
    Clock Pessimism Removal (CPR):    0.498ns

    Location             Delay type                Incr(ns)  Path(ns)    Netlist Resource(s)
  -------------------------------------------------------------------    -------------------
                         (clock sys_clk_pin rise edge)
                                                      0.000     0.000 r  
    W5                                                0.000     0.000 r  clk (IN)
                         net (fo=0)                   0.000     0.000    clk
    W5                   IBUF (Prop_ibuf_I_O)         0.226     0.226 r  clk_IBUF_inst/O
                         net (fo=1, routed)           0.631     0.858    clk_IBUF
    BUFGCTRL_X0Y0        BUFG (Prop_bufg_I_O)         0.026     0.884 r  clk_IBUF_BUFG_inst/O
                         net (fo=1750, routed)        0.551     1.434    AI_instance/clk_IBUF_BUFG
    SLICE_X8Y74          FDRE                                         r  AI_instance/fc3_results_reg[0][0]/C
  -------------------------------------------------------------------    -------------------
    SLICE_X8Y74          FDRE (Prop_fdre_C_Q)         0.164     1.598 r  AI_instance/fc3_results_reg[0][0]/Q
                         net (fo=2, routed)           0.094     1.692    AI_instance/fc3_results_reg_n_0_[0][0]
    SLICE_X9Y74          LUT3 (Prop_lut3_I2_O)        0.045     1.737 r  AI_instance/max_value[0]_i_1/O
                         net (fo=1, routed)           0.000     1.737    AI_instance/max_value[0]_i_1_n_0
    SLICE_X9Y74          FDRE                                         r  AI_instance/max_value_reg[0]/D
  -------------------------------------------------------------------    -------------------

                         (clock sys_clk_pin rise edge)
                                                      0.000     0.000 r  
    W5                                                0.000     0.000 r  clk (IN)
                         net (fo=0)                   0.000     0.000    clk
    W5                   IBUF (Prop_ibuf_I_O)         0.414     0.414 r  clk_IBUF_inst/O
                         net (fo=1, routed)           0.685     1.099    clk_IBUF
    BUFGCTRL_X0Y0        BUFG (Prop_bufg_I_O)         0.029     1.128 r  clk_IBUF_BUFG_inst/O
                         net (fo=1750, routed)        0.817     1.945    AI_instance/clk_IBUF_BUFG
    SLICE_X9Y74          FDRE                                         r  AI_instance/max_value_reg[0]/C
                         clock pessimism             -0.498     1.447    
    SLICE_X9Y74          FDRE (Hold_fdre_C_D)         0.091     1.538    AI_instance/max_value_reg[0]
  -------------------------------------------------------------------
                         required time                         -1.538    
                         arrival time                           1.737    
  -------------------------------------------------------------------
                         slack                                  0.199    

Slack (MET) :             0.206ns  (arrival time - required time)
  Source:                 MPG_instance/s_dff1_out_reg[0]/C
                            (rising edge-triggered cell FDRE clocked by sys_clk_pin  {rise@0.000ns fall@5.000ns period=10.000ns})
  Destination:            MPG_instance/s_dff2_out_reg[0]/D
                            (rising edge-triggered cell FDRE clocked by sys_clk_pin  {rise@0.000ns fall@5.000ns period=10.000ns})
  Path Group:             sys_clk_pin
  Path Type:              Hold (Min at Fast Process Corner)
  Requirement:            0.000ns  (sys_clk_pin rise@0.000ns - sys_clk_pin rise@0.000ns)
  Data Path Delay:        0.308ns  (logic 0.141ns (45.780%)  route 0.167ns (54.220%))
  Logic Levels:           0  
  Clock Path Skew:        0.032ns (DCD - SCD - CPR)
    Destination Clock Delay (DCD):    1.975ns
    Source Clock Delay      (SCD):    1.465ns
    Clock Pessimism Removal (CPR):    0.478ns

    Location             Delay type                Incr(ns)  Path(ns)    Netlist Resource(s)
  -------------------------------------------------------------------    -------------------
                         (clock sys_clk_pin rise edge)
                                                      0.000     0.000 r  
    W5                                                0.000     0.000 r  clk (IN)
                         net (fo=0)                   0.000     0.000    clk
    W5                   IBUF (Prop_ibuf_I_O)         0.226     0.226 r  clk_IBUF_inst/O
                         net (fo=1, routed)           0.631     0.858    clk_IBUF
    BUFGCTRL_X0Y0        BUFG (Prop_bufg_I_O)         0.026     0.884 r  clk_IBUF_BUFG_inst/O
                         net (fo=1750, routed)        0.582     1.465    MPG_instance/clk_IBUF_BUFG
    SLICE_X3Y24          FDRE                                         r  MPG_instance/s_dff1_out_reg[0]/C
  -------------------------------------------------------------------    -------------------
    SLICE_X3Y24          FDRE (Prop_fdre_C_Q)         0.141     1.606 r  MPG_instance/s_dff1_out_reg[0]/Q
                         net (fo=1, routed)           0.167     1.773    MPG_instance/s_dff1_out[0]
    SLICE_X4Y24          FDRE                                         r  MPG_instance/s_dff2_out_reg[0]/D
  -------------------------------------------------------------------    -------------------

                         (clock sys_clk_pin rise edge)
                                                      0.000     0.000 r  
    W5                                                0.000     0.000 r  clk (IN)
                         net (fo=0)                   0.000     0.000    clk
    W5                   IBUF (Prop_ibuf_I_O)         0.414     0.414 r  clk_IBUF_inst/O
                         net (fo=1, routed)           0.685     1.099    clk_IBUF
    BUFGCTRL_X0Y0        BUFG (Prop_bufg_I_O)         0.029     1.128 r  clk_IBUF_BUFG_inst/O
                         net (fo=1750, routed)        0.848     1.975    MPG_instance/clk_IBUF_BUFG
    SLICE_X4Y24          FDRE                                         r  MPG_instance/s_dff2_out_reg[0]/C
                         clock pessimism             -0.478     1.497    
    SLICE_X4Y24          FDRE (Hold_fdre_C_D)         0.070     1.567    MPG_instance/s_dff2_out_reg[0]
  -------------------------------------------------------------------
                         required time                         -1.567    
                         arrival time                           1.773    
  -------------------------------------------------------------------
                         slack                                  0.206    





Pulse Width Checks
--------------------------------------------------------------------------------------
Clock Name:         sys_clk_pin
Waveform(ns):       { 0.000 5.000 }
Period(ns):         10.000
Sources:            { clk }

Check Type        Corner  Lib Pin      Reference Pin  Required(ns)  Actual(ns)  Slack(ns)  Location       Pin
Min Period        n/a     BUFG/I       n/a            2.155         10.000      7.845      BUFGCTRL_X0Y0  clk_IBUF_BUFG_inst/I
Min Period        n/a     FDRE/C       n/a            1.000         10.000      9.000      SLICE_X9Y69    ai_start_reg/C
Min Period        n/a     FDRE/C       n/a            1.000         10.000      9.000      SLICE_X7Y77    s_digits_reg[10]/C
Min Period        n/a     FDRE/C       n/a            1.000         10.000      9.000      SLICE_X7Y77    s_digits_reg[11]/C
Min Period        n/a     FDSE/C       n/a            1.000         10.000      9.000      SLICE_X5Y76    s_digits_reg[12]/C
Min Period        n/a     FDRE/C       n/a            1.000         10.000      9.000      SLICE_X6Y77    s_digits_reg[13]/C
Min Period        n/a     FDRE/C       n/a            1.000         10.000      9.000      SLICE_X5Y76    s_digits_reg[14]/C
Min Period        n/a     FDRE/C       n/a            1.000         10.000      9.000      SLICE_X6Y77    s_digits_reg[15]/C
Min Period        n/a     FDRE/C       n/a            1.000         10.000      9.000      SLICE_X4Y76    s_digits_reg[2]/C
Min Period        n/a     FDSE/C       n/a            1.000         10.000      9.000      SLICE_X5Y76    s_digits_reg[4]/C
Low Pulse Width   Slow    RAMD64E/CLK  n/a            1.250         5.000       3.750      SLICE_X10Y52   AI_instance/fc1_results_reg_0_63_0_2/RAMA/CLK
Low Pulse Width   Fast    RAMD64E/CLK  n/a            1.250         5.000       3.750      SLICE_X10Y52   AI_instance/fc1_results_reg_0_63_0_2/RAMA/CLK
Low Pulse Width   Slow    RAMD64E/CLK  n/a            1.250         5.000       3.750      SLICE_X10Y52   AI_instance/fc1_results_reg_0_63_0_2/RAMB/CLK
Low Pulse Width   Fast    RAMD64E/CLK  n/a            1.250         5.000       3.750      SLICE_X10Y52   AI_instance/fc1_results_reg_0_63_0_2/RAMB/CLK
Low Pulse Width   Slow    RAMD64E/CLK  n/a            1.250         5.000       3.750      SLICE_X10Y52   AI_instance/fc1_results_reg_0_63_0_2/RAMC/CLK
Low Pulse Width   Fast    RAMD64E/CLK  n/a            1.250         5.000       3.750      SLICE_X10Y52   AI_instance/fc1_results_reg_0_63_0_2/RAMC/CLK
Low Pulse Width   Slow    RAMD64E/CLK  n/a            1.250         5.000       3.750      SLICE_X10Y52   AI_instance/fc1_results_reg_0_63_0_2/RAMD/CLK
Low Pulse Width   Fast    RAMD64E/CLK  n/a            1.250         5.000       3.750      SLICE_X10Y52   AI_instance/fc1_results_reg_0_63_0_2/RAMD/CLK
Low Pulse Width   Slow    RAMD64E/CLK  n/a            1.250         5.000       3.750      SLICE_X10Y53   AI_instance/fc1_results_reg_0_63_3_5/RAMA/CLK
Low Pulse Width   Fast    RAMD64E/CLK  n/a            1.250         5.000       3.750      SLICE_X10Y53   AI_instance/fc1_results_reg_0_63_3_5/RAMA/CLK
High Pulse Width  Slow    RAMD64E/CLK  n/a            1.250         5.000       3.750      SLICE_X10Y52   AI_instance/fc1_results_reg_0_63_0_2/RAMA/CLK
High Pulse Width  Fast    RAMD64E/CLK  n/a            1.250         5.000       3.750      SLICE_X10Y52   AI_instance/fc1_results_reg_0_63_0_2/RAMA/CLK
High Pulse Width  Slow    RAMD64E/CLK  n/a            1.250         5.000       3.750      SLICE_X10Y52   AI_instance/fc1_results_reg_0_63_0_2/RAMB/CLK
High Pulse Width  Fast    RAMD64E/CLK  n/a            1.250         5.000       3.750      SLICE_X10Y52   AI_instance/fc1_results_reg_0_63_0_2/RAMB/CLK
High Pulse Width  Slow    RAMD64E/CLK  n/a            1.250         5.000       3.750      SLICE_X10Y52   AI_instance/fc1_results_reg_0_63_0_2/RAMC/CLK
High Pulse Width  Fast    RAMD64E/CLK  n/a            1.250         5.000       3.750      SLICE_X10Y52   AI_instance/fc1_results_reg_0_63_0_2/RAMC/CLK
High Pulse Width  Slow    RAMD64E/CLK  n/a            1.250         5.000       3.750      SLICE_X10Y52   AI_instance/fc1_results_reg_0_63_0_2/RAMD/CLK
High Pulse Width  Fast    RAMD64E/CLK  n/a            1.250         5.000       3.750      SLICE_X10Y52   AI_instance/fc1_results_reg_0_63_0_2/RAMD/CLK
High Pulse Width  Slow    RAMD64E/CLK  n/a            1.250         5.000       3.750      SLICE_X10Y53   AI_instance/fc1_results_reg_0_63_3_5/RAMA/CLK
High Pulse Width  Fast    RAMD64E/CLK  n/a            1.250         5.000       3.750      SLICE_X10Y53   AI_instance/fc1_results_reg_0_63_3_5/RAMA/CLK



---------------------------------------------------------------------------------------------------
Path Group:  **async_default**
From Clock:  sys_clk_pin
  To Clock:  sys_clk_pin

Setup :            0  Failing Endpoints,  Worst Slack        7.712ns,  Total Violation        0.000ns
Hold  :            0  Failing Endpoints,  Worst Slack        0.682ns,  Total Violation        0.000ns
---------------------------------------------------------------------------------------------------


Max Delay Paths
--------------------------------------------------------------------------------------
Slack (MET) :             7.712ns  (required time - arrival time)
  Source:                 MPG_instance/s_dff2_out_reg[0]/C
                            (rising edge-triggered cell FDRE clocked by sys_clk_pin  {rise@0.000ns fall@5.000ns period=10.000ns})
  Destination:            clkdiv_instance/clk_reg/CLR
                            (recovery check against rising-edge clock sys_clk_pin  {rise@0.000ns fall@5.000ns period=10.000ns})
  Path Group:             **async_default**
  Path Type:              Recovery (Max at Slow Process Corner)
  Requirement:            10.000ns  (sys_clk_pin rise@10.000ns - sys_clk_pin rise@0.000ns)
  Data Path Delay:        1.828ns  (logic 0.580ns (31.724%)  route 1.248ns (68.276%))
  Logic Levels:           1  (LUT2=1)
  Clock Path Skew:        -0.019ns (DCD - SCD + CPR)
    Destination Clock Delay (DCD):    4.844ns = ( 14.844 - 10.000 ) 
    Source Clock Delay      (SCD):    5.136ns
    Clock Pessimism Removal (CPR):    0.273ns
  Clock Uncertainty:      0.035ns  ((TSJ^2 + TIJ^2)^1/2 + DJ) / 2 + PE
    Total System Jitter     (TSJ):    0.071ns
    Total Input Jitter      (TIJ):    0.000ns
    Discrete Jitter          (DJ):    0.000ns
    Phase Error              (PE):    0.000ns

    Location             Delay type                Incr(ns)  Path(ns)    Netlist Resource(s)
  -------------------------------------------------------------------    -------------------
                         (clock sys_clk_pin rise edge)
                                                      0.000     0.000 r  
    W5                                                0.000     0.000 r  clk (IN)
                         net (fo=0)                   0.000     0.000    clk
    W5                   IBUF (Prop_ibuf_I_O)         1.458     1.458 r  clk_IBUF_inst/O
                         net (fo=1, routed)           1.967     3.425    clk_IBUF
    BUFGCTRL_X0Y0        BUFG (Prop_bufg_I_O)         0.096     3.521 r  clk_IBUF_BUFG_inst/O
                         net (fo=1750, routed)        1.615     5.136    MPG_instance/clk_IBUF_BUFG
    SLICE_X4Y24          FDRE                                         r  MPG_instance/s_dff2_out_reg[0]/C
  -------------------------------------------------------------------    -------------------
    SLICE_X4Y24          FDRE (Prop_fdre_C_Q)         0.456     5.592 f  MPG_instance/s_dff2_out_reg[0]/Q
                         net (fo=3, routed)           0.884     6.476    MPG_instance/s_dff2_out_reg[0]_0[0]
    SLICE_X4Y23          LUT2 (Prop_lut2_I0_O)        0.124     6.600 f  MPG_instance/clk_i_2/O
                         net (fo=2, routed)           0.365     6.965    clkdiv_instance/reset
    SLICE_X4Y22          FDCE                                         f  clkdiv_instance/clk_reg/CLR
  -------------------------------------------------------------------    -------------------

                         (clock sys_clk_pin rise edge)
                                                     10.000    10.000 r  
    W5                                                0.000    10.000 r  clk (IN)
                         net (fo=0)                   0.000    10.000    clk
    W5                   IBUF (Prop_ibuf_I_O)         1.388    11.388 r  clk_IBUF_inst/O
                         net (fo=1, routed)           1.862    13.250    clk_IBUF
    BUFGCTRL_X0Y0        BUFG (Prop_bufg_I_O)         0.091    13.341 r  clk_IBUF_BUFG_inst/O
                         net (fo=1750, routed)        1.503    14.844    clkdiv_instance/clk_IBUF_BUFG
    SLICE_X4Y22          FDCE                                         r  clkdiv_instance/clk_reg/C
                         clock pessimism              0.273    15.117    
                         clock uncertainty           -0.035    15.082    
    SLICE_X4Y22          FDCE (Recov_fdce_C_CLR)     -0.405    14.677    clkdiv_instance/clk_reg
  -------------------------------------------------------------------
                         required time                         14.677    
                         arrival time                          -6.965    
  -------------------------------------------------------------------
                         slack                                  7.712    





Min Delay Paths
--------------------------------------------------------------------------------------
Slack (MET) :             0.682ns  (arrival time - required time)
  Source:                 MPG_instance/s_dff3_out_reg[0]/C
                            (rising edge-triggered cell FDRE clocked by sys_clk_pin  {rise@0.000ns fall@5.000ns period=10.000ns})
  Destination:            clkdiv_instance/clk_reg/CLR
                            (removal check against rising-edge clock sys_clk_pin  {rise@0.000ns fall@5.000ns period=10.000ns})
  Path Group:             **async_default**
  Path Type:              Removal (Min at Fast Process Corner)
  Requirement:            0.000ns  (sys_clk_pin rise@0.000ns - sys_clk_pin rise@0.000ns)
  Data Path Delay:        0.606ns  (logic 0.186ns (30.672%)  route 0.420ns (69.328%))
  Logic Levels:           1  (LUT2=1)
  Clock Path Skew:        0.016ns (DCD - SCD - CPR)
    Destination Clock Delay (DCD):    1.978ns
    Source Clock Delay      (SCD):    1.463ns
    Clock Pessimism Removal (CPR):    0.499ns

    Location             Delay type                Incr(ns)  Path(ns)    Netlist Resource(s)
  -------------------------------------------------------------------    -------------------
                         (clock sys_clk_pin rise edge)
                                                      0.000     0.000 r  
    W5                                                0.000     0.000 r  clk (IN)
                         net (fo=0)                   0.000     0.000    clk
    W5                   IBUF (Prop_ibuf_I_O)         0.226     0.226 r  clk_IBUF_inst/O
                         net (fo=1, routed)           0.631     0.858    clk_IBUF
    BUFGCTRL_X0Y0        BUFG (Prop_bufg_I_O)         0.026     0.884 r  clk_IBUF_BUFG_inst/O
                         net (fo=1750, routed)        0.580     1.463    MPG_instance/clk_IBUF_BUFG
    SLICE_X4Y24          FDRE                                         r  MPG_instance/s_dff3_out_reg[0]/C
  -------------------------------------------------------------------    -------------------
    SLICE_X4Y24          FDRE (Prop_fdre_C_Q)         0.141     1.604 r  MPG_instance/s_dff3_out_reg[0]/Q
                         net (fo=2, routed)           0.288     1.892    MPG_instance/s_dff3_out_reg[0]_0[0]
    SLICE_X4Y23          LUT2 (Prop_lut2_I1_O)        0.045     1.937 f  MPG_instance/clk_i_2/O
                         net (fo=2, routed)           0.133     2.070    clkdiv_instance/reset
    SLICE_X4Y22          FDCE                                         f  clkdiv_instance/clk_reg/CLR
  -------------------------------------------------------------------    -------------------

                         (clock sys_clk_pin rise edge)
                                                      0.000     0.000 r  
    W5                                                0.000     0.000 r  clk (IN)
                         net (fo=0)                   0.000     0.000    clk
    W5                   IBUF (Prop_ibuf_I_O)         0.414     0.414 r  clk_IBUF_inst/O
                         net (fo=1, routed)           0.685     1.099    clk_IBUF
    BUFGCTRL_X0Y0        BUFG (Prop_bufg_I_O)         0.029     1.128 r  clk_IBUF_BUFG_inst/O
                         net (fo=1750, routed)        0.851     1.978    clkdiv_instance/clk_IBUF_BUFG
    SLICE_X4Y22          FDCE                                         r  clkdiv_instance/clk_reg/C
                         clock pessimism             -0.499     1.479    
    SLICE_X4Y22          FDCE (Remov_fdce_C_CLR)     -0.092     1.387    clkdiv_instance/clk_reg
  -------------------------------------------------------------------
                         required time                         -1.387    
                         arrival time                           2.070    
  -------------------------------------------------------------------
                         slack                                  0.682    





--------------------------------------------------------------------------------------
Path Group:  (none)
From Clock:  
  To Clock:  

Max Delay           547 Endpoints
Min Delay           547 Endpoints
--------------------------------------------------------------------------------------


Max Delay Paths
--------------------------------------------------------------------------------------
Slack:                    inf
  Source:                 Vcount_reg[3]/C
                            (rising edge-triggered cell FDCE)
  Destination:            R_reg[2]_lopt_replica_4/R
  Path Group:             (none)
  Path Type:              Max at Slow Process Corner
  Data Path Delay:        12.486ns  (logic 4.228ns (33.863%)  route 8.258ns (66.137%))
  Logic Levels:           12  (CARRY4=4 FDCE=1 LUT2=1 LUT3=1 LUT4=1 LUT5=1 LUT6=3)

    Location             Delay type                Incr(ns)  Path(ns)    Netlist Resource(s)
  -------------------------------------------------------------------    -------------------
    SLICE_X2Y30          FDCE                         0.000     0.000 r  Vcount_reg[3]/C
    SLICE_X2Y30          FDCE (Prop_fdce_C_Q)         0.478     0.478 f  Vcount_reg[3]/Q
                         net (fo=22, routed)          1.148     1.626    Vcount_reg_n_0_[3]
    SLICE_X3Y27          LUT3 (Prop_lut3_I1_O)        0.320     1.946 r  CoordX[3]_i_103/O
                         net (fo=2, routed)           0.645     2.591    CoordX[3]_i_103_n_0
    SLICE_X3Y28          LUT4 (Prop_lut4_I3_O)        0.332     2.923 r  CoordX[3]_i_107/O
                         net (fo=1, routed)           0.000     2.923    CoordX[3]_i_107_n_0
    SLICE_X3Y28          CARRY4 (Prop_carry4_S[0]_CO[3])
                                                      0.532     3.455 r  CoordX_reg[3]_i_79/CO[3]
                         net (fo=1, routed)           0.000     3.455    CoordX_reg[3]_i_79_n_0
    SLICE_X3Y29          CARRY4 (Prop_carry4_CI_O[0])
                                                      0.222     3.677 r  CoordX_reg[3]_i_65/O[0]
                         net (fo=5, routed)           1.395     5.072    CoordX_reg[3]_i_65_n_7
    SLICE_X1Y34          CARRY4 (Prop_carry4_S[0]_O[1])
                                                      0.723     5.795 r  CoordX_reg[3]_i_57/O[1]
                         net (fo=1, routed)           1.146     6.941    CoordX_reg[3]_i_57_n_6
    SLICE_X1Y30          LUT2 (Prop_lut2_I1_O)        0.303     7.244 r  CoordX[3]_i_48/O
                         net (fo=1, routed)           0.000     7.244    CoordX[3]_i_48_n_0
    SLICE_X1Y30          CARRY4 (Prop_carry4_S[1]_O[3])
                                                      0.640     7.884 f  CoordX_reg[3]_i_24/O[3]
                         net (fo=1, routed)           0.862     8.746    CoordX_reg[3]_i_24_n_4
    SLICE_X0Y30          LUT6 (Prop_lut6_I4_O)        0.306     9.052 f  CoordX[3]_i_25/O
                         net (fo=1, routed)           0.433     9.486    CoordX[3]_i_25_n_0
    SLICE_X0Y30          LUT5 (Prop_lut5_I4_O)        0.124     9.610 r  CoordX[3]_i_8/O
                         net (fo=1, routed)           0.623    10.233    CoordX[3]_i_8_n_0
    SLICE_X6Y33          LUT6 (Prop_lut6_I5_O)        0.124    10.357 r  CoordX[3]_i_3/O
                         net (fo=2, routed)           0.478    10.834    CoordX[3]_i_3_n_0
    SLICE_X6Y33          LUT6 (Prop_lut6_I0_O)        0.124    10.958 r  R[3]_i_1/O
                         net (fo=12, routed)          1.527    12.486    G
    SLICE_X0Y37          FDRE                                         r  R_reg[2]_lopt_replica_4/R
  -------------------------------------------------------------------    -------------------

Slack:                    inf
  Source:                 Vcount_reg[3]/C
                            (rising edge-triggered cell FDCE)
  Destination:            R_reg[2]_lopt_replica_5/R
  Path Group:             (none)
  Path Type:              Max at Slow Process Corner
  Data Path Delay:        12.486ns  (logic 4.228ns (33.863%)  route 8.258ns (66.137%))
  Logic Levels:           12  (CARRY4=4 FDCE=1 LUT2=1 LUT3=1 LUT4=1 LUT5=1 LUT6=3)

    Location             Delay type                Incr(ns)  Path(ns)    Netlist Resource(s)
  -------------------------------------------------------------------    -------------------
    SLICE_X2Y30          FDCE                         0.000     0.000 r  Vcount_reg[3]/C
    SLICE_X2Y30          FDCE (Prop_fdce_C_Q)         0.478     0.478 f  Vcount_reg[3]/Q
                         net (fo=22, routed)          1.148     1.626    Vcount_reg_n_0_[3]
    SLICE_X3Y27          LUT3 (Prop_lut3_I1_O)        0.320     1.946 r  CoordX[3]_i_103/O
                         net (fo=2, routed)           0.645     2.591    CoordX[3]_i_103_n_0
    SLICE_X3Y28          LUT4 (Prop_lut4_I3_O)        0.332     2.923 r  CoordX[3]_i_107/O
                         net (fo=1, routed)           0.000     2.923    CoordX[3]_i_107_n_0
    SLICE_X3Y28          CARRY4 (Prop_carry4_S[0]_CO[3])
                                                      0.532     3.455 r  CoordX_reg[3]_i_79/CO[3]
                         net (fo=1, routed)           0.000     3.455    CoordX_reg[3]_i_79_n_0
    SLICE_X3Y29          CARRY4 (Prop_carry4_CI_O[0])
                                                      0.222     3.677 r  CoordX_reg[3]_i_65/O[0]
                         net (fo=5, routed)           1.395     5.072    CoordX_reg[3]_i_65_n_7
    SLICE_X1Y34          CARRY4 (Prop_carry4_S[0]_O[1])
                                                      0.723     5.795 r  CoordX_reg[3]_i_57/O[1]
                         net (fo=1, routed)           1.146     6.941    CoordX_reg[3]_i_57_n_6
    SLICE_X1Y30          LUT2 (Prop_lut2_I1_O)        0.303     7.244 r  CoordX[3]_i_48/O
                         net (fo=1, routed)           0.000     7.244    CoordX[3]_i_48_n_0
    SLICE_X1Y30          CARRY4 (Prop_carry4_S[1]_O[3])
                                                      0.640     7.884 f  CoordX_reg[3]_i_24/O[3]
                         net (fo=1, routed)           0.862     8.746    CoordX_reg[3]_i_24_n_4
    SLICE_X0Y30          LUT6 (Prop_lut6_I4_O)        0.306     9.052 f  CoordX[3]_i_25/O
                         net (fo=1, routed)           0.433     9.486    CoordX[3]_i_25_n_0
    SLICE_X0Y30          LUT5 (Prop_lut5_I4_O)        0.124     9.610 r  CoordX[3]_i_8/O
                         net (fo=1, routed)           0.623    10.233    CoordX[3]_i_8_n_0
    SLICE_X6Y33          LUT6 (Prop_lut6_I5_O)        0.124    10.357 r  CoordX[3]_i_3/O
                         net (fo=2, routed)           0.478    10.834    CoordX[3]_i_3_n_0
    SLICE_X6Y33          LUT6 (Prop_lut6_I0_O)        0.124    10.958 r  R[3]_i_1/O
                         net (fo=12, routed)          1.527    12.486    G
    SLICE_X0Y37          FDRE                                         r  R_reg[2]_lopt_replica_5/R
  -------------------------------------------------------------------    -------------------

Slack:                    inf
  Source:                 Vcount_reg[3]/C
                            (rising edge-triggered cell FDCE)
  Destination:            R_reg[3]_lopt_replica_4/R
  Path Group:             (none)
  Path Type:              Max at Slow Process Corner
  Data Path Delay:        12.486ns  (logic 4.228ns (33.863%)  route 8.258ns (66.137%))
  Logic Levels:           12  (CARRY4=4 FDCE=1 LUT2=1 LUT3=1 LUT4=1 LUT5=1 LUT6=3)

    Location             Delay type                Incr(ns)  Path(ns)    Netlist Resource(s)
  -------------------------------------------------------------------    -------------------
    SLICE_X2Y30          FDCE                         0.000     0.000 r  Vcount_reg[3]/C
    SLICE_X2Y30          FDCE (Prop_fdce_C_Q)         0.478     0.478 f  Vcount_reg[3]/Q
                         net (fo=22, routed)          1.148     1.626    Vcount_reg_n_0_[3]
    SLICE_X3Y27          LUT3 (Prop_lut3_I1_O)        0.320     1.946 r  CoordX[3]_i_103/O
                         net (fo=2, routed)           0.645     2.591    CoordX[3]_i_103_n_0
    SLICE_X3Y28          LUT4 (Prop_lut4_I3_O)        0.332     2.923 r  CoordX[3]_i_107/O
                         net (fo=1, routed)           0.000     2.923    CoordX[3]_i_107_n_0
    SLICE_X3Y28          CARRY4 (Prop_carry4_S[0]_CO[3])
                                                      0.532     3.455 r  CoordX_reg[3]_i_79/CO[3]
                         net (fo=1, routed)           0.000     3.455    CoordX_reg[3]_i_79_n_0
    SLICE_X3Y29          CARRY4 (Prop_carry4_CI_O[0])
                                                      0.222     3.677 r  CoordX_reg[3]_i_65/O[0]
                         net (fo=5, routed)           1.395     5.072    CoordX_reg[3]_i_65_n_7
    SLICE_X1Y34          CARRY4 (Prop_carry4_S[0]_O[1])
                                                      0.723     5.795 r  CoordX_reg[3]_i_57/O[1]
                         net (fo=1, routed)           1.146     6.941    CoordX_reg[3]_i_57_n_6
    SLICE_X1Y30          LUT2 (Prop_lut2_I1_O)        0.303     7.244 r  CoordX[3]_i_48/O
                         net (fo=1, routed)           0.000     7.244    CoordX[3]_i_48_n_0
    SLICE_X1Y30          CARRY4 (Prop_carry4_S[1]_O[3])
                                                      0.640     7.884 f  CoordX_reg[3]_i_24/O[3]
                         net (fo=1, routed)           0.862     8.746    CoordX_reg[3]_i_24_n_4
    SLICE_X0Y30          LUT6 (Prop_lut6_I4_O)        0.306     9.052 f  CoordX[3]_i_25/O
                         net (fo=1, routed)           0.433     9.486    CoordX[3]_i_25_n_0
    SLICE_X0Y30          LUT5 (Prop_lut5_I4_O)        0.124     9.610 r  CoordX[3]_i_8/O
                         net (fo=1, routed)           0.623    10.233    CoordX[3]_i_8_n_0
    SLICE_X6Y33          LUT6 (Prop_lut6_I5_O)        0.124    10.357 r  CoordX[3]_i_3/O
                         net (fo=2, routed)           0.478    10.834    CoordX[3]_i_3_n_0
    SLICE_X6Y33          LUT6 (Prop_lut6_I0_O)        0.124    10.958 r  R[3]_i_1/O
                         net (fo=12, routed)          1.527    12.486    G
    SLICE_X0Y37          FDRE                                         r  R_reg[3]_lopt_replica_4/R
  -------------------------------------------------------------------    -------------------

Slack:                    inf
  Source:                 Vcount_reg[3]/C
                            (rising edge-triggered cell FDCE)
  Destination:            R_reg[3]_lopt_replica_5/R
  Path Group:             (none)
  Path Type:              Max at Slow Process Corner
  Data Path Delay:        12.486ns  (logic 4.228ns (33.863%)  route 8.258ns (66.137%))
  Logic Levels:           12  (CARRY4=4 FDCE=1 LUT2=1 LUT3=1 LUT4=1 LUT5=1 LUT6=3)

    Location             Delay type                Incr(ns)  Path(ns)    Netlist Resource(s)
  -------------------------------------------------------------------    -------------------
    SLICE_X2Y30          FDCE                         0.000     0.000 r  Vcount_reg[3]/C
    SLICE_X2Y30          FDCE (Prop_fdce_C_Q)         0.478     0.478 f  Vcount_reg[3]/Q
                         net (fo=22, routed)          1.148     1.626    Vcount_reg_n_0_[3]
    SLICE_X3Y27          LUT3 (Prop_lut3_I1_O)        0.320     1.946 r  CoordX[3]_i_103/O
                         net (fo=2, routed)           0.645     2.591    CoordX[3]_i_103_n_0
    SLICE_X3Y28          LUT4 (Prop_lut4_I3_O)        0.332     2.923 r  CoordX[3]_i_107/O
                         net (fo=1, routed)           0.000     2.923    CoordX[3]_i_107_n_0
    SLICE_X3Y28          CARRY4 (Prop_carry4_S[0]_CO[3])
                                                      0.532     3.455 r  CoordX_reg[3]_i_79/CO[3]
                         net (fo=1, routed)           0.000     3.455    CoordX_reg[3]_i_79_n_0
    SLICE_X3Y29          CARRY4 (Prop_carry4_CI_O[0])
                                                      0.222     3.677 r  CoordX_reg[3]_i_65/O[0]
                         net (fo=5, routed)           1.395     5.072    CoordX_reg[3]_i_65_n_7
    SLICE_X1Y34          CARRY4 (Prop_carry4_S[0]_O[1])
                                                      0.723     5.795 r  CoordX_reg[3]_i_57/O[1]
                         net (fo=1, routed)           1.146     6.941    CoordX_reg[3]_i_57_n_6
    SLICE_X1Y30          LUT2 (Prop_lut2_I1_O)        0.303     7.244 r  CoordX[3]_i_48/O
                         net (fo=1, routed)           0.000     7.244    CoordX[3]_i_48_n_0
    SLICE_X1Y30          CARRY4 (Prop_carry4_S[1]_O[3])
                                                      0.640     7.884 f  CoordX_reg[3]_i_24/O[3]
                         net (fo=1, routed)           0.862     8.746    CoordX_reg[3]_i_24_n_4
    SLICE_X0Y30          LUT6 (Prop_lut6_I4_O)        0.306     9.052 f  CoordX[3]_i_25/O
                         net (fo=1, routed)           0.433     9.486    CoordX[3]_i_25_n_0
    SLICE_X0Y30          LUT5 (Prop_lut5_I4_O)        0.124     9.610 r  CoordX[3]_i_8/O
                         net (fo=1, routed)           0.623    10.233    CoordX[3]_i_8_n_0
    SLICE_X6Y33          LUT6 (Prop_lut6_I5_O)        0.124    10.357 r  CoordX[3]_i_3/O
                         net (fo=2, routed)           0.478    10.834    CoordX[3]_i_3_n_0
    SLICE_X6Y33          LUT6 (Prop_lut6_I0_O)        0.124    10.958 r  R[3]_i_1/O
                         net (fo=12, routed)          1.527    12.486    G
    SLICE_X0Y37          FDRE                                         r  R_reg[3]_lopt_replica_5/R
  -------------------------------------------------------------------    -------------------

Slack:                    inf
  Source:                 Vcount_reg[3]/C
                            (rising edge-triggered cell FDCE)
  Destination:            R_reg[2]/R
  Path Group:             (none)
  Path Type:              Max at Slow Process Corner
  Data Path Delay:        12.481ns  (logic 4.228ns (33.875%)  route 8.253ns (66.125%))
  Logic Levels:           12  (CARRY4=4 FDCE=1 LUT2=1 LUT3=1 LUT4=1 LUT5=1 LUT6=3)

    Location             Delay type                Incr(ns)  Path(ns)    Netlist Resource(s)
  -------------------------------------------------------------------    -------------------
    SLICE_X2Y30          FDCE                         0.000     0.000 r  Vcount_reg[3]/C
    SLICE_X2Y30          FDCE (Prop_fdce_C_Q)         0.478     0.478 f  Vcount_reg[3]/Q
                         net (fo=22, routed)          1.148     1.626    Vcount_reg_n_0_[3]
    SLICE_X3Y27          LUT3 (Prop_lut3_I1_O)        0.320     1.946 r  CoordX[3]_i_103/O
                         net (fo=2, routed)           0.645     2.591    CoordX[3]_i_103_n_0
    SLICE_X3Y28          LUT4 (Prop_lut4_I3_O)        0.332     2.923 r  CoordX[3]_i_107/O
                         net (fo=1, routed)           0.000     2.923    CoordX[3]_i_107_n_0
    SLICE_X3Y28          CARRY4 (Prop_carry4_S[0]_CO[3])
                                                      0.532     3.455 r  CoordX_reg[3]_i_79/CO[3]
                         net (fo=1, routed)           0.000     3.455    CoordX_reg[3]_i_79_n_0
    SLICE_X3Y29          CARRY4 (Prop_carry4_CI_O[0])
                                                      0.222     3.677 r  CoordX_reg[3]_i_65/O[0]
                         net (fo=5, routed)           1.395     5.072    CoordX_reg[3]_i_65_n_7
    SLICE_X1Y34          CARRY4 (Prop_carry4_S[0]_O[1])
                                                      0.723     5.795 r  CoordX_reg[3]_i_57/O[1]
                         net (fo=1, routed)           1.146     6.941    CoordX_reg[3]_i_57_n_6
    SLICE_X1Y30          LUT2 (Prop_lut2_I1_O)        0.303     7.244 r  CoordX[3]_i_48/O
                         net (fo=1, routed)           0.000     7.244    CoordX[3]_i_48_n_0
    SLICE_X1Y30          CARRY4 (Prop_carry4_S[1]_O[3])
                                                      0.640     7.884 f  CoordX_reg[3]_i_24/O[3]
                         net (fo=1, routed)           0.862     8.746    CoordX_reg[3]_i_24_n_4
    SLICE_X0Y30          LUT6 (Prop_lut6_I4_O)        0.306     9.052 f  CoordX[3]_i_25/O
                         net (fo=1, routed)           0.433     9.486    CoordX[3]_i_25_n_0
    SLICE_X0Y30          LUT5 (Prop_lut5_I4_O)        0.124     9.610 r  CoordX[3]_i_8/O
                         net (fo=1, routed)           0.623    10.233    CoordX[3]_i_8_n_0
    SLICE_X6Y33          LUT6 (Prop_lut6_I5_O)        0.124    10.357 r  CoordX[3]_i_3/O
                         net (fo=2, routed)           0.478    10.834    CoordX[3]_i_3_n_0
    SLICE_X6Y33          LUT6 (Prop_lut6_I0_O)        0.124    10.958 r  R[3]_i_1/O
                         net (fo=12, routed)          1.523    12.481    G
    SLICE_X1Y37          FDRE                                         r  R_reg[2]/R
  -------------------------------------------------------------------    -------------------

Slack:                    inf
  Source:                 Vcount_reg[3]/C
                            (rising edge-triggered cell FDCE)
  Destination:            R_reg[2]_lopt_replica/R
  Path Group:             (none)
  Path Type:              Max at Slow Process Corner
  Data Path Delay:        12.481ns  (logic 4.228ns (33.875%)  route 8.253ns (66.125%))
  Logic Levels:           12  (CARRY4=4 FDCE=1 LUT2=1 LUT3=1 LUT4=1 LUT5=1 LUT6=3)

    Location             Delay type                Incr(ns)  Path(ns)    Netlist Resource(s)
  -------------------------------------------------------------------    -------------------
    SLICE_X2Y30          FDCE                         0.000     0.000 r  Vcount_reg[3]/C
    SLICE_X2Y30          FDCE (Prop_fdce_C_Q)         0.478     0.478 f  Vcount_reg[3]/Q
                         net (fo=22, routed)          1.148     1.626    Vcount_reg_n_0_[3]
    SLICE_X3Y27          LUT3 (Prop_lut3_I1_O)        0.320     1.946 r  CoordX[3]_i_103/O
                         net (fo=2, routed)           0.645     2.591    CoordX[3]_i_103_n_0
    SLICE_X3Y28          LUT4 (Prop_lut4_I3_O)        0.332     2.923 r  CoordX[3]_i_107/O
                         net (fo=1, routed)           0.000     2.923    CoordX[3]_i_107_n_0
    SLICE_X3Y28          CARRY4 (Prop_carry4_S[0]_CO[3])
                                                      0.532     3.455 r  CoordX_reg[3]_i_79/CO[3]
                         net (fo=1, routed)           0.000     3.455    CoordX_reg[3]_i_79_n_0
    SLICE_X3Y29          CARRY4 (Prop_carry4_CI_O[0])
                                                      0.222     3.677 r  CoordX_reg[3]_i_65/O[0]
                         net (fo=5, routed)           1.395     5.072    CoordX_reg[3]_i_65_n_7
    SLICE_X1Y34          CARRY4 (Prop_carry4_S[0]_O[1])
                                                      0.723     5.795 r  CoordX_reg[3]_i_57/O[1]
                         net (fo=1, routed)           1.146     6.941    CoordX_reg[3]_i_57_n_6
    SLICE_X1Y30          LUT2 (Prop_lut2_I1_O)        0.303     7.244 r  CoordX[3]_i_48/O
                         net (fo=1, routed)           0.000     7.244    CoordX[3]_i_48_n_0
    SLICE_X1Y30          CARRY4 (Prop_carry4_S[1]_O[3])
                                                      0.640     7.884 f  CoordX_reg[3]_i_24/O[3]
                         net (fo=1, routed)           0.862     8.746    CoordX_reg[3]_i_24_n_4
    SLICE_X0Y30          LUT6 (Prop_lut6_I4_O)        0.306     9.052 f  CoordX[3]_i_25/O
                         net (fo=1, routed)           0.433     9.486    CoordX[3]_i_25_n_0
    SLICE_X0Y30          LUT5 (Prop_lut5_I4_O)        0.124     9.610 r  CoordX[3]_i_8/O
                         net (fo=1, routed)           0.623    10.233    CoordX[3]_i_8_n_0
    SLICE_X6Y33          LUT6 (Prop_lut6_I5_O)        0.124    10.357 r  CoordX[3]_i_3/O
                         net (fo=2, routed)           0.478    10.834    CoordX[3]_i_3_n_0
    SLICE_X6Y33          LUT6 (Prop_lut6_I0_O)        0.124    10.958 r  R[3]_i_1/O
                         net (fo=12, routed)          1.523    12.481    G
    SLICE_X1Y37          FDRE                                         r  R_reg[2]_lopt_replica/R
  -------------------------------------------------------------------    -------------------

Slack:                    inf
  Source:                 Vcount_reg[3]/C
                            (rising edge-triggered cell FDCE)
  Destination:            R_reg[2]_lopt_replica_2/R
  Path Group:             (none)
  Path Type:              Max at Slow Process Corner
  Data Path Delay:        12.481ns  (logic 4.228ns (33.875%)  route 8.253ns (66.125%))
  Logic Levels:           12  (CARRY4=4 FDCE=1 LUT2=1 LUT3=1 LUT4=1 LUT5=1 LUT6=3)

    Location             Delay type                Incr(ns)  Path(ns)    Netlist Resource(s)
  -------------------------------------------------------------------    -------------------
    SLICE_X2Y30          FDCE                         0.000     0.000 r  Vcount_reg[3]/C
    SLICE_X2Y30          FDCE (Prop_fdce_C_Q)         0.478     0.478 f  Vcount_reg[3]/Q
                         net (fo=22, routed)          1.148     1.626    Vcount_reg_n_0_[3]
    SLICE_X3Y27          LUT3 (Prop_lut3_I1_O)        0.320     1.946 r  CoordX[3]_i_103/O
                         net (fo=2, routed)           0.645     2.591    CoordX[3]_i_103_n_0
    SLICE_X3Y28          LUT4 (Prop_lut4_I3_O)        0.332     2.923 r  CoordX[3]_i_107/O
                         net (fo=1, routed)           0.000     2.923    CoordX[3]_i_107_n_0
    SLICE_X3Y28          CARRY4 (Prop_carry4_S[0]_CO[3])
                                                      0.532     3.455 r  CoordX_reg[3]_i_79/CO[3]
                         net (fo=1, routed)           0.000     3.455    CoordX_reg[3]_i_79_n_0
    SLICE_X3Y29          CARRY4 (Prop_carry4_CI_O[0])
                                                      0.222     3.677 r  CoordX_reg[3]_i_65/O[0]
                         net (fo=5, routed)           1.395     5.072    CoordX_reg[3]_i_65_n_7
    SLICE_X1Y34          CARRY4 (Prop_carry4_S[0]_O[1])
                                                      0.723     5.795 r  CoordX_reg[3]_i_57/O[1]
                         net (fo=1, routed)           1.146     6.941    CoordX_reg[3]_i_57_n_6
    SLICE_X1Y30          LUT2 (Prop_lut2_I1_O)        0.303     7.244 r  CoordX[3]_i_48/O
                         net (fo=1, routed)           0.000     7.244    CoordX[3]_i_48_n_0
    SLICE_X1Y30          CARRY4 (Prop_carry4_S[1]_O[3])
                                                      0.640     7.884 f  CoordX_reg[3]_i_24/O[3]
                         net (fo=1, routed)           0.862     8.746    CoordX_reg[3]_i_24_n_4
    SLICE_X0Y30          LUT6 (Prop_lut6_I4_O)        0.306     9.052 f  CoordX[3]_i_25/O
                         net (fo=1, routed)           0.433     9.486    CoordX[3]_i_25_n_0
    SLICE_X0Y30          LUT5 (Prop_lut5_I4_O)        0.124     9.610 r  CoordX[3]_i_8/O
                         net (fo=1, routed)           0.623    10.233    CoordX[3]_i_8_n_0
    SLICE_X6Y33          LUT6 (Prop_lut6_I5_O)        0.124    10.357 r  CoordX[3]_i_3/O
                         net (fo=2, routed)           0.478    10.834    CoordX[3]_i_3_n_0
    SLICE_X6Y33          LUT6 (Prop_lut6_I0_O)        0.124    10.958 r  R[3]_i_1/O
                         net (fo=12, routed)          1.523    12.481    G
    SLICE_X1Y37          FDRE                                         r  R_reg[2]_lopt_replica_2/R
  -------------------------------------------------------------------    -------------------

Slack:                    inf
  Source:                 Vcount_reg[3]/C
                            (rising edge-triggered cell FDCE)
  Destination:            R_reg[2]_lopt_replica_3/R
  Path Group:             (none)
  Path Type:              Max at Slow Process Corner
  Data Path Delay:        12.481ns  (logic 4.228ns (33.875%)  route 8.253ns (66.125%))
  Logic Levels:           12  (CARRY4=4 FDCE=1 LUT2=1 LUT3=1 LUT4=1 LUT5=1 LUT6=3)

    Location             Delay type                Incr(ns)  Path(ns)    Netlist Resource(s)
  -------------------------------------------------------------------    -------------------
    SLICE_X2Y30          FDCE                         0.000     0.000 r  Vcount_reg[3]/C
    SLICE_X2Y30          FDCE (Prop_fdce_C_Q)         0.478     0.478 f  Vcount_reg[3]/Q
                         net (fo=22, routed)          1.148     1.626    Vcount_reg_n_0_[3]
    SLICE_X3Y27          LUT3 (Prop_lut3_I1_O)        0.320     1.946 r  CoordX[3]_i_103/O
                         net (fo=2, routed)           0.645     2.591    CoordX[3]_i_103_n_0
    SLICE_X3Y28          LUT4 (Prop_lut4_I3_O)        0.332     2.923 r  CoordX[3]_i_107/O
                         net (fo=1, routed)           0.000     2.923    CoordX[3]_i_107_n_0
    SLICE_X3Y28          CARRY4 (Prop_carry4_S[0]_CO[3])
                                                      0.532     3.455 r  CoordX_reg[3]_i_79/CO[3]
                         net (fo=1, routed)           0.000     3.455    CoordX_reg[3]_i_79_n_0
    SLICE_X3Y29          CARRY4 (Prop_carry4_CI_O[0])
                                                      0.222     3.677 r  CoordX_reg[3]_i_65/O[0]
                         net (fo=5, routed)           1.395     5.072    CoordX_reg[3]_i_65_n_7
    SLICE_X1Y34          CARRY4 (Prop_carry4_S[0]_O[1])
                                                      0.723     5.795 r  CoordX_reg[3]_i_57/O[1]
                         net (fo=1, routed)           1.146     6.941    CoordX_reg[3]_i_57_n_6
    SLICE_X1Y30          LUT2 (Prop_lut2_I1_O)        0.303     7.244 r  CoordX[3]_i_48/O
                         net (fo=1, routed)           0.000     7.244    CoordX[3]_i_48_n_0
    SLICE_X1Y30          CARRY4 (Prop_carry4_S[1]_O[3])
                                                      0.640     7.884 f  CoordX_reg[3]_i_24/O[3]
                         net (fo=1, routed)           0.862     8.746    CoordX_reg[3]_i_24_n_4
    SLICE_X0Y30          LUT6 (Prop_lut6_I4_O)        0.306     9.052 f  CoordX[3]_i_25/O
                         net (fo=1, routed)           0.433     9.486    CoordX[3]_i_25_n_0
    SLICE_X0Y30          LUT5 (Prop_lut5_I4_O)        0.124     9.610 r  CoordX[3]_i_8/O
                         net (fo=1, routed)           0.623    10.233    CoordX[3]_i_8_n_0
    SLICE_X6Y33          LUT6 (Prop_lut6_I5_O)        0.124    10.357 r  CoordX[3]_i_3/O
                         net (fo=2, routed)           0.478    10.834    CoordX[3]_i_3_n_0
    SLICE_X6Y33          LUT6 (Prop_lut6_I0_O)        0.124    10.958 r  R[3]_i_1/O
                         net (fo=12, routed)          1.523    12.481    G
    SLICE_X1Y37          FDRE                                         r  R_reg[2]_lopt_replica_3/R
  -------------------------------------------------------------------    -------------------

Slack:                    inf
  Source:                 Vcount_reg[3]/C
                            (rising edge-triggered cell FDCE)
  Destination:            Color_reg[10]/CE
  Path Group:             (none)
  Path Type:              Max at Slow Process Corner
  Data Path Delay:        12.414ns  (logic 4.228ns (34.058%)  route 8.186ns (65.942%))
  Logic Levels:           12  (CARRY4=4 FDCE=1 LUT2=2 LUT3=1 LUT4=1 LUT5=1 LUT6=2)

    Location             Delay type                Incr(ns)  Path(ns)    Netlist Resource(s)
  -------------------------------------------------------------------    -------------------
    SLICE_X2Y30          FDCE                         0.000     0.000 r  Vcount_reg[3]/C
    SLICE_X2Y30          FDCE (Prop_fdce_C_Q)         0.478     0.478 f  Vcount_reg[3]/Q
                         net (fo=22, routed)          1.148     1.626    Vcount_reg_n_0_[3]
    SLICE_X3Y27          LUT3 (Prop_lut3_I1_O)        0.320     1.946 r  CoordX[3]_i_103/O
                         net (fo=2, routed)           0.645     2.591    CoordX[3]_i_103_n_0
    SLICE_X3Y28          LUT4 (Prop_lut4_I3_O)        0.332     2.923 r  CoordX[3]_i_107/O
                         net (fo=1, routed)           0.000     2.923    CoordX[3]_i_107_n_0
    SLICE_X3Y28          CARRY4 (Prop_carry4_S[0]_CO[3])
                                                      0.532     3.455 r  CoordX_reg[3]_i_79/CO[3]
                         net (fo=1, routed)           0.000     3.455    CoordX_reg[3]_i_79_n_0
    SLICE_X3Y29          CARRY4 (Prop_carry4_CI_O[0])
                                                      0.222     3.677 r  CoordX_reg[3]_i_65/O[0]
                         net (fo=5, routed)           1.395     5.072    CoordX_reg[3]_i_65_n_7
    SLICE_X1Y34          CARRY4 (Prop_carry4_S[0]_O[1])
                                                      0.723     5.795 r  CoordX_reg[3]_i_57/O[1]
                         net (fo=1, routed)           1.146     6.941    CoordX_reg[3]_i_57_n_6
    SLICE_X1Y30          LUT2 (Prop_lut2_I1_O)        0.303     7.244 r  CoordX[3]_i_48/O
                         net (fo=1, routed)           0.000     7.244    CoordX[3]_i_48_n_0
    SLICE_X1Y30          CARRY4 (Prop_carry4_S[1]_O[3])
                                                      0.640     7.884 r  CoordX_reg[3]_i_24/O[3]
                         net (fo=1, routed)           0.862     8.746    CoordX_reg[3]_i_24_n_4
    SLICE_X0Y30          LUT6 (Prop_lut6_I4_O)        0.306     9.052 r  CoordX[3]_i_25/O
                         net (fo=1, routed)           0.433     9.486    CoordX[3]_i_25_n_0
    SLICE_X0Y30          LUT5 (Prop_lut5_I4_O)        0.124     9.610 f  CoordX[3]_i_8/O
                         net (fo=1, routed)           0.623    10.233    CoordX[3]_i_8_n_0
    SLICE_X6Y33          LUT6 (Prop_lut6_I5_O)        0.124    10.357 f  CoordX[3]_i_3/O
                         net (fo=2, routed)           0.672    11.028    CoordX[3]_i_3_n_0
    SLICE_X6Y34          LUT2 (Prop_lut2_I1_O)        0.124    11.152 r  CoordX[3]_i_1/O
                         net (fo=9, routed)           1.262    12.414    CoordX
    SLICE_X2Y38          FDRE                                         r  Color_reg[10]/CE
  -------------------------------------------------------------------    -------------------

Slack:                    inf
  Source:                 Vcount_reg[3]/C
                            (rising edge-triggered cell FDCE)
  Destination:            R_reg[3]_lopt_replica_2/R
  Path Group:             (none)
  Path Type:              Max at Slow Process Corner
  Data Path Delay:        12.014ns  (logic 4.228ns (35.192%)  route 7.786ns (64.808%))
  Logic Levels:           12  (CARRY4=4 FDCE=1 LUT2=1 LUT3=1 LUT4=1 LUT5=1 LUT6=3)

    Location             Delay type                Incr(ns)  Path(ns)    Netlist Resource(s)
  -------------------------------------------------------------------    -------------------
    SLICE_X2Y30          FDCE                         0.000     0.000 r  Vcount_reg[3]/C
    SLICE_X2Y30          FDCE (Prop_fdce_C_Q)         0.478     0.478 f  Vcount_reg[3]/Q
                         net (fo=22, routed)          1.148     1.626    Vcount_reg_n_0_[3]
    SLICE_X3Y27          LUT3 (Prop_lut3_I1_O)        0.320     1.946 r  CoordX[3]_i_103/O
                         net (fo=2, routed)           0.645     2.591    CoordX[3]_i_103_n_0
    SLICE_X3Y28          LUT4 (Prop_lut4_I3_O)        0.332     2.923 r  CoordX[3]_i_107/O
                         net (fo=1, routed)           0.000     2.923    CoordX[3]_i_107_n_0
    SLICE_X3Y28          CARRY4 (Prop_carry4_S[0]_CO[3])
                                                      0.532     3.455 r  CoordX_reg[3]_i_79/CO[3]
                         net (fo=1, routed)           0.000     3.455    CoordX_reg[3]_i_79_n_0
    SLICE_X3Y29          CARRY4 (Prop_carry4_CI_O[0])
                                                      0.222     3.677 r  CoordX_reg[3]_i_65/O[0]
                         net (fo=5, routed)           1.395     5.072    CoordX_reg[3]_i_65_n_7
    SLICE_X1Y34          CARRY4 (Prop_carry4_S[0]_O[1])
                                                      0.723     5.795 r  CoordX_reg[3]_i_57/O[1]
                         net (fo=1, routed)           1.146     6.941    CoordX_reg[3]_i_57_n_6
    SLICE_X1Y30          LUT2 (Prop_lut2_I1_O)        0.303     7.244 r  CoordX[3]_i_48/O
                         net (fo=1, routed)           0.000     7.244    CoordX[3]_i_48_n_0
    SLICE_X1Y30          CARRY4 (Prop_carry4_S[1]_O[3])
                                                      0.640     7.884 f  CoordX_reg[3]_i_24/O[3]
                         net (fo=1, routed)           0.862     8.746    CoordX_reg[3]_i_24_n_4
    SLICE_X0Y30          LUT6 (Prop_lut6_I4_O)        0.306     9.052 f  CoordX[3]_i_25/O
                         net (fo=1, routed)           0.433     9.486    CoordX[3]_i_25_n_0
    SLICE_X0Y30          LUT5 (Prop_lut5_I4_O)        0.124     9.610 r  CoordX[3]_i_8/O
                         net (fo=1, routed)           0.623    10.233    CoordX[3]_i_8_n_0
    SLICE_X6Y33          LUT6 (Prop_lut6_I5_O)        0.124    10.357 r  CoordX[3]_i_3/O
                         net (fo=2, routed)           0.478    10.834    CoordX[3]_i_3_n_0
    SLICE_X6Y33          LUT6 (Prop_lut6_I0_O)        0.124    10.958 r  R[3]_i_1/O
                         net (fo=12, routed)          1.056    12.014    G
    SLICE_X0Y35          FDRE                                         r  R_reg[3]_lopt_replica_2/R
  -------------------------------------------------------------------    -------------------





Min Delay Paths
--------------------------------------------------------------------------------------
Slack:                    inf
  Source:                 Color_reg[10]/C
                            (rising edge-triggered cell FDRE)
  Destination:            R_reg[2]_lopt_replica_3/D
  Path Group:             (none)
  Path Type:              Min at Fast Process Corner
  Data Path Delay:        0.274ns  (logic 0.164ns (59.880%)  route 0.110ns (40.120%))
  Logic Levels:           1  (FDRE=1)

    Location             Delay type                Incr(ns)  Path(ns)    Netlist Resource(s)
  -------------------------------------------------------------------    -------------------
    SLICE_X2Y38          FDRE                         0.000     0.000 r  Color_reg[10]/C
    SLICE_X2Y38          FDRE (Prop_fdre_C_Q)         0.164     0.164 r  Color_reg[10]/Q
                         net (fo=6, routed)           0.110     0.274    p_1_in[2]
    SLICE_X1Y37          FDRE                                         r  R_reg[2]_lopt_replica_3/D
  -------------------------------------------------------------------    -------------------

Slack:                    inf
  Source:                 clkdiv_instance/clock25mh_reg/C
                            (rising edge-triggered cell FDCE)
  Destination:            clkdiv_instance/clk_out1_reg/D
  Path Group:             (none)
  Path Type:              Min at Fast Process Corner
  Data Path Delay:        0.294ns  (logic 0.186ns (63.272%)  route 0.108ns (36.728%))
  Logic Levels:           2  (FDCE=1 LUT4=1)

    Location             Delay type                Incr(ns)  Path(ns)    Netlist Resource(s)
  -------------------------------------------------------------------    -------------------
    SLICE_X5Y23          FDCE                         0.000     0.000 r  clkdiv_instance/clock25mh_reg/C
    SLICE_X5Y23          FDCE (Prop_fdce_C_Q)         0.141     0.141 r  clkdiv_instance/clock25mh_reg/Q
                         net (fo=2, routed)           0.108     0.249    clkdiv_instance/clock25mh
    SLICE_X4Y23          LUT4 (Prop_lut4_I3_O)        0.045     0.294 r  clkdiv_instance/clk_out1_i_1/O
                         net (fo=1, routed)           0.000     0.294    clkdiv_instance/clk_out1_i_1_n_0
    SLICE_X4Y23          FDRE                                         r  clkdiv_instance/clk_out1_reg/D
  -------------------------------------------------------------------    -------------------

Slack:                    inf
  Source:                 Squares_reg[6,11][3]/C
                            (rising edge-triggered cell FDCE)
  Destination:            Squares_reg[6,11][3]/D
  Path Group:             (none)
  Path Type:              Min at Fast Process Corner
  Data Path Delay:        0.306ns  (logic 0.186ns (60.711%)  route 0.120ns (39.289%))
  Logic Levels:           2  (FDCE=1 LUT5=1)

    Location             Delay type                Incr(ns)  Path(ns)    Netlist Resource(s)
  -------------------------------------------------------------------    -------------------
    SLICE_X7Y44          FDCE                         0.000     0.000 r  Squares_reg[6,11][3]/C
    SLICE_X7Y44          FDCE (Prop_fdce_C_Q)         0.141     0.141 r  Squares_reg[6,11][3]/Q
                         net (fo=5, routed)           0.120     0.261    MPG_instance/Squares_reg[6,11][3]
    SLICE_X7Y44          LUT5 (Prop_lut5_I4_O)        0.045     0.306 r  MPG_instance/Squares[6,11][3]_i_1/O
                         net (fo=1, routed)           0.000     0.306    MPG_instance_n_17
    SLICE_X7Y44          FDCE                                         r  Squares_reg[6,11][3]/D
  -------------------------------------------------------------------    -------------------

Slack:                    inf
  Source:                 Squares_reg[13,4][3]/C
                            (rising edge-triggered cell FDCE)
  Destination:            Squares_reg[13,4][3]/D
  Path Group:             (none)
  Path Type:              Min at Fast Process Corner
  Data Path Delay:        0.311ns  (logic 0.186ns (59.747%)  route 0.125ns (40.253%))
  Logic Levels:           2  (FDCE=1 LUT6=1)

    Location             Delay type                Incr(ns)  Path(ns)    Netlist Resource(s)
  -------------------------------------------------------------------    -------------------
    SLICE_X5Y43          FDCE                         0.000     0.000 r  Squares_reg[13,4][3]/C
    SLICE_X5Y43          FDCE (Prop_fdce_C_Q)         0.141     0.141 r  Squares_reg[13,4][3]/Q
                         net (fo=3, routed)           0.125     0.266    MPG_instance/Squares_reg[13,4][3]
    SLICE_X5Y43          LUT6 (Prop_lut6_I5_O)        0.045     0.311 r  MPG_instance/Squares[13,4][3]_i_1/O
                         net (fo=1, routed)           0.000     0.311    MPG_instance_n_76
    SLICE_X5Y43          FDCE                                         r  Squares_reg[13,4][3]/D
  -------------------------------------------------------------------    -------------------

Slack:                    inf
  Source:                 Squares_reg[4,8][3]/C
                            (rising edge-triggered cell FDCE)
  Destination:            Squares_reg[4,8][3]/D
  Path Group:             (none)
  Path Type:              Min at Fast Process Corner
  Data Path Delay:        0.320ns  (logic 0.186ns (58.177%)  route 0.134ns (41.823%))
  Logic Levels:           2  (FDCE=1 LUT6=1)

    Location             Delay type                Incr(ns)  Path(ns)    Netlist Resource(s)
  -------------------------------------------------------------------    -------------------
    SLICE_X11Y42         FDCE                         0.000     0.000 r  Squares_reg[4,8][3]/C
    SLICE_X11Y42         FDCE (Prop_fdce_C_Q)         0.141     0.141 r  Squares_reg[4,8][3]/Q
                         net (fo=5, routed)           0.134     0.275    MPG_instance/Squares_reg[4,8][3]
    SLICE_X11Y42         LUT6 (Prop_lut6_I5_O)        0.045     0.320 r  MPG_instance/Squares[4,8][3]_i_1/O
                         net (fo=1, routed)           0.000     0.320    MPG_instance_n_185
    SLICE_X11Y42         FDCE                                         r  Squares_reg[4,8][3]/D
  -------------------------------------------------------------------    -------------------

Slack:                    inf
  Source:                 Squares_reg[5,12][3]/C
                            (rising edge-triggered cell FDCE)
  Destination:            Squares_reg[5,12][3]/D
  Path Group:             (none)
  Path Type:              Min at Fast Process Corner
  Data Path Delay:        0.330ns  (logic 0.186ns (56.402%)  route 0.144ns (43.598%))
  Logic Levels:           2  (FDCE=1 LUT6=1)

    Location             Delay type                Incr(ns)  Path(ns)    Netlist Resource(s)
  -------------------------------------------------------------------    -------------------
    SLICE_X7Y41          FDCE                         0.000     0.000 r  Squares_reg[5,12][3]/C
    SLICE_X7Y41          FDCE (Prop_fdce_C_Q)         0.141     0.141 r  Squares_reg[5,12][3]/Q
                         net (fo=5, routed)           0.144     0.285    MPG_instance/Squares_reg[5,12][3]
    SLICE_X7Y41          LUT6 (Prop_lut6_I5_O)        0.045     0.330 r  MPG_instance/Squares[5,12][3]_i_1/O
                         net (fo=1, routed)           0.000     0.330    MPG_instance_n_179
    SLICE_X7Y41          FDCE                                         r  Squares_reg[5,12][3]/D
  -------------------------------------------------------------------    -------------------

Slack:                    inf
  Source:                 Squares_reg[8,2][3]/C
                            (rising edge-triggered cell FDCE)
  Destination:            Squares_reg[8,2][3]/D
  Path Group:             (none)
  Path Type:              Min at Fast Process Corner
  Data Path Delay:        0.334ns  (logic 0.186ns (55.737%)  route 0.148ns (44.263%))
  Logic Levels:           2  (FDCE=1 LUT6=1)

    Location             Delay type                Incr(ns)  Path(ns)    Netlist Resource(s)
  -------------------------------------------------------------------    -------------------
    SLICE_X1Y46          FDCE                         0.000     0.000 r  Squares_reg[8,2][3]/C
    SLICE_X1Y46          FDCE (Prop_fdce_C_Q)         0.141     0.141 r  Squares_reg[8,2][3]/Q
                         net (fo=5, routed)           0.148     0.289    MPG_instance/Squares_reg[8,2][3]
    SLICE_X1Y46          LUT6 (Prop_lut6_I5_O)        0.045     0.334 r  MPG_instance/Squares[8,2][3]_i_1/O
                         net (fo=1, routed)           0.000     0.334    MPG_instance_n_34
    SLICE_X1Y46          FDCE                                         r  Squares_reg[8,2][3]/D
  -------------------------------------------------------------------    -------------------

Slack:                    inf
  Source:                 Color_reg[10]/C
                            (rising edge-triggered cell FDRE)
  Destination:            R_reg[2]_lopt_replica_5/D
  Path Group:             (none)
  Path Type:              Min at Fast Process Corner
  Data Path Delay:        0.338ns  (logic 0.164ns (48.575%)  route 0.174ns (51.425%))
  Logic Levels:           1  (FDRE=1)

    Location             Delay type                Incr(ns)  Path(ns)    Netlist Resource(s)
  -------------------------------------------------------------------    -------------------
    SLICE_X2Y38          FDRE                         0.000     0.000 r  Color_reg[10]/C
    SLICE_X2Y38          FDRE (Prop_fdre_C_Q)         0.164     0.164 r  Color_reg[10]/Q
                         net (fo=6, routed)           0.174     0.338    p_1_in[2]
    SLICE_X0Y37          FDRE                                         r  R_reg[2]_lopt_replica_5/D
  -------------------------------------------------------------------    -------------------

Slack:                    inf
  Source:                 Squares_reg[5,6][3]/C
                            (rising edge-triggered cell FDCE)
  Destination:            Squares_reg[5,6][3]/D
  Path Group:             (none)
  Path Type:              Min at Fast Process Corner
  Data Path Delay:        0.341ns  (logic 0.186ns (54.623%)  route 0.155ns (45.377%))
  Logic Levels:           2  (FDCE=1 LUT6=1)

    Location             Delay type                Incr(ns)  Path(ns)    Netlist Resource(s)
  -------------------------------------------------------------------    -------------------
    SLICE_X11Y43         FDCE                         0.000     0.000 r  Squares_reg[5,6][3]/C
    SLICE_X11Y43         FDCE (Prop_fdce_C_Q)         0.141     0.141 r  Squares_reg[5,6][3]/Q
                         net (fo=5, routed)           0.155     0.296    MPG_instance/Squares_reg[5,6][3]
    SLICE_X11Y43         LUT6 (Prop_lut6_I5_O)        0.045     0.341 r  MPG_instance/Squares[5,6][3]_i_1/O
                         net (fo=1, routed)           0.000     0.341    MPG_instance_n_173
    SLICE_X11Y43         FDCE                                         r  Squares_reg[5,6][3]/D
  -------------------------------------------------------------------    -------------------

Slack:                    inf
  Source:                 Squares_reg[0,4][3]/C
                            (rising edge-triggered cell FDCE)
  Destination:            Squares_reg[0,4][3]/D
  Path Group:             (none)
  Path Type:              Min at Fast Process Corner
  Data Path Delay:        0.341ns  (logic 0.186ns (54.613%)  route 0.155ns (45.387%))
  Logic Levels:           2  (FDCE=1 LUT6=1)

    Location             Delay type                Incr(ns)  Path(ns)    Netlist Resource(s)
  -------------------------------------------------------------------    -------------------
    SLICE_X11Y44         FDCE                         0.000     0.000 r  Squares_reg[0,4][3]/C
    SLICE_X11Y44         FDCE (Prop_fdce_C_Q)         0.141     0.141 r  Squares_reg[0,4][3]/Q
                         net (fo=3, routed)           0.155     0.296    MPG_instance/Squares_reg[0,4][3]
    SLICE_X11Y44         LUT6 (Prop_lut6_I5_O)        0.045     0.341 r  MPG_instance/Squares[0,4][3]_i_1/O
                         net (fo=1, routed)           0.000     0.341    MPG_instance_n_111
    SLICE_X11Y44         FDCE                                         r  Squares_reg[0,4][3]/D
  -------------------------------------------------------------------    -------------------





--------------------------------------------------------------------------------------
Path Group:  (none)
From Clock:  sys_clk_pin
  To Clock:  

Max Delay           223 Endpoints
Min Delay           223 Endpoints
--------------------------------------------------------------------------------------


Max Delay Paths
--------------------------------------------------------------------------------------
Slack:                    inf
  Source:                 SSD_instance/s_cnt_out_reg[14]/C
                            (rising edge-triggered cell FDRE clocked by sys_clk_pin  {rise@0.000ns fall@5.000ns period=10.000ns})
  Destination:            cat[5]
                            (output port)
  Path Group:             (none)
  Path Type:              Max at Slow Process Corner
  Data Path Delay:        11.934ns  (logic 4.671ns (39.142%)  route 7.263ns (60.858%))
  Logic Levels:           3  (LUT4=1 LUT5=1 OBUF=1)
  Clock Uncertainty:      0.025ns  ((TSJ^2 + TIJ^2)^1/2 + DJ) / 2 + PE
    Total System Jitter     (TSJ):    0.050ns
    Total Input Jitter      (TIJ):    0.000ns
    Discrete Jitter          (DJ):    0.000ns
    Phase Error              (PE):    0.000ns

    Location             Delay type                Incr(ns)  Path(ns)    Netlist Resource(s)
  -------------------------------------------------------------------    -------------------
                         (clock sys_clk_pin rise edge)
                                                      0.000     0.000 r  
    W5                                                0.000     0.000 r  clk (IN)
                         net (fo=0)                   0.000     0.000    clk
    W5                   IBUF (Prop_ibuf_I_O)         1.458     1.458 r  clk_IBUF_inst/O
                         net (fo=1, routed)           1.967     3.425    clk_IBUF
    BUFGCTRL_X0Y0        BUFG (Prop_bufg_I_O)         0.096     3.521 r  clk_IBUF_BUFG_inst/O
                         net (fo=1750, routed)        1.614     5.135    SSD_instance/clk_IBUF_BUFG
    SLICE_X3Y80          FDRE                                         r  SSD_instance/s_cnt_out_reg[14]/C
  -------------------------------------------------------------------    -------------------
    SLICE_X3Y80          FDRE (Prop_fdre_C_Q)         0.456     5.591 r  SSD_instance/s_cnt_out_reg[14]/Q
                         net (fo=9, routed)           1.320     6.910    SSD_instance/p_0_in[0]
    SLICE_X5Y76          LUT5 (Prop_lut5_I3_O)        0.152     7.062 r  SSD_instance/cat_OBUF[6]_inst_i_3/O
                         net (fo=7, routed)           0.838     7.900    SSD_instance/s_top_mux__23[0]
    SLICE_X7Y76          LUT4 (Prop_lut4_I2_O)        0.356     8.256 r  SSD_instance/cat_OBUF[5]_inst_i_1/O
                         net (fo=1, routed)           5.106    13.362    cat_OBUF[5]
    V5                   OBUF (Prop_obuf_I_O)         3.707    17.069 r  cat_OBUF[5]_inst/O
                         net (fo=0)                   0.000    17.069    cat[5]
    V5                                                                r  cat[5] (OUT)
  -------------------------------------------------------------------    -------------------

Slack:                    inf
  Source:                 SSD_instance/s_cnt_out_reg[14]/C
                            (rising edge-triggered cell FDRE clocked by sys_clk_pin  {rise@0.000ns fall@5.000ns period=10.000ns})
  Destination:            cat[1]
                            (output port)
  Path Group:             (none)
  Path Type:              Max at Slow Process Corner
  Data Path Delay:        11.832ns  (logic 4.693ns (39.666%)  route 7.138ns (60.334%))
  Logic Levels:           3  (LUT4=1 LUT5=1 OBUF=1)
  Clock Uncertainty:      0.025ns  ((TSJ^2 + TIJ^2)^1/2 + DJ) / 2 + PE
    Total System Jitter     (TSJ):    0.050ns
    Total Input Jitter      (TIJ):    0.000ns
    Discrete Jitter          (DJ):    0.000ns
    Phase Error              (PE):    0.000ns

    Location             Delay type                Incr(ns)  Path(ns)    Netlist Resource(s)
  -------------------------------------------------------------------    -------------------
                         (clock sys_clk_pin rise edge)
                                                      0.000     0.000 r  
    W5                                                0.000     0.000 r  clk (IN)
                         net (fo=0)                   0.000     0.000    clk
    W5                   IBUF (Prop_ibuf_I_O)         1.458     1.458 r  clk_IBUF_inst/O
                         net (fo=1, routed)           1.967     3.425    clk_IBUF
    BUFGCTRL_X0Y0        BUFG (Prop_bufg_I_O)         0.096     3.521 r  clk_IBUF_BUFG_inst/O
                         net (fo=1750, routed)        1.614     5.135    SSD_instance/clk_IBUF_BUFG
    SLICE_X3Y80          FDRE                                         r  SSD_instance/s_cnt_out_reg[14]/C
  -------------------------------------------------------------------    -------------------
    SLICE_X3Y80          FDRE (Prop_fdre_C_Q)         0.456     5.591 r  SSD_instance/s_cnt_out_reg[14]/Q
                         net (fo=9, routed)           1.155     6.746    SSD_instance/p_0_in[0]
    SLICE_X6Y77          LUT5 (Prop_lut5_I3_O)        0.150     6.896 r  SSD_instance/cat_OBUF[6]_inst_i_2/O
                         net (fo=7, routed)           1.019     7.916    SSD_instance/s_top_mux__23[3]
    SLICE_X7Y76          LUT4 (Prop_lut4_I0_O)        0.356     8.272 r  SSD_instance/cat_OBUF[1]_inst_i_1/O
                         net (fo=1, routed)           4.964    13.235    cat_OBUF[1]
    W6                   OBUF (Prop_obuf_I_O)         3.731    16.966 r  cat_OBUF[1]_inst/O
                         net (fo=0)                   0.000    16.966    cat[1]
    W6                                                                r  cat[1] (OUT)
  -------------------------------------------------------------------    -------------------

Slack:                    inf
  Source:                 SSD_instance/s_cnt_out_reg[14]/C
                            (rising edge-triggered cell FDRE clocked by sys_clk_pin  {rise@0.000ns fall@5.000ns period=10.000ns})
  Destination:            cat[3]
                            (output port)
  Path Group:             (none)
  Path Type:              Max at Slow Process Corner
  Data Path Delay:        11.665ns  (logic 4.470ns (38.318%)  route 7.195ns (61.682%))
  Logic Levels:           3  (LUT4=1 LUT5=1 OBUF=1)
  Clock Uncertainty:      0.025ns  ((TSJ^2 + TIJ^2)^1/2 + DJ) / 2 + PE
    Total System Jitter     (TSJ):    0.050ns
    Total Input Jitter      (TIJ):    0.000ns
    Discrete Jitter          (DJ):    0.000ns
    Phase Error              (PE):    0.000ns

    Location             Delay type                Incr(ns)  Path(ns)    Netlist Resource(s)
  -------------------------------------------------------------------    -------------------
                         (clock sys_clk_pin rise edge)
                                                      0.000     0.000 r  
    W5                                                0.000     0.000 r  clk (IN)
                         net (fo=0)                   0.000     0.000    clk
    W5                   IBUF (Prop_ibuf_I_O)         1.458     1.458 r  clk_IBUF_inst/O
                         net (fo=1, routed)           1.967     3.425    clk_IBUF
    BUFGCTRL_X0Y0        BUFG (Prop_bufg_I_O)         0.096     3.521 r  clk_IBUF_BUFG_inst/O
                         net (fo=1750, routed)        1.614     5.135    SSD_instance/clk_IBUF_BUFG
    SLICE_X3Y80          FDRE                                         r  SSD_instance/s_cnt_out_reg[14]/C
  -------------------------------------------------------------------    -------------------
    SLICE_X3Y80          FDRE (Prop_fdre_C_Q)         0.456     5.591 r  SSD_instance/s_cnt_out_reg[14]/Q
                         net (fo=9, routed)           1.320     6.910    SSD_instance/p_0_in[0]
    SLICE_X5Y76          LUT5 (Prop_lut5_I3_O)        0.152     7.062 r  SSD_instance/cat_OBUF[6]_inst_i_3/O
                         net (fo=7, routed)           0.838     7.900    SSD_instance/s_top_mux__23[0]
    SLICE_X7Y76          LUT4 (Prop_lut4_I2_O)        0.326     8.226 r  SSD_instance/cat_OBUF[3]_inst_i_1/O
                         net (fo=1, routed)           5.038    13.264    cat_OBUF[3]
    V8                   OBUF (Prop_obuf_I_O)         3.536    16.799 r  cat_OBUF[3]_inst/O
                         net (fo=0)                   0.000    16.799    cat[3]
    V8                                                                r  cat[3] (OUT)
  -------------------------------------------------------------------    -------------------

Slack:                    inf
  Source:                 SSD_instance/s_cnt_out_reg[14]/C
                            (rising edge-triggered cell FDRE clocked by sys_clk_pin  {rise@0.000ns fall@5.000ns period=10.000ns})
  Destination:            cat[6]
                            (output port)
  Path Group:             (none)
  Path Type:              Max at Slow Process Corner
  Data Path Delay:        11.626ns  (logic 4.465ns (38.409%)  route 7.161ns (61.591%))
  Logic Levels:           3  (LUT4=1 LUT5=1 OBUF=1)
  Clock Uncertainty:      0.025ns  ((TSJ^2 + TIJ^2)^1/2 + DJ) / 2 + PE
    Total System Jitter     (TSJ):    0.050ns
    Total Input Jitter      (TIJ):    0.000ns
    Discrete Jitter          (DJ):    0.000ns
    Phase Error              (PE):    0.000ns

    Location             Delay type                Incr(ns)  Path(ns)    Netlist Resource(s)
  -------------------------------------------------------------------    -------------------
                         (clock sys_clk_pin rise edge)
                                                      0.000     0.000 r  
    W5                                                0.000     0.000 r  clk (IN)
                         net (fo=0)                   0.000     0.000    clk
    W5                   IBUF (Prop_ibuf_I_O)         1.458     1.458 r  clk_IBUF_inst/O
                         net (fo=1, routed)           1.967     3.425    clk_IBUF
    BUFGCTRL_X0Y0        BUFG (Prop_bufg_I_O)         0.096     3.521 r  clk_IBUF_BUFG_inst/O
                         net (fo=1750, routed)        1.614     5.135    SSD_instance/clk_IBUF_BUFG
    SLICE_X3Y80          FDRE                                         r  SSD_instance/s_cnt_out_reg[14]/C
  -------------------------------------------------------------------    -------------------
    SLICE_X3Y80          FDRE (Prop_fdre_C_Q)         0.456     5.591 r  SSD_instance/s_cnt_out_reg[14]/Q
                         net (fo=9, routed)           1.155     6.746    SSD_instance/p_0_in[0]
    SLICE_X6Y77          LUT5 (Prop_lut5_I3_O)        0.150     6.896 r  SSD_instance/cat_OBUF[6]_inst_i_2/O
                         net (fo=7, routed)           0.821     7.717    SSD_instance/s_top_mux__23[3]
    SLICE_X7Y76          LUT4 (Prop_lut4_I0_O)        0.328     8.045 r  SSD_instance/cat_OBUF[6]_inst_i_1/O
                         net (fo=1, routed)           5.185    13.230    cat_OBUF[6]
    U7                   OBUF (Prop_obuf_I_O)         3.531    16.761 r  cat_OBUF[6]_inst/O
                         net (fo=0)                   0.000    16.761    cat[6]
    U7                                                                r  cat[6] (OUT)
  -------------------------------------------------------------------    -------------------

Slack:                    inf
  Source:                 SSD_instance/s_cnt_out_reg[14]/C
                            (rising edge-triggered cell FDRE clocked by sys_clk_pin  {rise@0.000ns fall@5.000ns period=10.000ns})
  Destination:            cat[0]
                            (output port)
  Path Group:             (none)
  Path Type:              Max at Slow Process Corner
  Data Path Delay:        11.516ns  (logic 4.445ns (38.596%)  route 7.071ns (61.404%))
  Logic Levels:           3  (LUT4=1 LUT5=1 OBUF=1)
  Clock Uncertainty:      0.025ns  ((TSJ^2 + TIJ^2)^1/2 + DJ) / 2 + PE
    Total System Jitter     (TSJ):    0.050ns
    Total Input Jitter      (TIJ):    0.000ns
    Discrete Jitter          (DJ):    0.000ns
    Phase Error              (PE):    0.000ns

    Location             Delay type                Incr(ns)  Path(ns)    Netlist Resource(s)
  -------------------------------------------------------------------    -------------------
                         (clock sys_clk_pin rise edge)
                                                      0.000     0.000 r  
    W5                                                0.000     0.000 r  clk (IN)
                         net (fo=0)                   0.000     0.000    clk
    W5                   IBUF (Prop_ibuf_I_O)         1.458     1.458 r  clk_IBUF_inst/O
                         net (fo=1, routed)           1.967     3.425    clk_IBUF
    BUFGCTRL_X0Y0        BUFG (Prop_bufg_I_O)         0.096     3.521 r  clk_IBUF_BUFG_inst/O
                         net (fo=1750, routed)        1.614     5.135    SSD_instance/clk_IBUF_BUFG
    SLICE_X3Y80          FDRE                                         r  SSD_instance/s_cnt_out_reg[14]/C
  -------------------------------------------------------------------    -------------------
    SLICE_X3Y80          FDRE (Prop_fdre_C_Q)         0.456     5.591 r  SSD_instance/s_cnt_out_reg[14]/Q
                         net (fo=9, routed)           1.155     6.746    SSD_instance/p_0_in[0]
    SLICE_X6Y77          LUT5 (Prop_lut5_I3_O)        0.150     6.896 r  SSD_instance/cat_OBUF[6]_inst_i_2/O
                         net (fo=7, routed)           1.019     7.916    SSD_instance/s_top_mux__23[3]
    SLICE_X7Y76          LUT4 (Prop_lut4_I0_O)        0.328     8.244 r  SSD_instance/cat_OBUF[0]_inst_i_1/O
                         net (fo=1, routed)           4.896    13.140    cat_OBUF[0]
    W7                   OBUF (Prop_obuf_I_O)         3.511    16.651 r  cat_OBUF[0]_inst/O
                         net (fo=0)                   0.000    16.651    cat[0]
    W7                                                                r  cat[0] (OUT)
  -------------------------------------------------------------------    -------------------

Slack:                    inf
  Source:                 SSD_instance/s_cnt_out_reg[14]/C
                            (rising edge-triggered cell FDRE clocked by sys_clk_pin  {rise@0.000ns fall@5.000ns period=10.000ns})
  Destination:            cat[4]
                            (output port)
  Path Group:             (none)
  Path Type:              Max at Slow Process Corner
  Data Path Delay:        11.503ns  (logic 4.690ns (40.769%)  route 6.814ns (59.231%))
  Logic Levels:           3  (LUT4=1 LUT5=1 OBUF=1)
  Clock Uncertainty:      0.025ns  ((TSJ^2 + TIJ^2)^1/2 + DJ) / 2 + PE
    Total System Jitter     (TSJ):    0.050ns
    Total Input Jitter      (TIJ):    0.000ns
    Discrete Jitter          (DJ):    0.000ns
    Phase Error              (PE):    0.000ns

    Location             Delay type                Incr(ns)  Path(ns)    Netlist Resource(s)
  -------------------------------------------------------------------    -------------------
                         (clock sys_clk_pin rise edge)
                                                      0.000     0.000 r  
    W5                                                0.000     0.000 r  clk (IN)
                         net (fo=0)                   0.000     0.000    clk
    W5                   IBUF (Prop_ibuf_I_O)         1.458     1.458 r  clk_IBUF_inst/O
                         net (fo=1, routed)           1.967     3.425    clk_IBUF
    BUFGCTRL_X0Y0        BUFG (Prop_bufg_I_O)         0.096     3.521 r  clk_IBUF_BUFG_inst/O
                         net (fo=1750, routed)        1.614     5.135    SSD_instance/clk_IBUF_BUFG
    SLICE_X3Y80          FDRE                                         r  SSD_instance/s_cnt_out_reg[14]/C
  -------------------------------------------------------------------    -------------------
    SLICE_X3Y80          FDRE (Prop_fdre_C_Q)         0.456     5.591 r  SSD_instance/s_cnt_out_reg[14]/Q
                         net (fo=9, routed)           1.155     6.746    SSD_instance/p_0_in[0]
    SLICE_X6Y77          LUT5 (Prop_lut5_I3_O)        0.150     6.896 f  SSD_instance/cat_OBUF[6]_inst_i_2/O
                         net (fo=7, routed)           1.018     7.915    SSD_instance/s_top_mux__23[3]
    SLICE_X7Y76          LUT4 (Prop_lut4_I0_O)        0.356     8.271 r  SSD_instance/cat_OBUF[4]_inst_i_1/O
                         net (fo=1, routed)           4.640    12.910    cat_OBUF[4]
    U5                   OBUF (Prop_obuf_I_O)         3.728    16.638 r  cat_OBUF[4]_inst/O
                         net (fo=0)                   0.000    16.638    cat[4]
    U5                                                                r  cat[4] (OUT)
  -------------------------------------------------------------------    -------------------

Slack:                    inf
  Source:                 SSD_instance/s_cnt_out_reg[14]/C
                            (rising edge-triggered cell FDRE clocked by sys_clk_pin  {rise@0.000ns fall@5.000ns period=10.000ns})
  Destination:            cat[2]
                            (output port)
  Path Group:             (none)
  Path Type:              Max at Slow Process Corner
  Data Path Delay:        11.436ns  (logic 4.469ns (39.081%)  route 6.966ns (60.919%))
  Logic Levels:           3  (LUT4=1 LUT5=1 OBUF=1)
  Clock Uncertainty:      0.025ns  ((TSJ^2 + TIJ^2)^1/2 + DJ) / 2 + PE
    Total System Jitter     (TSJ):    0.050ns
    Total Input Jitter      (TIJ):    0.000ns
    Discrete Jitter          (DJ):    0.000ns
    Phase Error              (PE):    0.000ns

    Location             Delay type                Incr(ns)  Path(ns)    Netlist Resource(s)
  -------------------------------------------------------------------    -------------------
                         (clock sys_clk_pin rise edge)
                                                      0.000     0.000 r  
    W5                                                0.000     0.000 r  clk (IN)
                         net (fo=0)                   0.000     0.000    clk
    W5                   IBUF (Prop_ibuf_I_O)         1.458     1.458 r  clk_IBUF_inst/O
                         net (fo=1, routed)           1.967     3.425    clk_IBUF
    BUFGCTRL_X0Y0        BUFG (Prop_bufg_I_O)         0.096     3.521 r  clk_IBUF_BUFG_inst/O
                         net (fo=1750, routed)        1.614     5.135    SSD_instance/clk_IBUF_BUFG
    SLICE_X3Y80          FDRE                                         r  SSD_instance/s_cnt_out_reg[14]/C
  -------------------------------------------------------------------    -------------------
    SLICE_X3Y80          FDRE (Prop_fdre_C_Q)         0.456     5.591 r  SSD_instance/s_cnt_out_reg[14]/Q
                         net (fo=9, routed)           1.155     6.746    SSD_instance/p_0_in[0]
    SLICE_X6Y77          LUT5 (Prop_lut5_I3_O)        0.150     6.896 r  SSD_instance/cat_OBUF[6]_inst_i_2/O
                         net (fo=7, routed)           1.018     7.915    SSD_instance/s_top_mux__23[3]
    SLICE_X7Y76          LUT4 (Prop_lut4_I0_O)        0.328     8.243 r  SSD_instance/cat_OBUF[2]_inst_i_1/O
                         net (fo=1, routed)           4.793    13.035    cat_OBUF[2]
    U8                   OBUF (Prop_obuf_I_O)         3.535    16.570 r  cat_OBUF[2]_inst/O
                         net (fo=0)                   0.000    16.570    cat[2]
    U8                                                                r  cat[2] (OUT)
  -------------------------------------------------------------------    -------------------

Slack:                    inf
  Source:                 SSD_instance/s_cnt_out_reg[15]/C
                            (rising edge-triggered cell FDRE clocked by sys_clk_pin  {rise@0.000ns fall@5.000ns period=10.000ns})
  Destination:            an[3]
                            (output port)
  Path Group:             (none)
  Path Type:              Max at Slow Process Corner
  Data Path Delay:        10.270ns  (logic 4.090ns (39.828%)  route 6.180ns (60.172%))
  Logic Levels:           2  (LUT2=1 OBUF=1)
  Clock Uncertainty:      0.025ns  ((TSJ^2 + TIJ^2)^1/2 + DJ) / 2 + PE
    Total System Jitter     (TSJ):    0.050ns
    Total Input Jitter      (TIJ):    0.000ns
    Discrete Jitter          (DJ):    0.000ns
    Phase Error              (PE):    0.000ns

    Location             Delay type                Incr(ns)  Path(ns)    Netlist Resource(s)
  -------------------------------------------------------------------    -------------------
                         (clock sys_clk_pin rise edge)
                                                      0.000     0.000 r  
    W5                                                0.000     0.000 r  clk (IN)
                         net (fo=0)                   0.000     0.000    clk
    W5                   IBUF (Prop_ibuf_I_O)         1.458     1.458 r  clk_IBUF_inst/O
                         net (fo=1, routed)           1.967     3.425    clk_IBUF
    BUFGCTRL_X0Y0        BUFG (Prop_bufg_I_O)         0.096     3.521 r  clk_IBUF_BUFG_inst/O
                         net (fo=1750, routed)        1.614     5.135    SSD_instance/clk_IBUF_BUFG
    SLICE_X3Y80          FDRE                                         r  SSD_instance/s_cnt_out_reg[15]/C
  -------------------------------------------------------------------    -------------------
    SLICE_X3Y80          FDRE (Prop_fdre_C_Q)         0.456     5.591 f  SSD_instance/s_cnt_out_reg[15]/Q
                         net (fo=9, routed)           1.291     6.882    SSD_instance/p_0_in[1]
    SLICE_X6Y76          LUT2 (Prop_lut2_I1_O)        0.124     7.006 r  SSD_instance/an_OBUF[3]_inst_i_1/O
                         net (fo=1, routed)           4.889    11.895    an_OBUF[3]
    W4                   OBUF (Prop_obuf_I_O)         3.510    15.405 r  an_OBUF[3]_inst/O
                         net (fo=0)                   0.000    15.405    an[3]
    W4                                                                r  an[3] (OUT)
  -------------------------------------------------------------------    -------------------

Slack:                    inf
  Source:                 SSD_instance/s_cnt_out_reg[14]/C
                            (rising edge-triggered cell FDRE clocked by sys_clk_pin  {rise@0.000ns fall@5.000ns period=10.000ns})
  Destination:            an[0]
                            (output port)
  Path Group:             (none)
  Path Type:              Max at Slow Process Corner
  Data Path Delay:        10.053ns  (logic 4.083ns (40.613%)  route 5.970ns (59.387%))
  Logic Levels:           2  (LUT2=1 OBUF=1)
  Clock Uncertainty:      0.025ns  ((TSJ^2 + TIJ^2)^1/2 + DJ) / 2 + PE
    Total System Jitter     (TSJ):    0.050ns
    Total Input Jitter      (TIJ):    0.000ns
    Discrete Jitter          (DJ):    0.000ns
    Phase Error              (PE):    0.000ns

    Location             Delay type                Incr(ns)  Path(ns)    Netlist Resource(s)
  -------------------------------------------------------------------    -------------------
                         (clock sys_clk_pin rise edge)
                                                      0.000     0.000 r  
    W5                                                0.000     0.000 r  clk (IN)
                         net (fo=0)                   0.000     0.000    clk
    W5                   IBUF (Prop_ibuf_I_O)         1.458     1.458 r  clk_IBUF_inst/O
                         net (fo=1, routed)           1.967     3.425    clk_IBUF
    BUFGCTRL_X0Y0        BUFG (Prop_bufg_I_O)         0.096     3.521 r  clk_IBUF_BUFG_inst/O
                         net (fo=1750, routed)        1.614     5.135    SSD_instance/clk_IBUF_BUFG
    SLICE_X3Y80          FDRE                                         r  SSD_instance/s_cnt_out_reg[14]/C
  -------------------------------------------------------------------    -------------------
    SLICE_X3Y80          FDRE (Prop_fdre_C_Q)         0.456     5.591 r  SSD_instance/s_cnt_out_reg[14]/Q
                         net (fo=9, routed)           1.320     6.910    SSD_instance/p_0_in[0]
    SLICE_X5Y76          LUT2 (Prop_lut2_I0_O)        0.124     7.034 r  SSD_instance/an_OBUF[0]_inst_i_1/O
                         net (fo=1, routed)           4.651    11.685    an_OBUF[0]
    U2                   OBUF (Prop_obuf_I_O)         3.503    15.188 r  an_OBUF[0]_inst/O
                         net (fo=0)                   0.000    15.188    an[0]
    U2                                                                r  an[0] (OUT)
  -------------------------------------------------------------------    -------------------

Slack:                    inf
  Source:                 SSD_instance/s_cnt_out_reg[14]/C
                            (rising edge-triggered cell FDRE clocked by sys_clk_pin  {rise@0.000ns fall@5.000ns period=10.000ns})
  Destination:            an[1]
                            (output port)
  Path Group:             (none)
  Path Type:              Max at Slow Process Corner
  Data Path Delay:        9.957ns  (logic 4.079ns (40.968%)  route 5.878ns (59.032%))
  Logic Levels:           2  (LUT2=1 OBUF=1)
  Clock Uncertainty:      0.025ns  ((TSJ^2 + TIJ^2)^1/2 + DJ) / 2 + PE
    Total System Jitter     (TSJ):    0.050ns
    Total Input Jitter      (TIJ):    0.000ns
    Discrete Jitter          (DJ):    0.000ns
    Phase Error              (PE):    0.000ns

    Location             Delay type                Incr(ns)  Path(ns)    Netlist Resource(s)
  -------------------------------------------------------------------    -------------------
                         (clock sys_clk_pin rise edge)
                                                      0.000     0.000 r  
    W5                                                0.000     0.000 r  clk (IN)
                         net (fo=0)                   0.000     0.000    clk
    W5                   IBUF (Prop_ibuf_I_O)         1.458     1.458 r  clk_IBUF_inst/O
                         net (fo=1, routed)           1.967     3.425    clk_IBUF
    BUFGCTRL_X0Y0        BUFG (Prop_bufg_I_O)         0.096     3.521 r  clk_IBUF_BUFG_inst/O
                         net (fo=1750, routed)        1.614     5.135    SSD_instance/clk_IBUF_BUFG
    SLICE_X3Y80          FDRE                                         r  SSD_instance/s_cnt_out_reg[14]/C
  -------------------------------------------------------------------    -------------------
    SLICE_X3Y80          FDRE (Prop_fdre_C_Q)         0.456     5.591 f  SSD_instance/s_cnt_out_reg[14]/Q
                         net (fo=9, routed)           1.155     6.746    SSD_instance/p_0_in[0]
    SLICE_X6Y77          LUT2 (Prop_lut2_I1_O)        0.124     6.870 r  SSD_instance/an_OBUF[1]_inst_i_1/O
                         net (fo=1, routed)           4.722    11.593    an_OBUF[1]
    U4                   OBUF (Prop_obuf_I_O)         3.499    15.092 r  an_OBUF[1]_inst/O
                         net (fo=0)                   0.000    15.092    an[1]
    U4                                                                r  an[1] (OUT)
  -------------------------------------------------------------------    -------------------





Min Delay Paths
--------------------------------------------------------------------------------------
Slack:                    inf
  Source:                 MPG_instance/s_dff3_out_reg[1]/C
                            (rising edge-triggered cell FDRE clocked by sys_clk_pin  {rise@0.000ns fall@5.000ns period=10.000ns})
  Destination:            Select_CoordY_reg[2]/D
  Path Group:             (none)
  Path Type:              Min at Fast Process Corner
  Data Path Delay:        0.360ns  (logic 0.186ns (51.690%)  route 0.174ns (48.310%))
  Logic Levels:           1  (LUT6=1)
  Clock Uncertainty:      0.025ns  ((TSJ^2 + TIJ^2)^1/2 + DJ) / 2 + PE
    Total System Jitter     (TSJ):    0.050ns
    Total Input Jitter      (TIJ):    0.000ns
    Discrete Jitter          (DJ):    0.000ns
    Phase Error              (PE):    0.000ns

    Location             Delay type                Incr(ns)  Path(ns)    Netlist Resource(s)
  -------------------------------------------------------------------    -------------------
                         (clock sys_clk_pin rise edge)
                                                      0.000     0.000 r  
    W5                                                0.000     0.000 r  clk (IN)
                         net (fo=0)                   0.000     0.000    clk
    W5                   IBUF (Prop_ibuf_I_O)         0.226     0.226 r  clk_IBUF_inst/O
                         net (fo=1, routed)           0.631     0.858    clk_IBUF
    BUFGCTRL_X0Y0        BUFG (Prop_bufg_I_O)         0.026     0.884 r  clk_IBUF_BUFG_inst/O
                         net (fo=1750, routed)        0.589     1.472    MPG_instance/clk_IBUF_BUFG
    SLICE_X5Y36          FDRE                                         r  MPG_instance/s_dff3_out_reg[1]/C
  -------------------------------------------------------------------    -------------------
    SLICE_X5Y36          FDRE (Prop_fdre_C_Q)         0.141     1.613 r  MPG_instance/s_dff3_out_reg[1]/Q
                         net (fo=6, routed)           0.174     1.787    MPG_instance/s_dff3_out_reg_n_0_[1]
    SLICE_X5Y38          LUT6 (Prop_lut6_I1_O)        0.045     1.832 r  MPG_instance/Select_CoordY[2]_i_1/O
                         net (fo=1, routed)           0.000     1.832    MPG_instance_n_2
    SLICE_X5Y38          FDCE                                         r  Select_CoordY_reg[2]/D
  -------------------------------------------------------------------    -------------------

Slack:                    inf
  Source:                 MPG_instance/s_dff3_out_reg[1]/C
                            (rising edge-triggered cell FDRE clocked by sys_clk_pin  {rise@0.000ns fall@5.000ns period=10.000ns})
  Destination:            Select_CoordY_reg[1]/D
  Path Group:             (none)
  Path Type:              Min at Fast Process Corner
  Data Path Delay:        0.413ns  (logic 0.186ns (45.050%)  route 0.227ns (54.950%))
  Logic Levels:           1  (LUT6=1)
  Clock Uncertainty:      0.025ns  ((TSJ^2 + TIJ^2)^1/2 + DJ) / 2 + PE
    Total System Jitter     (TSJ):    0.050ns
    Total Input Jitter      (TIJ):    0.000ns
    Discrete Jitter          (DJ):    0.000ns
    Phase Error              (PE):    0.000ns

    Location             Delay type                Incr(ns)  Path(ns)    Netlist Resource(s)
  -------------------------------------------------------------------    -------------------
                         (clock sys_clk_pin rise edge)
                                                      0.000     0.000 r  
    W5                                                0.000     0.000 r  clk (IN)
                         net (fo=0)                   0.000     0.000    clk
    W5                   IBUF (Prop_ibuf_I_O)         0.226     0.226 r  clk_IBUF_inst/O
                         net (fo=1, routed)           0.631     0.858    clk_IBUF
    BUFGCTRL_X0Y0        BUFG (Prop_bufg_I_O)         0.026     0.884 r  clk_IBUF_BUFG_inst/O
                         net (fo=1750, routed)        0.589     1.472    MPG_instance/clk_IBUF_BUFG
    SLICE_X5Y36          FDRE                                         r  MPG_instance/s_dff3_out_reg[1]/C
  -------------------------------------------------------------------    -------------------
    SLICE_X5Y36          FDRE (Prop_fdre_C_Q)         0.141     1.613 r  MPG_instance/s_dff3_out_reg[1]/Q
                         net (fo=6, routed)           0.227     1.840    MPG_instance/s_dff3_out_reg_n_0_[1]
    SLICE_X5Y38          LUT6 (Prop_lut6_I1_O)        0.045     1.885 r  MPG_instance/Select_CoordY[1]_i_1/O
                         net (fo=1, routed)           0.000     1.885    MPG_instance_n_3
    SLICE_X5Y38          FDCE                                         r  Select_CoordY_reg[1]/D
  -------------------------------------------------------------------    -------------------

Slack:                    inf
  Source:                 MPG_instance/s_dff3_out_reg[1]/C
                            (rising edge-triggered cell FDRE clocked by sys_clk_pin  {rise@0.000ns fall@5.000ns period=10.000ns})
  Destination:            Select_CoordY_reg[3]/D
  Path Group:             (none)
  Path Type:              Min at Fast Process Corner
  Data Path Delay:        0.436ns  (logic 0.186ns (42.677%)  route 0.250ns (57.323%))
  Logic Levels:           1  (LUT6=1)
  Clock Uncertainty:      0.025ns  ((TSJ^2 + TIJ^2)^1/2 + DJ) / 2 + PE
    Total System Jitter     (TSJ):    0.050ns
    Total Input Jitter      (TIJ):    0.000ns
    Discrete Jitter          (DJ):    0.000ns
    Phase Error              (PE):    0.000ns

    Location             Delay type                Incr(ns)  Path(ns)    Netlist Resource(s)
  -------------------------------------------------------------------    -------------------
                         (clock sys_clk_pin rise edge)
                                                      0.000     0.000 r  
    W5                                                0.000     0.000 r  clk (IN)
                         net (fo=0)                   0.000     0.000    clk
    W5                   IBUF (Prop_ibuf_I_O)         0.226     0.226 r  clk_IBUF_inst/O
                         net (fo=1, routed)           0.631     0.858    clk_IBUF
    BUFGCTRL_X0Y0        BUFG (Prop_bufg_I_O)         0.026     0.884 r  clk_IBUF_BUFG_inst/O
                         net (fo=1750, routed)        0.589     1.472    MPG_instance/clk_IBUF_BUFG
    SLICE_X5Y36          FDRE                                         r  MPG_instance/s_dff3_out_reg[1]/C
  -------------------------------------------------------------------    -------------------
    SLICE_X5Y36          FDRE (Prop_fdre_C_Q)         0.141     1.613 r  MPG_instance/s_dff3_out_reg[1]/Q
                         net (fo=6, routed)           0.250     1.863    MPG_instance/s_dff3_out_reg_n_0_[1]
    SLICE_X5Y38          LUT6 (Prop_lut6_I1_O)        0.045     1.908 r  MPG_instance/Select_CoordY[3]_i_2/O
                         net (fo=1, routed)           0.000     1.908    MPG_instance_n_1
    SLICE_X5Y38          FDCE                                         r  Select_CoordY_reg[3]/D
  -------------------------------------------------------------------    -------------------

Slack:                    inf
  Source:                 MPG_instance/s_dff3_out_reg[2]/C
                            (rising edge-triggered cell FDRE clocked by sys_clk_pin  {rise@0.000ns fall@5.000ns period=10.000ns})
  Destination:            Select_CoordX_reg[2]/D
  Path Group:             (none)
  Path Type:              Min at Fast Process Corner
  Data Path Delay:        0.454ns  (logic 0.209ns (46.025%)  route 0.245ns (53.975%))
  Logic Levels:           1  (LUT6=1)
  Clock Uncertainty:      0.025ns  ((TSJ^2 + TIJ^2)^1/2 + DJ) / 2 + PE
    Total System Jitter     (TSJ):    0.050ns
    Total Input Jitter      (TIJ):    0.000ns
    Discrete Jitter          (DJ):    0.000ns
    Phase Error              (PE):    0.000ns

    Location             Delay type                Incr(ns)  Path(ns)    Netlist Resource(s)
  -------------------------------------------------------------------    -------------------
                         (clock sys_clk_pin rise edge)
                                                      0.000     0.000 r  
    W5                                                0.000     0.000 r  clk (IN)
                         net (fo=0)                   0.000     0.000    clk
    W5                   IBUF (Prop_ibuf_I_O)         0.226     0.226 r  clk_IBUF_inst/O
                         net (fo=1, routed)           0.631     0.858    clk_IBUF
    BUFGCTRL_X0Y0        BUFG (Prop_bufg_I_O)         0.026     0.884 r  clk_IBUF_BUFG_inst/O
                         net (fo=1750, routed)        0.591     1.474    MPG_instance/clk_IBUF_BUFG
    SLICE_X2Y35          FDRE                                         r  MPG_instance/s_dff3_out_reg[2]/C
  -------------------------------------------------------------------    -------------------
    SLICE_X2Y35          FDRE (Prop_fdre_C_Q)         0.164     1.638 r  MPG_instance/s_dff3_out_reg[2]/Q
                         net (fo=5, routed)           0.245     1.883    MPG_instance/s_dff3_out_reg_n_0_[2]
    SLICE_X2Y37          LUT6 (Prop_lut6_I1_O)        0.045     1.928 r  MPG_instance/Select_CoordX[2]_i_1/O
                         net (fo=1, routed)           0.000     1.928    MPG_instance_n_7
    SLICE_X2Y37          FDCE                                         r  Select_CoordX_reg[2]/D
  -------------------------------------------------------------------    -------------------

Slack:                    inf
  Source:                 MPG_instance/s_dff3_out_reg[2]/C
                            (rising edge-triggered cell FDRE clocked by sys_clk_pin  {rise@0.000ns fall@5.000ns period=10.000ns})
  Destination:            Select_CoordX_reg[1]/D
  Path Group:             (none)
  Path Type:              Min at Fast Process Corner
  Data Path Delay:        0.456ns  (logic 0.209ns (45.823%)  route 0.247ns (54.177%))
  Logic Levels:           1  (LUT6=1)
  Clock Uncertainty:      0.025ns  ((TSJ^2 + TIJ^2)^1/2 + DJ) / 2 + PE
    Total System Jitter     (TSJ):    0.050ns
    Total Input Jitter      (TIJ):    0.000ns
    Discrete Jitter          (DJ):    0.000ns
    Phase Error              (PE):    0.000ns

    Location             Delay type                Incr(ns)  Path(ns)    Netlist Resource(s)
  -------------------------------------------------------------------    -------------------
                         (clock sys_clk_pin rise edge)
                                                      0.000     0.000 r  
    W5                                                0.000     0.000 r  clk (IN)
                         net (fo=0)                   0.000     0.000    clk
    W5                   IBUF (Prop_ibuf_I_O)         0.226     0.226 r  clk_IBUF_inst/O
                         net (fo=1, routed)           0.631     0.858    clk_IBUF
    BUFGCTRL_X0Y0        BUFG (Prop_bufg_I_O)         0.026     0.884 r  clk_IBUF_BUFG_inst/O
                         net (fo=1750, routed)        0.591     1.474    MPG_instance/clk_IBUF_BUFG
    SLICE_X2Y35          FDRE                                         r  MPG_instance/s_dff3_out_reg[2]/C
  -------------------------------------------------------------------    -------------------
    SLICE_X2Y35          FDRE (Prop_fdre_C_Q)         0.164     1.638 r  MPG_instance/s_dff3_out_reg[2]/Q
                         net (fo=5, routed)           0.247     1.885    MPG_instance/s_dff3_out_reg_n_0_[2]
    SLICE_X2Y37          LUT6 (Prop_lut6_I1_O)        0.045     1.930 r  MPG_instance/Select_CoordX[1]_i_1/O
                         net (fo=1, routed)           0.000     1.930    MPG_instance_n_8
    SLICE_X2Y37          FDCE                                         r  Select_CoordX_reg[1]/D
  -------------------------------------------------------------------    -------------------

Slack:                    inf
  Source:                 MPG_instance/s_dff3_out_reg[0]/C
                            (rising edge-triggered cell FDRE clocked by sys_clk_pin  {rise@0.000ns fall@5.000ns period=10.000ns})
  Destination:            clkdiv_instance/clk_out1_reg/D
  Path Group:             (none)
  Path Type:              Min at Fast Process Corner
  Data Path Delay:        0.470ns  (logic 0.186ns (39.571%)  route 0.284ns (60.428%))
  Logic Levels:           1  (LUT4=1)
  Clock Uncertainty:      0.025ns  ((TSJ^2 + TIJ^2)^1/2 + DJ) / 2 + PE
    Total System Jitter     (TSJ):    0.050ns
    Total Input Jitter      (TIJ):    0.000ns
    Discrete Jitter          (DJ):    0.000ns
    Phase Error              (PE):    0.000ns

    Location             Delay type                Incr(ns)  Path(ns)    Netlist Resource(s)
  -------------------------------------------------------------------    -------------------
                         (clock sys_clk_pin rise edge)
                                                      0.000     0.000 r  
    W5                                                0.000     0.000 r  clk (IN)
                         net (fo=0)                   0.000     0.000    clk
    W5                   IBUF (Prop_ibuf_I_O)         0.226     0.226 r  clk_IBUF_inst/O
                         net (fo=1, routed)           0.631     0.858    clk_IBUF
    BUFGCTRL_X0Y0        BUFG (Prop_bufg_I_O)         0.026     0.884 r  clk_IBUF_BUFG_inst/O
                         net (fo=1750, routed)        0.580     1.463    MPG_instance/clk_IBUF_BUFG
    SLICE_X4Y24          FDRE                                         r  MPG_instance/s_dff3_out_reg[0]/C
  -------------------------------------------------------------------    -------------------
    SLICE_X4Y24          FDRE (Prop_fdre_C_Q)         0.141     1.604 r  MPG_instance/s_dff3_out_reg[0]/Q
                         net (fo=2, routed)           0.284     1.888    clkdiv_instance/clk_out1_reg_1[0]
    SLICE_X4Y23          LUT4 (Prop_lut4_I2_O)        0.045     1.933 r  clkdiv_instance/clk_out1_i_1/O
                         net (fo=1, routed)           0.000     1.933    clkdiv_instance/clk_out1_i_1_n_0
    SLICE_X4Y23          FDRE                                         r  clkdiv_instance/clk_out1_reg/D
  -------------------------------------------------------------------    -------------------

Slack:                    inf
  Source:                 MPG_instance/s_dff3_out_reg[2]/C
                            (rising edge-triggered cell FDRE clocked by sys_clk_pin  {rise@0.000ns fall@5.000ns period=10.000ns})
  Destination:            Select_CoordX_reg[3]/D
  Path Group:             (none)
  Path Type:              Min at Fast Process Corner
  Data Path Delay:        0.511ns  (logic 0.209ns (40.888%)  route 0.302ns (59.112%))
  Logic Levels:           1  (LUT6=1)
  Clock Uncertainty:      0.025ns  ((TSJ^2 + TIJ^2)^1/2 + DJ) / 2 + PE
    Total System Jitter     (TSJ):    0.050ns
    Total Input Jitter      (TIJ):    0.000ns
    Discrete Jitter          (DJ):    0.000ns
    Phase Error              (PE):    0.000ns

    Location             Delay type                Incr(ns)  Path(ns)    Netlist Resource(s)
  -------------------------------------------------------------------    -------------------
                         (clock sys_clk_pin rise edge)
                                                      0.000     0.000 r  
    W5                                                0.000     0.000 r  clk (IN)
                         net (fo=0)                   0.000     0.000    clk
    W5                   IBUF (Prop_ibuf_I_O)         0.226     0.226 r  clk_IBUF_inst/O
                         net (fo=1, routed)           0.631     0.858    clk_IBUF
    BUFGCTRL_X0Y0        BUFG (Prop_bufg_I_O)         0.026     0.884 r  clk_IBUF_BUFG_inst/O
                         net (fo=1750, routed)        0.591     1.474    MPG_instance/clk_IBUF_BUFG
    SLICE_X2Y35          FDRE                                         r  MPG_instance/s_dff3_out_reg[2]/C
  -------------------------------------------------------------------    -------------------
    SLICE_X2Y35          FDRE (Prop_fdre_C_Q)         0.164     1.638 r  MPG_instance/s_dff3_out_reg[2]/Q
                         net (fo=5, routed)           0.302     1.940    MPG_instance/s_dff3_out_reg_n_0_[2]
    SLICE_X2Y36          LUT6 (Prop_lut6_I1_O)        0.045     1.985 r  MPG_instance/Select_CoordX[3]_i_2/O
                         net (fo=1, routed)           0.000     1.985    MPG_instance_n_6
    SLICE_X2Y36          FDCE                                         r  Select_CoordX_reg[3]/D
  -------------------------------------------------------------------    -------------------

Slack:                    inf
  Source:                 MPG_instance/s_dff3_out_reg[4]/C
                            (rising edge-triggered cell FDRE clocked by sys_clk_pin  {rise@0.000ns fall@5.000ns period=10.000ns})
  Destination:            Squares_reg[13,13][3]/D
  Path Group:             (none)
  Path Type:              Min at Fast Process Corner
  Data Path Delay:        0.573ns  (logic 0.231ns (40.286%)  route 0.342ns (59.714%))
  Logic Levels:           2  (LUT6=2)
  Clock Uncertainty:      0.025ns  ((TSJ^2 + TIJ^2)^1/2 + DJ) / 2 + PE
    Total System Jitter     (TSJ):    0.050ns
    Total Input Jitter      (TIJ):    0.000ns
    Discrete Jitter          (DJ):    0.000ns
    Phase Error              (PE):    0.000ns

    Location             Delay type                Incr(ns)  Path(ns)    Netlist Resource(s)
  -------------------------------------------------------------------    -------------------
                         (clock sys_clk_pin rise edge)
                                                      0.000     0.000 r  
    W5                                                0.000     0.000 r  clk (IN)
                         net (fo=0)                   0.000     0.000    clk
    W5                   IBUF (Prop_ibuf_I_O)         0.226     0.226 r  clk_IBUF_inst/O
                         net (fo=1, routed)           0.631     0.858    clk_IBUF
    BUFGCTRL_X0Y0        BUFG (Prop_bufg_I_O)         0.026     0.884 r  clk_IBUF_BUFG_inst/O
                         net (fo=1750, routed)        0.591     1.474    MPG_instance/clk_IBUF_BUFG
    SLICE_X1Y35          FDRE                                         r  MPG_instance/s_dff3_out_reg[4]/C
  -------------------------------------------------------------------    -------------------
    SLICE_X1Y35          FDRE (Prop_fdre_C_Q)         0.141     1.615 r  MPG_instance/s_dff3_out_reg[4]/Q
                         net (fo=3, routed)           0.119     1.734    MPG_instance/s_dff3_out_reg_n_0_[4]
    SLICE_X0Y35          LUT6 (Prop_lut6_I1_O)        0.045     1.779 f  MPG_instance/Squares[13,2][3]_i_4/O
                         net (fo=44, routed)          0.223     2.003    MPG_instance/Squares[13,2][3]_i_4_n_0
    SLICE_X0Y38          LUT6 (Prop_lut6_I4_O)        0.045     2.048 r  MPG_instance/Squares[13,13][3]_i_1/O
                         net (fo=1, routed)           0.000     2.048    MPG_instance_n_14
    SLICE_X0Y38          FDCE                                         r  Squares_reg[13,13][3]/D
  -------------------------------------------------------------------    -------------------

Slack:                    inf
  Source:                 MPG_instance/s_dff2_out_reg[2]/C
                            (rising edge-triggered cell FDRE clocked by sys_clk_pin  {rise@0.000ns fall@5.000ns period=10.000ns})
  Destination:            Select_CoordX_reg[3]/CE
  Path Group:             (none)
  Path Type:              Min at Fast Process Corner
  Data Path Delay:        0.579ns  (logic 0.186ns (32.143%)  route 0.393ns (67.857%))
  Logic Levels:           1  (LUT4=1)
  Clock Uncertainty:      0.025ns  ((TSJ^2 + TIJ^2)^1/2 + DJ) / 2 + PE
    Total System Jitter     (TSJ):    0.050ns
    Total Input Jitter      (TIJ):    0.000ns
    Discrete Jitter          (DJ):    0.000ns
    Phase Error              (PE):    0.000ns

    Location             Delay type                Incr(ns)  Path(ns)    Netlist Resource(s)
  -------------------------------------------------------------------    -------------------
                         (clock sys_clk_pin rise edge)
                                                      0.000     0.000 r  
    W5                                                0.000     0.000 r  clk (IN)
                         net (fo=0)                   0.000     0.000    clk
    W5                   IBUF (Prop_ibuf_I_O)         0.226     0.226 r  clk_IBUF_inst/O
                         net (fo=1, routed)           0.631     0.858    clk_IBUF
    BUFGCTRL_X0Y0        BUFG (Prop_bufg_I_O)         0.026     0.884 r  clk_IBUF_BUFG_inst/O
                         net (fo=1750, routed)        0.591     1.474    MPG_instance/clk_IBUF_BUFG
    SLICE_X1Y34          FDRE                                         r  MPG_instance/s_dff2_out_reg[2]/C
  -------------------------------------------------------------------    -------------------
    SLICE_X1Y34          FDRE (Prop_fdre_C_Q)         0.141     1.615 r  MPG_instance/s_dff2_out_reg[2]/Q
                         net (fo=6, routed)           0.150     1.765    MPG_instance/s_dff2_out[2]
    SLICE_X2Y35          LUT4 (Prop_lut4_I2_O)        0.045     1.810 r  MPG_instance/Select_CoordX[3]_i_1/O
                         net (fo=4, routed)           0.243     2.053    Select_CoordX__0
    SLICE_X2Y36          FDCE                                         r  Select_CoordX_reg[3]/CE
  -------------------------------------------------------------------    -------------------

Slack:                    inf
  Source:                 MPG_instance/s_dff3_out_reg[4]/C
                            (rising edge-triggered cell FDRE clocked by sys_clk_pin  {rise@0.000ns fall@5.000ns period=10.000ns})
  Destination:            Squares_reg[8,13][3]/D
  Path Group:             (none)
  Path Type:              Min at Fast Process Corner
  Data Path Delay:        0.600ns  (logic 0.231ns (38.503%)  route 0.369ns (61.497%))
  Logic Levels:           2  (LUT6=2)
  Clock Uncertainty:      0.025ns  ((TSJ^2 + TIJ^2)^1/2 + DJ) / 2 + PE
    Total System Jitter     (TSJ):    0.050ns
    Total Input Jitter      (TIJ):    0.000ns
    Discrete Jitter          (DJ):    0.000ns
    Phase Error              (PE):    0.000ns

    Location             Delay type                Incr(ns)  Path(ns)    Netlist Resource(s)
  -------------------------------------------------------------------    -------------------
                         (clock sys_clk_pin rise edge)
                                                      0.000     0.000 r  
    W5                                                0.000     0.000 r  clk (IN)
                         net (fo=0)                   0.000     0.000    clk
    W5                   IBUF (Prop_ibuf_I_O)         0.226     0.226 r  clk_IBUF_inst/O
                         net (fo=1, routed)           0.631     0.858    clk_IBUF
    BUFGCTRL_X0Y0        BUFG (Prop_bufg_I_O)         0.026     0.884 r  clk_IBUF_BUFG_inst/O
                         net (fo=1750, routed)        0.591     1.474    MPG_instance/clk_IBUF_BUFG
    SLICE_X1Y35          FDRE                                         r  MPG_instance/s_dff3_out_reg[4]/C
  -------------------------------------------------------------------    -------------------
    SLICE_X1Y35          FDRE (Prop_fdre_C_Q)         0.141     1.615 r  MPG_instance/s_dff3_out_reg[4]/Q
                         net (fo=3, routed)           0.119     1.734    MPG_instance/s_dff3_out_reg_n_0_[4]
    SLICE_X0Y35          LUT6 (Prop_lut6_I1_O)        0.045     1.779 f  MPG_instance/Squares[13,2][3]_i_4/O
                         net (fo=44, routed)          0.250     2.029    MPG_instance/Squares[13,2][3]_i_4_n_0
    SLICE_X1Y38          LUT6 (Prop_lut6_I2_O)        0.045     2.074 r  MPG_instance/Squares[8,13][3]_i_1/O
                         net (fo=1, routed)           0.000     2.074    MPG_instance_n_32
    SLICE_X1Y38          FDCE                                         r  Squares_reg[8,13][3]/D
  -------------------------------------------------------------------    -------------------





--------------------------------------------------------------------------------------
Path Group:  (none)
From Clock:  
  To Clock:  sys_clk_pin

Max Delay          2266 Endpoints
Min Delay          2266 Endpoints
--------------------------------------------------------------------------------------


Max Delay Paths
--------------------------------------------------------------------------------------
Slack:                    inf
  Source:                 sw[0]
                            (input port)
  Destination:            AI_instance/fc3_results_reg[6][10]/CE
                            (rising edge-triggered cell FDRE clocked by sys_clk_pin  {rise@0.000ns fall@5.000ns period=10.000ns})
  Path Group:             (none)
  Path Type:              Setup (Max at Slow Process Corner)
  Data Path Delay:        13.004ns  (logic 2.083ns (16.017%)  route 10.921ns (83.983%))
  Logic Levels:           4  (IBUF=1 LUT4=1 LUT5=1 LUT6=1)
  Clock Path Skew:        4.770ns (DCD - SCD + CPR)
    Destination Clock Delay (DCD):    4.770ns
    Source Clock Delay      (SCD):    0.000ns
    Clock Pessimism Removal (CPR):    0.000ns
  Clock Uncertainty:      0.025ns  ((TSJ^2 + TIJ^2)^1/2 + DJ) / 2 + PE
    Total System Jitter     (TSJ):    0.050ns
    Total Input Jitter      (TIJ):    0.000ns
    Discrete Jitter          (DJ):    0.000ns
    Phase Error              (PE):    0.000ns

    Location             Delay type                Incr(ns)  Path(ns)    Netlist Resource(s)
  -------------------------------------------------------------------    -------------------
    V17                                               0.000     0.000 f  sw[0] (IN)
                         net (fo=0)                   0.000     0.000    sw[0]
    V17                  IBUF (Prop_ibuf_I_O)         1.453     1.453 f  sw_IBUF[0]_inst/O
                         net (fo=1610, routed)        7.241     8.694    AI_instance/led_OBUF[0]
    SLICE_X8Y69          LUT6 (Prop_lut6_I5_O)        0.124     8.818 r  AI_instance/fc3_results[2][15]_i_3/O
                         net (fo=5, routed)           1.100     9.918    AI_instance/fc3_results[2][15]_i_3_n_0
    SLICE_X8Y70          LUT5 (Prop_lut5_I0_O)        0.148    10.066 r  AI_instance/fc3_results[0][15]_i_2/O
                         net (fo=6, routed)           0.812    10.878    AI_instance/fc3_results[0][15]_i_2_n_0
    SLICE_X9Y72          LUT4 (Prop_lut4_I0_O)        0.358    11.236 r  AI_instance/fc3_results[6][15]_i_1/O
                         net (fo=16, routed)          1.768    13.004    AI_instance/fc3_results[6][15]_i_1_n_0
    SLICE_X12Y79         FDRE                                         r  AI_instance/fc3_results_reg[6][10]/CE
  -------------------------------------------------------------------    -------------------

                         (clock sys_clk_pin rise edge)
                                                      0.000     0.000 r  
    W5                                                0.000     0.000 r  clk (IN)
                         net (fo=0)                   0.000     0.000    clk
    W5                   IBUF (Prop_ibuf_I_O)         1.388     1.388 r  clk_IBUF_inst/O
                         net (fo=1, routed)           1.862     3.250    clk_IBUF
    BUFGCTRL_X0Y0        BUFG (Prop_bufg_I_O)         0.091     3.341 r  clk_IBUF_BUFG_inst/O
                         net (fo=1750, routed)        1.429     4.770    AI_instance/clk_IBUF_BUFG
    SLICE_X12Y79         FDRE                                         r  AI_instance/fc3_results_reg[6][10]/C

Slack:                    inf
  Source:                 sw[0]
                            (input port)
  Destination:            AI_instance/fc3_results_reg[6][11]/CE
                            (rising edge-triggered cell FDRE clocked by sys_clk_pin  {rise@0.000ns fall@5.000ns period=10.000ns})
  Path Group:             (none)
  Path Type:              Setup (Max at Slow Process Corner)
  Data Path Delay:        13.004ns  (logic 2.083ns (16.017%)  route 10.921ns (83.983%))
  Logic Levels:           4  (IBUF=1 LUT4=1 LUT5=1 LUT6=1)
  Clock Path Skew:        4.770ns (DCD - SCD + CPR)
    Destination Clock Delay (DCD):    4.770ns
    Source Clock Delay      (SCD):    0.000ns
    Clock Pessimism Removal (CPR):    0.000ns
  Clock Uncertainty:      0.025ns  ((TSJ^2 + TIJ^2)^1/2 + DJ) / 2 + PE
    Total System Jitter     (TSJ):    0.050ns
    Total Input Jitter      (TIJ):    0.000ns
    Discrete Jitter          (DJ):    0.000ns
    Phase Error              (PE):    0.000ns

    Location             Delay type                Incr(ns)  Path(ns)    Netlist Resource(s)
  -------------------------------------------------------------------    -------------------
    V17                                               0.000     0.000 f  sw[0] (IN)
                         net (fo=0)                   0.000     0.000    sw[0]
    V17                  IBUF (Prop_ibuf_I_O)         1.453     1.453 f  sw_IBUF[0]_inst/O
                         net (fo=1610, routed)        7.241     8.694    AI_instance/led_OBUF[0]
    SLICE_X8Y69          LUT6 (Prop_lut6_I5_O)        0.124     8.818 r  AI_instance/fc3_results[2][15]_i_3/O
                         net (fo=5, routed)           1.100     9.918    AI_instance/fc3_results[2][15]_i_3_n_0
    SLICE_X8Y70          LUT5 (Prop_lut5_I0_O)        0.148    10.066 r  AI_instance/fc3_results[0][15]_i_2/O
                         net (fo=6, routed)           0.812    10.878    AI_instance/fc3_results[0][15]_i_2_n_0
    SLICE_X9Y72          LUT4 (Prop_lut4_I0_O)        0.358    11.236 r  AI_instance/fc3_results[6][15]_i_1/O
                         net (fo=16, routed)          1.768    13.004    AI_instance/fc3_results[6][15]_i_1_n_0
    SLICE_X12Y79         FDRE                                         r  AI_instance/fc3_results_reg[6][11]/CE
  -------------------------------------------------------------------    -------------------

                         (clock sys_clk_pin rise edge)
                                                      0.000     0.000 r  
    W5                                                0.000     0.000 r  clk (IN)
                         net (fo=0)                   0.000     0.000    clk
    W5                   IBUF (Prop_ibuf_I_O)         1.388     1.388 r  clk_IBUF_inst/O
                         net (fo=1, routed)           1.862     3.250    clk_IBUF
    BUFGCTRL_X0Y0        BUFG (Prop_bufg_I_O)         0.091     3.341 r  clk_IBUF_BUFG_inst/O
                         net (fo=1750, routed)        1.429     4.770    AI_instance/clk_IBUF_BUFG
    SLICE_X12Y79         FDRE                                         r  AI_instance/fc3_results_reg[6][11]/C

Slack:                    inf
  Source:                 sw[0]
                            (input port)
  Destination:            AI_instance/fc3_results_reg[6][12]/CE
                            (rising edge-triggered cell FDRE clocked by sys_clk_pin  {rise@0.000ns fall@5.000ns period=10.000ns})
  Path Group:             (none)
  Path Type:              Setup (Max at Slow Process Corner)
  Data Path Delay:        13.004ns  (logic 2.083ns (16.017%)  route 10.921ns (83.983%))
  Logic Levels:           4  (IBUF=1 LUT4=1 LUT5=1 LUT6=1)
  Clock Path Skew:        4.770ns (DCD - SCD + CPR)
    Destination Clock Delay (DCD):    4.770ns
    Source Clock Delay      (SCD):    0.000ns
    Clock Pessimism Removal (CPR):    0.000ns
  Clock Uncertainty:      0.025ns  ((TSJ^2 + TIJ^2)^1/2 + DJ) / 2 + PE
    Total System Jitter     (TSJ):    0.050ns
    Total Input Jitter      (TIJ):    0.000ns
    Discrete Jitter          (DJ):    0.000ns
    Phase Error              (PE):    0.000ns

    Location             Delay type                Incr(ns)  Path(ns)    Netlist Resource(s)
  -------------------------------------------------------------------    -------------------
    V17                                               0.000     0.000 f  sw[0] (IN)
                         net (fo=0)                   0.000     0.000    sw[0]
    V17                  IBUF (Prop_ibuf_I_O)         1.453     1.453 f  sw_IBUF[0]_inst/O
                         net (fo=1610, routed)        7.241     8.694    AI_instance/led_OBUF[0]
    SLICE_X8Y69          LUT6 (Prop_lut6_I5_O)        0.124     8.818 r  AI_instance/fc3_results[2][15]_i_3/O
                         net (fo=5, routed)           1.100     9.918    AI_instance/fc3_results[2][15]_i_3_n_0
    SLICE_X8Y70          LUT5 (Prop_lut5_I0_O)        0.148    10.066 r  AI_instance/fc3_results[0][15]_i_2/O
                         net (fo=6, routed)           0.812    10.878    AI_instance/fc3_results[0][15]_i_2_n_0
    SLICE_X9Y72          LUT4 (Prop_lut4_I0_O)        0.358    11.236 r  AI_instance/fc3_results[6][15]_i_1/O
                         net (fo=16, routed)          1.768    13.004    AI_instance/fc3_results[6][15]_i_1_n_0
    SLICE_X12Y79         FDRE                                         r  AI_instance/fc3_results_reg[6][12]/CE
  -------------------------------------------------------------------    -------------------

                         (clock sys_clk_pin rise edge)
                                                      0.000     0.000 r  
    W5                                                0.000     0.000 r  clk (IN)
                         net (fo=0)                   0.000     0.000    clk
    W5                   IBUF (Prop_ibuf_I_O)         1.388     1.388 r  clk_IBUF_inst/O
                         net (fo=1, routed)           1.862     3.250    clk_IBUF
    BUFGCTRL_X0Y0        BUFG (Prop_bufg_I_O)         0.091     3.341 r  clk_IBUF_BUFG_inst/O
                         net (fo=1750, routed)        1.429     4.770    AI_instance/clk_IBUF_BUFG
    SLICE_X12Y79         FDRE                                         r  AI_instance/fc3_results_reg[6][12]/C

Slack:                    inf
  Source:                 sw[0]
                            (input port)
  Destination:            AI_instance/fc3_results_reg[6][13]/CE
                            (rising edge-triggered cell FDRE clocked by sys_clk_pin  {rise@0.000ns fall@5.000ns period=10.000ns})
  Path Group:             (none)
  Path Type:              Setup (Max at Slow Process Corner)
  Data Path Delay:        13.004ns  (logic 2.083ns (16.017%)  route 10.921ns (83.983%))
  Logic Levels:           4  (IBUF=1 LUT4=1 LUT5=1 LUT6=1)
  Clock Path Skew:        4.770ns (DCD - SCD + CPR)
    Destination Clock Delay (DCD):    4.770ns
    Source Clock Delay      (SCD):    0.000ns
    Clock Pessimism Removal (CPR):    0.000ns
  Clock Uncertainty:      0.025ns  ((TSJ^2 + TIJ^2)^1/2 + DJ) / 2 + PE
    Total System Jitter     (TSJ):    0.050ns
    Total Input Jitter      (TIJ):    0.000ns
    Discrete Jitter          (DJ):    0.000ns
    Phase Error              (PE):    0.000ns

    Location             Delay type                Incr(ns)  Path(ns)    Netlist Resource(s)
  -------------------------------------------------------------------    -------------------
    V17                                               0.000     0.000 f  sw[0] (IN)
                         net (fo=0)                   0.000     0.000    sw[0]
    V17                  IBUF (Prop_ibuf_I_O)         1.453     1.453 f  sw_IBUF[0]_inst/O
                         net (fo=1610, routed)        7.241     8.694    AI_instance/led_OBUF[0]
    SLICE_X8Y69          LUT6 (Prop_lut6_I5_O)        0.124     8.818 r  AI_instance/fc3_results[2][15]_i_3/O
                         net (fo=5, routed)           1.100     9.918    AI_instance/fc3_results[2][15]_i_3_n_0
    SLICE_X8Y70          LUT5 (Prop_lut5_I0_O)        0.148    10.066 r  AI_instance/fc3_results[0][15]_i_2/O
                         net (fo=6, routed)           0.812    10.878    AI_instance/fc3_results[0][15]_i_2_n_0
    SLICE_X9Y72          LUT4 (Prop_lut4_I0_O)        0.358    11.236 r  AI_instance/fc3_results[6][15]_i_1/O
                         net (fo=16, routed)          1.768    13.004    AI_instance/fc3_results[6][15]_i_1_n_0
    SLICE_X12Y79         FDRE                                         r  AI_instance/fc3_results_reg[6][13]/CE
  -------------------------------------------------------------------    -------------------

                         (clock sys_clk_pin rise edge)
                                                      0.000     0.000 r  
    W5                                                0.000     0.000 r  clk (IN)
                         net (fo=0)                   0.000     0.000    clk
    W5                   IBUF (Prop_ibuf_I_O)         1.388     1.388 r  clk_IBUF_inst/O
                         net (fo=1, routed)           1.862     3.250    clk_IBUF
    BUFGCTRL_X0Y0        BUFG (Prop_bufg_I_O)         0.091     3.341 r  clk_IBUF_BUFG_inst/O
                         net (fo=1750, routed)        1.429     4.770    AI_instance/clk_IBUF_BUFG
    SLICE_X12Y79         FDRE                                         r  AI_instance/fc3_results_reg[6][13]/C

Slack:                    inf
  Source:                 sw[0]
                            (input port)
  Destination:            AI_instance/fc3_results_reg[6][15]/CE
                            (rising edge-triggered cell FDRE clocked by sys_clk_pin  {rise@0.000ns fall@5.000ns period=10.000ns})
  Path Group:             (none)
  Path Type:              Setup (Max at Slow Process Corner)
  Data Path Delay:        13.004ns  (logic 2.083ns (16.017%)  route 10.921ns (83.983%))
  Logic Levels:           4  (IBUF=1 LUT4=1 LUT5=1 LUT6=1)
  Clock Path Skew:        4.770ns (DCD - SCD + CPR)
    Destination Clock Delay (DCD):    4.770ns
    Source Clock Delay      (SCD):    0.000ns
    Clock Pessimism Removal (CPR):    0.000ns
  Clock Uncertainty:      0.025ns  ((TSJ^2 + TIJ^2)^1/2 + DJ) / 2 + PE
    Total System Jitter     (TSJ):    0.050ns
    Total Input Jitter      (TIJ):    0.000ns
    Discrete Jitter          (DJ):    0.000ns
    Phase Error              (PE):    0.000ns

    Location             Delay type                Incr(ns)  Path(ns)    Netlist Resource(s)
  -------------------------------------------------------------------    -------------------
    V17                                               0.000     0.000 f  sw[0] (IN)
                         net (fo=0)                   0.000     0.000    sw[0]
    V17                  IBUF (Prop_ibuf_I_O)         1.453     1.453 f  sw_IBUF[0]_inst/O
                         net (fo=1610, routed)        7.241     8.694    AI_instance/led_OBUF[0]
    SLICE_X8Y69          LUT6 (Prop_lut6_I5_O)        0.124     8.818 r  AI_instance/fc3_results[2][15]_i_3/O
                         net (fo=5, routed)           1.100     9.918    AI_instance/fc3_results[2][15]_i_3_n_0
    SLICE_X8Y70          LUT5 (Prop_lut5_I0_O)        0.148    10.066 r  AI_instance/fc3_results[0][15]_i_2/O
                         net (fo=6, routed)           0.812    10.878    AI_instance/fc3_results[0][15]_i_2_n_0
    SLICE_X9Y72          LUT4 (Prop_lut4_I0_O)        0.358    11.236 r  AI_instance/fc3_results[6][15]_i_1/O
                         net (fo=16, routed)          1.768    13.004    AI_instance/fc3_results[6][15]_i_1_n_0
    SLICE_X12Y79         FDRE                                         r  AI_instance/fc3_results_reg[6][15]/CE
  -------------------------------------------------------------------    -------------------

                         (clock sys_clk_pin rise edge)
                                                      0.000     0.000 r  
    W5                                                0.000     0.000 r  clk (IN)
                         net (fo=0)                   0.000     0.000    clk
    W5                   IBUF (Prop_ibuf_I_O)         1.388     1.388 r  clk_IBUF_inst/O
                         net (fo=1, routed)           1.862     3.250    clk_IBUF
    BUFGCTRL_X0Y0        BUFG (Prop_bufg_I_O)         0.091     3.341 r  clk_IBUF_BUFG_inst/O
                         net (fo=1750, routed)        1.429     4.770    AI_instance/clk_IBUF_BUFG
    SLICE_X12Y79         FDRE                                         r  AI_instance/fc3_results_reg[6][15]/C

Slack:                    inf
  Source:                 sw[0]
                            (input port)
  Destination:            AI_instance/fc3_results_reg[6][3]/CE
                            (rising edge-triggered cell FDRE clocked by sys_clk_pin  {rise@0.000ns fall@5.000ns period=10.000ns})
  Path Group:             (none)
  Path Type:              Setup (Max at Slow Process Corner)
  Data Path Delay:        13.004ns  (logic 2.083ns (16.017%)  route 10.921ns (83.983%))
  Logic Levels:           4  (IBUF=1 LUT4=1 LUT5=1 LUT6=1)
  Clock Path Skew:        4.770ns (DCD - SCD + CPR)
    Destination Clock Delay (DCD):    4.770ns
    Source Clock Delay      (SCD):    0.000ns
    Clock Pessimism Removal (CPR):    0.000ns
  Clock Uncertainty:      0.025ns  ((TSJ^2 + TIJ^2)^1/2 + DJ) / 2 + PE
    Total System Jitter     (TSJ):    0.050ns
    Total Input Jitter      (TIJ):    0.000ns
    Discrete Jitter          (DJ):    0.000ns
    Phase Error              (PE):    0.000ns

    Location             Delay type                Incr(ns)  Path(ns)    Netlist Resource(s)
  -------------------------------------------------------------------    -------------------
    V17                                               0.000     0.000 f  sw[0] (IN)
                         net (fo=0)                   0.000     0.000    sw[0]
    V17                  IBUF (Prop_ibuf_I_O)         1.453     1.453 f  sw_IBUF[0]_inst/O
                         net (fo=1610, routed)        7.241     8.694    AI_instance/led_OBUF[0]
    SLICE_X8Y69          LUT6 (Prop_lut6_I5_O)        0.124     8.818 r  AI_instance/fc3_results[2][15]_i_3/O
                         net (fo=5, routed)           1.100     9.918    AI_instance/fc3_results[2][15]_i_3_n_0
    SLICE_X8Y70          LUT5 (Prop_lut5_I0_O)        0.148    10.066 r  AI_instance/fc3_results[0][15]_i_2/O
                         net (fo=6, routed)           0.812    10.878    AI_instance/fc3_results[0][15]_i_2_n_0
    SLICE_X9Y72          LUT4 (Prop_lut4_I0_O)        0.358    11.236 r  AI_instance/fc3_results[6][15]_i_1/O
                         net (fo=16, routed)          1.768    13.004    AI_instance/fc3_results[6][15]_i_1_n_0
    SLICE_X12Y79         FDRE                                         r  AI_instance/fc3_results_reg[6][3]/CE
  -------------------------------------------------------------------    -------------------

                         (clock sys_clk_pin rise edge)
                                                      0.000     0.000 r  
    W5                                                0.000     0.000 r  clk (IN)
                         net (fo=0)                   0.000     0.000    clk
    W5                   IBUF (Prop_ibuf_I_O)         1.388     1.388 r  clk_IBUF_inst/O
                         net (fo=1, routed)           1.862     3.250    clk_IBUF
    BUFGCTRL_X0Y0        BUFG (Prop_bufg_I_O)         0.091     3.341 r  clk_IBUF_BUFG_inst/O
                         net (fo=1750, routed)        1.429     4.770    AI_instance/clk_IBUF_BUFG
    SLICE_X12Y79         FDRE                                         r  AI_instance/fc3_results_reg[6][3]/C

Slack:                    inf
  Source:                 sw[0]
                            (input port)
  Destination:            AI_instance/fc3_results_reg[6][8]/CE
                            (rising edge-triggered cell FDRE clocked by sys_clk_pin  {rise@0.000ns fall@5.000ns period=10.000ns})
  Path Group:             (none)
  Path Type:              Setup (Max at Slow Process Corner)
  Data Path Delay:        13.004ns  (logic 2.083ns (16.017%)  route 10.921ns (83.983%))
  Logic Levels:           4  (IBUF=1 LUT4=1 LUT5=1 LUT6=1)
  Clock Path Skew:        4.770ns (DCD - SCD + CPR)
    Destination Clock Delay (DCD):    4.770ns
    Source Clock Delay      (SCD):    0.000ns
    Clock Pessimism Removal (CPR):    0.000ns
  Clock Uncertainty:      0.025ns  ((TSJ^2 + TIJ^2)^1/2 + DJ) / 2 + PE
    Total System Jitter     (TSJ):    0.050ns
    Total Input Jitter      (TIJ):    0.000ns
    Discrete Jitter          (DJ):    0.000ns
    Phase Error              (PE):    0.000ns

    Location             Delay type                Incr(ns)  Path(ns)    Netlist Resource(s)
  -------------------------------------------------------------------    -------------------
    V17                                               0.000     0.000 f  sw[0] (IN)
                         net (fo=0)                   0.000     0.000    sw[0]
    V17                  IBUF (Prop_ibuf_I_O)         1.453     1.453 f  sw_IBUF[0]_inst/O
                         net (fo=1610, routed)        7.241     8.694    AI_instance/led_OBUF[0]
    SLICE_X8Y69          LUT6 (Prop_lut6_I5_O)        0.124     8.818 r  AI_instance/fc3_results[2][15]_i_3/O
                         net (fo=5, routed)           1.100     9.918    AI_instance/fc3_results[2][15]_i_3_n_0
    SLICE_X8Y70          LUT5 (Prop_lut5_I0_O)        0.148    10.066 r  AI_instance/fc3_results[0][15]_i_2/O
                         net (fo=6, routed)           0.812    10.878    AI_instance/fc3_results[0][15]_i_2_n_0
    SLICE_X9Y72          LUT4 (Prop_lut4_I0_O)        0.358    11.236 r  AI_instance/fc3_results[6][15]_i_1/O
                         net (fo=16, routed)          1.768    13.004    AI_instance/fc3_results[6][15]_i_1_n_0
    SLICE_X12Y79         FDRE                                         r  AI_instance/fc3_results_reg[6][8]/CE
  -------------------------------------------------------------------    -------------------

                         (clock sys_clk_pin rise edge)
                                                      0.000     0.000 r  
    W5                                                0.000     0.000 r  clk (IN)
                         net (fo=0)                   0.000     0.000    clk
    W5                   IBUF (Prop_ibuf_I_O)         1.388     1.388 r  clk_IBUF_inst/O
                         net (fo=1, routed)           1.862     3.250    clk_IBUF
    BUFGCTRL_X0Y0        BUFG (Prop_bufg_I_O)         0.091     3.341 r  clk_IBUF_BUFG_inst/O
                         net (fo=1750, routed)        1.429     4.770    AI_instance/clk_IBUF_BUFG
    SLICE_X12Y79         FDRE                                         r  AI_instance/fc3_results_reg[6][8]/C

Slack:                    inf
  Source:                 sw[0]
                            (input port)
  Destination:            AI_instance/fc3_results_reg[6][14]/CE
                            (rising edge-triggered cell FDRE clocked by sys_clk_pin  {rise@0.000ns fall@5.000ns period=10.000ns})
  Path Group:             (none)
  Path Type:              Setup (Max at Slow Process Corner)
  Data Path Delay:        12.740ns  (logic 2.083ns (16.348%)  route 10.658ns (83.652%))
  Logic Levels:           4  (IBUF=1 LUT4=1 LUT5=1 LUT6=1)
  Clock Path Skew:        4.770ns (DCD - SCD + CPR)
    Destination Clock Delay (DCD):    4.770ns
    Source Clock Delay      (SCD):    0.000ns
    Clock Pessimism Removal (CPR):    0.000ns
  Clock Uncertainty:      0.025ns  ((TSJ^2 + TIJ^2)^1/2 + DJ) / 2 + PE
    Total System Jitter     (TSJ):    0.050ns
    Total Input Jitter      (TIJ):    0.000ns
    Discrete Jitter          (DJ):    0.000ns
    Phase Error              (PE):    0.000ns

    Location             Delay type                Incr(ns)  Path(ns)    Netlist Resource(s)
  -------------------------------------------------------------------    -------------------
    V17                                               0.000     0.000 f  sw[0] (IN)
                         net (fo=0)                   0.000     0.000    sw[0]
    V17                  IBUF (Prop_ibuf_I_O)         1.453     1.453 f  sw_IBUF[0]_inst/O
                         net (fo=1610, routed)        7.241     8.694    AI_instance/led_OBUF[0]
    SLICE_X8Y69          LUT6 (Prop_lut6_I5_O)        0.124     8.818 r  AI_instance/fc3_results[2][15]_i_3/O
                         net (fo=5, routed)           1.100     9.918    AI_instance/fc3_results[2][15]_i_3_n_0
    SLICE_X8Y70          LUT5 (Prop_lut5_I0_O)        0.148    10.066 r  AI_instance/fc3_results[0][15]_i_2/O
                         net (fo=6, routed)           0.812    10.878    AI_instance/fc3_results[0][15]_i_2_n_0
    SLICE_X9Y72          LUT4 (Prop_lut4_I0_O)        0.358    11.236 r  AI_instance/fc3_results[6][15]_i_1/O
                         net (fo=16, routed)          1.504    12.740    AI_instance/fc3_results[6][15]_i_1_n_0
    SLICE_X8Y80          FDRE                                         r  AI_instance/fc3_results_reg[6][14]/CE
  -------------------------------------------------------------------    -------------------

                         (clock sys_clk_pin rise edge)
                                                      0.000     0.000 r  
    W5                                                0.000     0.000 r  clk (IN)
                         net (fo=0)                   0.000     0.000    clk
    W5                   IBUF (Prop_ibuf_I_O)         1.388     1.388 r  clk_IBUF_inst/O
                         net (fo=1, routed)           1.862     3.250    clk_IBUF
    BUFGCTRL_X0Y0        BUFG (Prop_bufg_I_O)         0.091     3.341 r  clk_IBUF_BUFG_inst/O
                         net (fo=1750, routed)        1.429     4.770    AI_instance/clk_IBUF_BUFG
    SLICE_X8Y80          FDRE                                         r  AI_instance/fc3_results_reg[6][14]/C

Slack:                    inf
  Source:                 sw[0]
                            (input port)
  Destination:            AI_instance/fc3_results_reg[6][5]/CE
                            (rising edge-triggered cell FDRE clocked by sys_clk_pin  {rise@0.000ns fall@5.000ns period=10.000ns})
  Path Group:             (none)
  Path Type:              Setup (Max at Slow Process Corner)
  Data Path Delay:        12.551ns  (logic 2.083ns (16.595%)  route 10.468ns (83.405%))
  Logic Levels:           4  (IBUF=1 LUT4=1 LUT5=1 LUT6=1)
  Clock Path Skew:        4.770ns (DCD - SCD + CPR)
    Destination Clock Delay (DCD):    4.770ns
    Source Clock Delay      (SCD):    0.000ns
    Clock Pessimism Removal (CPR):    0.000ns
  Clock Uncertainty:      0.025ns  ((TSJ^2 + TIJ^2)^1/2 + DJ) / 2 + PE
    Total System Jitter     (TSJ):    0.050ns
    Total Input Jitter      (TIJ):    0.000ns
    Discrete Jitter          (DJ):    0.000ns
    Phase Error              (PE):    0.000ns

    Location             Delay type                Incr(ns)  Path(ns)    Netlist Resource(s)
  -------------------------------------------------------------------    -------------------
    V17                                               0.000     0.000 f  sw[0] (IN)
                         net (fo=0)                   0.000     0.000    sw[0]
    V17                  IBUF (Prop_ibuf_I_O)         1.453     1.453 f  sw_IBUF[0]_inst/O
                         net (fo=1610, routed)        7.241     8.694    AI_instance/led_OBUF[0]
    SLICE_X8Y69          LUT6 (Prop_lut6_I5_O)        0.124     8.818 r  AI_instance/fc3_results[2][15]_i_3/O
                         net (fo=5, routed)           1.100     9.918    AI_instance/fc3_results[2][15]_i_3_n_0
    SLICE_X8Y70          LUT5 (Prop_lut5_I0_O)        0.148    10.066 r  AI_instance/fc3_results[0][15]_i_2/O
                         net (fo=6, routed)           0.812    10.878    AI_instance/fc3_results[0][15]_i_2_n_0
    SLICE_X9Y72          LUT4 (Prop_lut4_I0_O)        0.358    11.236 r  AI_instance/fc3_results[6][15]_i_1/O
                         net (fo=16, routed)          1.315    12.551    AI_instance/fc3_results[6][15]_i_1_n_0
    SLICE_X9Y80          FDRE                                         r  AI_instance/fc3_results_reg[6][5]/CE
  -------------------------------------------------------------------    -------------------

                         (clock sys_clk_pin rise edge)
                                                      0.000     0.000 r  
    W5                                                0.000     0.000 r  clk (IN)
                         net (fo=0)                   0.000     0.000    clk
    W5                   IBUF (Prop_ibuf_I_O)         1.388     1.388 r  clk_IBUF_inst/O
                         net (fo=1, routed)           1.862     3.250    clk_IBUF
    BUFGCTRL_X0Y0        BUFG (Prop_bufg_I_O)         0.091     3.341 r  clk_IBUF_BUFG_inst/O
                         net (fo=1750, routed)        1.429     4.770    AI_instance/clk_IBUF_BUFG
    SLICE_X9Y80          FDRE                                         r  AI_instance/fc3_results_reg[6][5]/C

Slack:                    inf
  Source:                 sw[0]
                            (input port)
  Destination:            AI_instance/fc3_results_reg[6][6]/CE
                            (rising edge-triggered cell FDRE clocked by sys_clk_pin  {rise@0.000ns fall@5.000ns period=10.000ns})
  Path Group:             (none)
  Path Type:              Setup (Max at Slow Process Corner)
  Data Path Delay:        12.551ns  (logic 2.083ns (16.595%)  route 10.468ns (83.405%))
  Logic Levels:           4  (IBUF=1 LUT4=1 LUT5=1 LUT6=1)
  Clock Path Skew:        4.770ns (DCD - SCD + CPR)
    Destination Clock Delay (DCD):    4.770ns
    Source Clock Delay      (SCD):    0.000ns
    Clock Pessimism Removal (CPR):    0.000ns
  Clock Uncertainty:      0.025ns  ((TSJ^2 + TIJ^2)^1/2 + DJ) / 2 + PE
    Total System Jitter     (TSJ):    0.050ns
    Total Input Jitter      (TIJ):    0.000ns
    Discrete Jitter          (DJ):    0.000ns
    Phase Error              (PE):    0.000ns

    Location             Delay type                Incr(ns)  Path(ns)    Netlist Resource(s)
  -------------------------------------------------------------------    -------------------
    V17                                               0.000     0.000 f  sw[0] (IN)
                         net (fo=0)                   0.000     0.000    sw[0]
    V17                  IBUF (Prop_ibuf_I_O)         1.453     1.453 f  sw_IBUF[0]_inst/O
                         net (fo=1610, routed)        7.241     8.694    AI_instance/led_OBUF[0]
    SLICE_X8Y69          LUT6 (Prop_lut6_I5_O)        0.124     8.818 r  AI_instance/fc3_results[2][15]_i_3/O
                         net (fo=5, routed)           1.100     9.918    AI_instance/fc3_results[2][15]_i_3_n_0
    SLICE_X8Y70          LUT5 (Prop_lut5_I0_O)        0.148    10.066 r  AI_instance/fc3_results[0][15]_i_2/O
                         net (fo=6, routed)           0.812    10.878    AI_instance/fc3_results[0][15]_i_2_n_0
    SLICE_X9Y72          LUT4 (Prop_lut4_I0_O)        0.358    11.236 r  AI_instance/fc3_results[6][15]_i_1/O
                         net (fo=16, routed)          1.315    12.551    AI_instance/fc3_results[6][15]_i_1_n_0
    SLICE_X9Y80          FDRE                                         r  AI_instance/fc3_results_reg[6][6]/CE
  -------------------------------------------------------------------    -------------------

                         (clock sys_clk_pin rise edge)
                                                      0.000     0.000 r  
    W5                                                0.000     0.000 r  clk (IN)
                         net (fo=0)                   0.000     0.000    clk
    W5                   IBUF (Prop_ibuf_I_O)         1.388     1.388 r  clk_IBUF_inst/O
                         net (fo=1, routed)           1.862     3.250    clk_IBUF
    BUFGCTRL_X0Y0        BUFG (Prop_bufg_I_O)         0.091     3.341 r  clk_IBUF_BUFG_inst/O
                         net (fo=1750, routed)        1.429     4.770    AI_instance/clk_IBUF_BUFG
    SLICE_X9Y80          FDRE                                         r  AI_instance/fc3_results_reg[6][6]/C





Min Delay Paths
--------------------------------------------------------------------------------------
Slack:                    inf
  Source:                 Squares_reg[2,3][3]/C
                            (rising edge-triggered cell FDCE)
  Destination:            AI_instance/flattened_input_reg[14][5]/D
                            (rising edge-triggered cell FDRE clocked by sys_clk_pin  {rise@0.000ns fall@5.000ns period=10.000ns})
  Path Group:             (none)
  Path Type:              Hold (Min at Fast Process Corner)
  Data Path Delay:        0.288ns  (logic 0.141ns (48.894%)  route 0.147ns (51.106%))
  Logic Levels:           1  (FDCE=1)
  Clock Uncertainty:      0.025ns  ((TSJ^2 + TIJ^2)^1/2 + DJ) / 2 + PE
    Total System Jitter     (TSJ):    0.050ns
    Total Input Jitter      (TIJ):    0.000ns
    Discrete Jitter          (DJ):    0.000ns
    Phase Error              (PE):    0.000ns

    Location             Delay type                Incr(ns)  Path(ns)    Netlist Resource(s)
  -------------------------------------------------------------------    -------------------
    SLICE_X11Y45         FDCE                         0.000     0.000 r  Squares_reg[2,3][3]/C
    SLICE_X11Y45         FDCE (Prop_fdce_C_Q)         0.141     0.141 r  Squares_reg[2,3][3]/Q
                         net (fo=5, routed)           0.147     0.288    AI_instance/flattened_input_reg[14][5]_0
    SLICE_X11Y46         FDRE                                         r  AI_instance/flattened_input_reg[14][5]/D
  -------------------------------------------------------------------    -------------------

                         (clock sys_clk_pin rise edge)
                                                      0.000     0.000 r  
    W5                                                0.000     0.000 r  clk (IN)
                         net (fo=0)                   0.000     0.000    clk
    W5                   IBUF (Prop_ibuf_I_O)         0.414     0.414 r  clk_IBUF_inst/O
                         net (fo=1, routed)           0.685     1.099    clk_IBUF
    BUFGCTRL_X0Y0        BUFG (Prop_bufg_I_O)         0.029     1.128 r  clk_IBUF_BUFG_inst/O
                         net (fo=1750, routed)        0.836     1.963    AI_instance/clk_IBUF_BUFG
    SLICE_X11Y46         FDRE                                         r  AI_instance/flattened_input_reg[14][5]/C

Slack:                    inf
  Source:                 Squares_reg[4,3][3]/C
                            (rising edge-triggered cell FDCE)
  Destination:            AI_instance/flattened_input_reg[38][5]/D
                            (rising edge-triggered cell FDRE clocked by sys_clk_pin  {rise@0.000ns fall@5.000ns period=10.000ns})
  Path Group:             (none)
  Path Type:              Hold (Min at Fast Process Corner)
  Data Path Delay:        0.314ns  (logic 0.141ns (44.845%)  route 0.173ns (55.155%))
  Logic Levels:           1  (FDCE=1)
  Clock Uncertainty:      0.025ns  ((TSJ^2 + TIJ^2)^1/2 + DJ) / 2 + PE
    Total System Jitter     (TSJ):    0.050ns
    Total Input Jitter      (TIJ):    0.000ns
    Discrete Jitter          (DJ):    0.000ns
    Phase Error              (PE):    0.000ns

    Location             Delay type                Incr(ns)  Path(ns)    Netlist Resource(s)
  -------------------------------------------------------------------    -------------------
    SLICE_X11Y45         FDCE                         0.000     0.000 r  Squares_reg[4,3][3]/C
    SLICE_X11Y45         FDCE (Prop_fdce_C_Q)         0.141     0.141 r  Squares_reg[4,3][3]/Q
                         net (fo=5, routed)           0.173     0.314    AI_instance/flattened_input_reg[38][5]_0
    SLICE_X10Y46         FDRE                                         r  AI_instance/flattened_input_reg[38][5]/D
  -------------------------------------------------------------------    -------------------

                         (clock sys_clk_pin rise edge)
                                                      0.000     0.000 r  
    W5                                                0.000     0.000 r  clk (IN)
                         net (fo=0)                   0.000     0.000    clk
    W5                   IBUF (Prop_ibuf_I_O)         0.414     0.414 r  clk_IBUF_inst/O
                         net (fo=1, routed)           0.685     1.099    clk_IBUF
    BUFGCTRL_X0Y0        BUFG (Prop_bufg_I_O)         0.029     1.128 r  clk_IBUF_BUFG_inst/O
                         net (fo=1750, routed)        0.836     1.963    AI_instance/clk_IBUF_BUFG
    SLICE_X10Y46         FDRE                                         r  AI_instance/flattened_input_reg[38][5]/C

Slack:                    inf
  Source:                 Squares_reg[1,1][3]/C
                            (rising edge-triggered cell FDCE)
  Destination:            AI_instance/flattened_input_reg[0][7]/D
                            (rising edge-triggered cell FDRE clocked by sys_clk_pin  {rise@0.000ns fall@5.000ns period=10.000ns})
  Path Group:             (none)
  Path Type:              Hold (Min at Fast Process Corner)
  Data Path Delay:        0.333ns  (logic 0.186ns (55.877%)  route 0.147ns (44.123%))
  Logic Levels:           2  (FDCE=1 LUT1=1)
  Clock Uncertainty:      0.025ns  ((TSJ^2 + TIJ^2)^1/2 + DJ) / 2 + PE
    Total System Jitter     (TSJ):    0.050ns
    Total Input Jitter      (TIJ):    0.000ns
    Discrete Jitter          (DJ):    0.000ns
    Phase Error              (PE):    0.000ns

    Location             Delay type                Incr(ns)  Path(ns)    Netlist Resource(s)
  -------------------------------------------------------------------    -------------------
    SLICE_X11Y41         FDCE                         0.000     0.000 r  Squares_reg[1,1][3]/C
    SLICE_X11Y41         FDCE (Prop_fdce_C_Q)         0.141     0.141 f  Squares_reg[1,1][3]/Q
                         net (fo=5, routed)           0.147     0.288    AI_instance/flattened_input_reg[0][5]_0
    SLICE_X8Y41          LUT1 (Prop_lut1_I0_O)        0.045     0.333 r  AI_instance/flattened_input[0][7]_i_2/O
                         net (fo=1, routed)           0.000     0.333    AI_instance/flattened_input[0][7]_i_2_n_0
    SLICE_X8Y41          FDRE                                         r  AI_instance/flattened_input_reg[0][7]/D
  -------------------------------------------------------------------    -------------------

                         (clock sys_clk_pin rise edge)
                                                      0.000     0.000 r  
    W5                                                0.000     0.000 r  clk (IN)
                         net (fo=0)                   0.000     0.000    clk
    W5                   IBUF (Prop_ibuf_I_O)         0.414     0.414 r  clk_IBUF_inst/O
                         net (fo=1, routed)           0.685     1.099    clk_IBUF
    BUFGCTRL_X0Y0        BUFG (Prop_bufg_I_O)         0.029     1.128 r  clk_IBUF_BUFG_inst/O
                         net (fo=1750, routed)        0.835     1.962    AI_instance/clk_IBUF_BUFG
    SLICE_X8Y41          FDRE                                         r  AI_instance/flattened_input_reg[0][7]/C

Slack:                    inf
  Source:                 Squares_reg[11,7][3]/C
                            (rising edge-triggered cell FDCE)
  Destination:            AI_instance/flattened_input_reg[126][5]/D
                            (rising edge-triggered cell FDRE clocked by sys_clk_pin  {rise@0.000ns fall@5.000ns period=10.000ns})
  Path Group:             (none)
  Path Type:              Hold (Min at Fast Process Corner)
  Data Path Delay:        0.338ns  (logic 0.141ns (41.691%)  route 0.197ns (58.309%))
  Logic Levels:           1  (FDCE=1)
  Clock Uncertainty:      0.025ns  ((TSJ^2 + TIJ^2)^1/2 + DJ) / 2 + PE
    Total System Jitter     (TSJ):    0.050ns
    Total Input Jitter      (TIJ):    0.000ns
    Discrete Jitter          (DJ):    0.000ns
    Phase Error              (PE):    0.000ns

    Location             Delay type                Incr(ns)  Path(ns)    Netlist Resource(s)
  -------------------------------------------------------------------    -------------------
    SLICE_X3Y50          FDCE                         0.000     0.000 r  Squares_reg[11,7][3]/C
    SLICE_X3Y50          FDCE (Prop_fdce_C_Q)         0.141     0.141 r  Squares_reg[11,7][3]/Q
                         net (fo=5, routed)           0.197     0.338    AI_instance/flattened_input_reg[126][5]_0
    SLICE_X4Y52          FDRE                                         r  AI_instance/flattened_input_reg[126][5]/D
  -------------------------------------------------------------------    -------------------

                         (clock sys_clk_pin rise edge)
                                                      0.000     0.000 r  
    W5                                                0.000     0.000 r  clk (IN)
                         net (fo=0)                   0.000     0.000    clk
    W5                   IBUF (Prop_ibuf_I_O)         0.414     0.414 r  clk_IBUF_inst/O
                         net (fo=1, routed)           0.685     1.099    clk_IBUF
    BUFGCTRL_X0Y0        BUFG (Prop_bufg_I_O)         0.029     1.128 r  clk_IBUF_BUFG_inst/O
                         net (fo=1750, routed)        0.863     1.990    AI_instance/clk_IBUF_BUFG
    SLICE_X4Y52          FDRE                                         r  AI_instance/flattened_input_reg[126][5]/C

Slack:                    inf
  Source:                 Squares_reg[9,9][3]/C
                            (rising edge-triggered cell FDCE)
  Destination:            AI_instance/flattened_input_reg[104][5]/D
                            (rising edge-triggered cell FDRE clocked by sys_clk_pin  {rise@0.000ns fall@5.000ns period=10.000ns})
  Path Group:             (none)
  Path Type:              Hold (Min at Fast Process Corner)
  Data Path Delay:        0.343ns  (logic 0.141ns (41.127%)  route 0.202ns (58.873%))
  Logic Levels:           1  (FDCE=1)
  Clock Uncertainty:      0.025ns  ((TSJ^2 + TIJ^2)^1/2 + DJ) / 2 + PE
    Total System Jitter     (TSJ):    0.050ns
    Total Input Jitter      (TIJ):    0.000ns
    Discrete Jitter          (DJ):    0.000ns
    Phase Error              (PE):    0.000ns

    Location             Delay type                Incr(ns)  Path(ns)    Netlist Resource(s)
  -------------------------------------------------------------------    -------------------
    SLICE_X3Y49          FDCE                         0.000     0.000 r  Squares_reg[9,9][3]/C
    SLICE_X3Y49          FDCE (Prop_fdce_C_Q)         0.141     0.141 r  Squares_reg[9,9][3]/Q
                         net (fo=5, routed)           0.202     0.343    AI_instance/flattened_input_reg[104][5]_0
    SLICE_X3Y53          FDRE                                         r  AI_instance/flattened_input_reg[104][5]/D
  -------------------------------------------------------------------    -------------------

                         (clock sys_clk_pin rise edge)
                                                      0.000     0.000 r  
    W5                                                0.000     0.000 r  clk (IN)
                         net (fo=0)                   0.000     0.000    clk
    W5                   IBUF (Prop_ibuf_I_O)         0.414     0.414 r  clk_IBUF_inst/O
                         net (fo=1, routed)           0.685     1.099    clk_IBUF
    BUFGCTRL_X0Y0        BUFG (Prop_bufg_I_O)         0.029     1.128 r  clk_IBUF_BUFG_inst/O
                         net (fo=1750, routed)        0.863     1.991    AI_instance/clk_IBUF_BUFG
    SLICE_X3Y53          FDRE                                         r  AI_instance/flattened_input_reg[104][5]/C

Slack:                    inf
  Source:                 Squares_reg[1,1][3]/C
                            (rising edge-triggered cell FDCE)
  Destination:            AI_instance/flattened_input_reg[0][5]/D
                            (rising edge-triggered cell FDRE clocked by sys_clk_pin  {rise@0.000ns fall@5.000ns period=10.000ns})
  Path Group:             (none)
  Path Type:              Hold (Min at Fast Process Corner)
  Data Path Delay:        0.345ns  (logic 0.141ns (40.906%)  route 0.204ns (59.094%))
  Logic Levels:           1  (FDCE=1)
  Clock Uncertainty:      0.025ns  ((TSJ^2 + TIJ^2)^1/2 + DJ) / 2 + PE
    Total System Jitter     (TSJ):    0.050ns
    Total Input Jitter      (TIJ):    0.000ns
    Discrete Jitter          (DJ):    0.000ns
    Phase Error              (PE):    0.000ns

    Location             Delay type                Incr(ns)  Path(ns)    Netlist Resource(s)
  -------------------------------------------------------------------    -------------------
    SLICE_X11Y41         FDCE                         0.000     0.000 r  Squares_reg[1,1][3]/C
    SLICE_X11Y41         FDCE (Prop_fdce_C_Q)         0.141     0.141 r  Squares_reg[1,1][3]/Q
                         net (fo=5, routed)           0.204     0.345    AI_instance/flattened_input_reg[0][5]_0
    SLICE_X13Y41         FDRE                                         r  AI_instance/flattened_input_reg[0][5]/D
  -------------------------------------------------------------------    -------------------

                         (clock sys_clk_pin rise edge)
                                                      0.000     0.000 r  
    W5                                                0.000     0.000 r  clk (IN)
                         net (fo=0)                   0.000     0.000    clk
    W5                   IBUF (Prop_ibuf_I_O)         0.414     0.414 r  clk_IBUF_inst/O
                         net (fo=1, routed)           0.685     1.099    clk_IBUF
    BUFGCTRL_X0Y0        BUFG (Prop_bufg_I_O)         0.029     1.128 r  clk_IBUF_BUFG_inst/O
                         net (fo=1750, routed)        0.835     1.962    AI_instance/clk_IBUF_BUFG
    SLICE_X13Y41         FDRE                                         r  AI_instance/flattened_input_reg[0][5]/C

Slack:                    inf
  Source:                 Squares_reg[7,9][3]/C
                            (rising edge-triggered cell FDCE)
  Destination:            AI_instance/flattened_input_reg[80][5]/D
                            (rising edge-triggered cell FDRE clocked by sys_clk_pin  {rise@0.000ns fall@5.000ns period=10.000ns})
  Path Group:             (none)
  Path Type:              Hold (Min at Fast Process Corner)
  Data Path Delay:        0.345ns  (logic 0.141ns (40.854%)  route 0.204ns (59.146%))
  Logic Levels:           1  (FDCE=1)
  Clock Uncertainty:      0.025ns  ((TSJ^2 + TIJ^2)^1/2 + DJ) / 2 + PE
    Total System Jitter     (TSJ):    0.050ns
    Total Input Jitter      (TIJ):    0.000ns
    Discrete Jitter          (DJ):    0.000ns
    Phase Error              (PE):    0.000ns

    Location             Delay type                Incr(ns)  Path(ns)    Netlist Resource(s)
  -------------------------------------------------------------------    -------------------
    SLICE_X7Y46          FDCE                         0.000     0.000 r  Squares_reg[7,9][3]/C
    SLICE_X7Y46          FDCE (Prop_fdce_C_Q)         0.141     0.141 r  Squares_reg[7,9][3]/Q
                         net (fo=5, routed)           0.204     0.345    AI_instance/flattened_input_reg[80][5]_0
    SLICE_X5Y49          FDRE                                         r  AI_instance/flattened_input_reg[80][5]/D
  -------------------------------------------------------------------    -------------------

                         (clock sys_clk_pin rise edge)
                                                      0.000     0.000 r  
    W5                                                0.000     0.000 r  clk (IN)
                         net (fo=0)                   0.000     0.000    clk
    W5                   IBUF (Prop_ibuf_I_O)         0.414     0.414 r  clk_IBUF_inst/O
                         net (fo=1, routed)           0.685     1.099    clk_IBUF
    BUFGCTRL_X0Y0        BUFG (Prop_bufg_I_O)         0.029     1.128 r  clk_IBUF_BUFG_inst/O
                         net (fo=1750, routed)        0.865     1.992    AI_instance/clk_IBUF_BUFG
    SLICE_X5Y49          FDRE                                         r  AI_instance/flattened_input_reg[80][5]/C

Slack:                    inf
  Source:                 Squares_reg[4,4][3]/C
                            (rising edge-triggered cell FDCE)
  Destination:            AI_instance/flattened_input_reg[39][7]/D
                            (rising edge-triggered cell FDRE clocked by sys_clk_pin  {rise@0.000ns fall@5.000ns period=10.000ns})
  Path Group:             (none)
  Path Type:              Hold (Min at Fast Process Corner)
  Data Path Delay:        0.358ns  (logic 0.186ns (51.888%)  route 0.172ns (48.112%))
  Logic Levels:           2  (FDCE=1 LUT1=1)
  Clock Uncertainty:      0.025ns  ((TSJ^2 + TIJ^2)^1/2 + DJ) / 2 + PE
    Total System Jitter     (TSJ):    0.050ns
    Total Input Jitter      (TIJ):    0.000ns
    Discrete Jitter          (DJ):    0.000ns
    Phase Error              (PE):    0.000ns

    Location             Delay type                Incr(ns)  Path(ns)    Netlist Resource(s)
  -------------------------------------------------------------------    -------------------
    SLICE_X11Y45         FDCE                         0.000     0.000 r  Squares_reg[4,4][3]/C
    SLICE_X11Y45         FDCE (Prop_fdce_C_Q)         0.141     0.141 f  Squares_reg[4,4][3]/Q
                         net (fo=5, routed)           0.172     0.313    AI_instance/flattened_input_reg[39][5]_0
    SLICE_X11Y46         LUT1 (Prop_lut1_I0_O)        0.045     0.358 r  AI_instance/flattened_input[39][7]_i_1/O
                         net (fo=1, routed)           0.000     0.358    AI_instance/flattened_input[39][7]_i_1_n_0
    SLICE_X11Y46         FDRE                                         r  AI_instance/flattened_input_reg[39][7]/D
  -------------------------------------------------------------------    -------------------

                         (clock sys_clk_pin rise edge)
                                                      0.000     0.000 r  
    W5                                                0.000     0.000 r  clk (IN)
                         net (fo=0)                   0.000     0.000    clk
    W5                   IBUF (Prop_ibuf_I_O)         0.414     0.414 r  clk_IBUF_inst/O
                         net (fo=1, routed)           0.685     1.099    clk_IBUF
    BUFGCTRL_X0Y0        BUFG (Prop_bufg_I_O)         0.029     1.128 r  clk_IBUF_BUFG_inst/O
                         net (fo=1750, routed)        0.836     1.963    AI_instance/clk_IBUF_BUFG
    SLICE_X11Y46         FDRE                                         r  AI_instance/flattened_input_reg[39][7]/C

Slack:                    inf
  Source:                 Squares_reg[2,6][3]/C
                            (rising edge-triggered cell FDCE)
  Destination:            AI_instance/flattened_input_reg[17][5]/D
                            (rising edge-triggered cell FDRE clocked by sys_clk_pin  {rise@0.000ns fall@5.000ns period=10.000ns})
  Path Group:             (none)
  Path Type:              Hold (Min at Fast Process Corner)
  Data Path Delay:        0.359ns  (logic 0.164ns (45.697%)  route 0.195ns (54.303%))
  Logic Levels:           1  (FDCE=1)
  Clock Uncertainty:      0.025ns  ((TSJ^2 + TIJ^2)^1/2 + DJ) / 2 + PE
    Total System Jitter     (TSJ):    0.050ns
    Total Input Jitter      (TIJ):    0.000ns
    Discrete Jitter          (DJ):    0.000ns
    Phase Error              (PE):    0.000ns

    Location             Delay type                Incr(ns)  Path(ns)    Netlist Resource(s)
  -------------------------------------------------------------------    -------------------
    SLICE_X14Y42         FDCE                         0.000     0.000 r  Squares_reg[2,6][3]/C
    SLICE_X14Y42         FDCE (Prop_fdce_C_Q)         0.164     0.164 r  Squares_reg[2,6][3]/Q
                         net (fo=5, routed)           0.195     0.359    AI_instance/flattened_input_reg[17][5]_0
    SLICE_X13Y43         FDRE                                         r  AI_instance/flattened_input_reg[17][5]/D
  -------------------------------------------------------------------    -------------------

                         (clock sys_clk_pin rise edge)
                                                      0.000     0.000 r  
    W5                                                0.000     0.000 r  clk (IN)
                         net (fo=0)                   0.000     0.000    clk
    W5                   IBUF (Prop_ibuf_I_O)         0.414     0.414 r  clk_IBUF_inst/O
                         net (fo=1, routed)           0.685     1.099    clk_IBUF
    BUFGCTRL_X0Y0        BUFG (Prop_bufg_I_O)         0.029     1.128 r  clk_IBUF_BUFG_inst/O
                         net (fo=1750, routed)        0.836     1.963    AI_instance/clk_IBUF_BUFG
    SLICE_X13Y43         FDRE                                         r  AI_instance/flattened_input_reg[17][5]/C

Slack:                    inf
  Source:                 Squares_reg[7,3][3]/C
                            (rising edge-triggered cell FDCE)
  Destination:            AI_instance/flattened_input_reg[74][5]/D
                            (rising edge-triggered cell FDRE clocked by sys_clk_pin  {rise@0.000ns fall@5.000ns period=10.000ns})
  Path Group:             (none)
  Path Type:              Hold (Min at Fast Process Corner)
  Data Path Delay:        0.359ns  (logic 0.164ns (45.630%)  route 0.195ns (54.370%))
  Logic Levels:           1  (FDCE=1)
  Clock Uncertainty:      0.025ns  ((TSJ^2 + TIJ^2)^1/2 + DJ) / 2 + PE
    Total System Jitter     (TSJ):    0.050ns
    Total Input Jitter      (TIJ):    0.000ns
    Discrete Jitter          (DJ):    0.000ns
    Phase Error              (PE):    0.000ns

    Location             Delay type                Incr(ns)  Path(ns)    Netlist Resource(s)
  -------------------------------------------------------------------    -------------------
    SLICE_X6Y46          FDCE                         0.000     0.000 r  Squares_reg[7,3][3]/C
    SLICE_X6Y46          FDCE (Prop_fdce_C_Q)         0.164     0.164 r  Squares_reg[7,3][3]/Q
                         net (fo=5, routed)           0.195     0.359    AI_instance/flattened_input_reg[74][5]_0
    SLICE_X6Y49          FDRE                                         r  AI_instance/flattened_input_reg[74][5]/D
  -------------------------------------------------------------------    -------------------

                         (clock sys_clk_pin rise edge)
                                                      0.000     0.000 r  
    W5                                                0.000     0.000 r  clk (IN)
                         net (fo=0)                   0.000     0.000    clk
    W5                   IBUF (Prop_ibuf_I_O)         0.414     0.414 r  clk_IBUF_inst/O
                         net (fo=1, routed)           0.685     1.099    clk_IBUF
    BUFGCTRL_X0Y0        BUFG (Prop_bufg_I_O)         0.029     1.128 r  clk_IBUF_BUFG_inst/O
                         net (fo=1750, routed)        0.865     1.992    AI_instance/clk_IBUF_BUFG
    SLICE_X6Y49          FDRE                                         r  AI_instance/flattened_input_reg[74][5]/C





