Quantized Neural Network Weights (Integer Format)
==================================================
Model type: improved

FC1 Layer Weights:
Shape: (128, 144)
Range: [-128, 127]
Weights:
-128  127  127 -128   22  127 -128  127  127 -128 -128  127  127 -128  127  127 -128  127  127 -128  127 -128 -128  -99  127 -128  127  127  127 -128 -128    2 -128  127 -128  127 -128 -128 -128  127  127  127 -128  -91  127 -128  127  127 -128 -128  127 -128  127  127 -128  127  127 -128 -128  127  127   93  127  127  127 -128 -128 -128 -128  127  127 -128  127  127 -128 -128 -128 -128  127 -128  127  127  -93 -128 -128  127 -128  127  127 -128  127  127 -128  127 -128 -128  127 -128 -128 -122  127  127 -128  127 -128 -128  127  127 -128 -128  127 -128  127  127   79  127 -128 -128  127 -126 -128  127 -128 -128  127 -128  127  127 -128 -128  127 -128  127  127 -128 -112 -128  -89  127  127 -128  127  127  127
-128 -128  127  127  127 -128 -128  127  127  127  127  127 -128  127  127  127 -128  127   44 -128  127 -128  127  127   86 -128 -128 -128 -128 -128 -128 -128 -128 -128 -128  127   28  127  127  127 -128 -105  127  127  127  127  127  127 -128  127  127  127  127 -128 -105  127  127  127 -128  127  -32 -128 -128  127 -128 -110 -128  127 -128 -128 -128  127  127 -128 -128 -128  127 -128    9  127  127 -128 -128 -128  127  127  127  127 -128 -128 -128 -128 -128 -128 -128 -128 -128 -128  127   20  127 -128 -128  127 -128  127 -128 -128 -128 -128  127  127  127 -128  127 -128 -128  127 -128 -128 -128  -80  127  -15 -128 -128 -128 -128 -128 -128  127 -128 -128   40  127  127  127  127  118  127 -128  127  127  127
-128 -128 -128 -128 -128 -128 -128  127  127  127  127  127  127   97 -128  127  -77  127  127 -128  127 -128  127  127  127 -128 -128 -128 -128 -128 -128  127   33 -128 -128 -128  127  -19  127  127 -128 -128  127  127  127  127  127 -118 -128 -128   -6 -128 -128 -128 -128 -128 -128  127 -128  -54 -128 -128 -128  127  127  -85 -128 -128 -128  127  127   62  127 -128 -128 -128  127  127  127  127  127  127  127  127 -128 -128 -128  127  127 -128 -128 -128 -128 -128 -128 -128  127  127  127 -128 -121 -128 -128 -128 -128 -128 -128 -128  118  127 -128  -85  127 -128  -29  127 -128  127 -128  127   55  127  127 -128 -128 -128 -128 -128    2 -128  127 -128 -128  127   92  127  127  127  127 -128  127   -2  127  127
 127 -128 -128 -128  127 -128  127  127  127 -128  127 -128  127  127 -128  127  127  127  127  127  127 -128  127 -128 -128 -128  127 -128 -128  127 -128   -8 -128  127 -128  127 -128 -105 -128  127  -29   97  127  -60  127  127  127 -128  127  127  127  127  127  127  127  127 -128  127 -108 -128  127  127  127  127 -128 -128 -128   40 -128  127 -128 -128 -128 -128 -128 -128  127 -128 -128  127  127 -128  127  127 -128 -128   60  127 -128 -128 -128 -128  127 -128 -128  127 -128 -128 -128  127  127  127 -128 -128  127  127 -128  127  127  127 -128 -128  127  127 -128 -128  127  127 -128  127  127 -128 -128  127 -128 -128 -128 -128 -128 -128  127 -128  127  -18 -128  -71  127  127  127 -128 -128  127  127  127
-128 -128 -128  127  127  115  127 -128 -128  127  127  127  -75  -98  -96  127    6 -128 -128 -128 -128  127 -128  127 -128  127 -128 -128 -128  127  127 -128  127 -128  127  127  127  127 -107 -128  127 -128 -128 -128 -128 -128 -128 -128    1  127 -128  127  127 -128 -128 -128 -128 -128 -128 -128  -36  -96 -128 -128  127  127  127 -128  127 -128 -128 -128 -117 -128  127  127 -128  127 -128  127 -128 -128 -128  127  127  127  127 -128 -128  127  127  127  127  127  127  127 -128  127  127 -128 -128 -128 -128  127  127  127 -128 -128 -128  127 -128  127  127  127 -128 -128  127 -128 -128 -128 -128 -128  127  127  127  127 -128 -128  127  127 -128  127 -128 -128  127 -128 -128 -128  -15  127  127  127 -128  -83
-128  127  127 -128 -128  127 -128  127  127 -128 -128 -128 -128  -16  127 -128 -128 -128  127   93 -128 -128 -128   35 -128   99  127  127  127  127  127 -128 -128  127  127   10 -128 -128 -128 -128  127  127 -128  127 -128 -128 -128 -128 -128 -128 -128 -128 -128  127 -128  127  127 -128 -128 -128  127  127  127  127  127 -128   -7  127  127  -54  127  127  127  127  127  127 -128   54  127 -128 -128 -128 -128 -128  127 -128 -128 -128  127 -128  127  127  127  127  127 -128  127 -128 -128 -128 -128 -128 -128 -128 -128 -128  127   55 -128 -128 -127  127 -128 -128  127  127  127 -128  127  127 -128 -128 -128   29  -67  115  127  127  127  127   31 -128 -128 -128 -128 -128 -128 -128 -128  127  127 -128  127 -128
 127   66 -128 -128 -128 -128  127 -128 -128  127  127 -128  127  127  127  127  127 -128  127  127  127 -128  127  127 -128 -128 -128 -128 -128 -128 -128  127  127  127  127  127  127  127  127  127 -128   89  127 -128 -128  127  127  127  127  127  127  127 -128 -128  127  127 -128  127 -128 -128   53 -128   19  127 -128 -128 -128 -128   18 -128   20 -128 -128 -128 -128 -128  127  127 -128  127 -128  127 -107  127 -128 -128 -128  127 -128 -128 -128 -128 -128 -128 -128  127 -128 -128  127  127  127 -128  127 -128 -128  127 -128 -128  127  127 -128  127  127  127 -128 -128  127  127 -128  127  127 -128  -54  127 -128  127 -128 -128 -128 -128 -128  127  127  112  127  127  127  127  127  127  127  127 -128  127
 127 -128 -128   97  127 -128  127 -128 -128  127  127 -128  -92  127 -105  127  127 -128 -128  127  127 -128  127  127 -128 -128 -128 -128 -128  127 -128 -128  111   33  127  127  127  127  127  -29 -128   25  127 -128 -128  127  127 -128 -128  127  127 -104 -128 -128 -128 -128 -128 -128  127 -128 -128 -128 -128  127 -128 -128 -128  127 -128 -128  127  127 -128 -128  127 -128  127 -128 -128  127  127  127 -128  127 -128 -128  127  127 -128 -128 -128 -128  127 -128 -128  127 -128  127  127  127 -128 -128 -128 -128 -128  127 -128 -128 -128  127 -128  127  127   35  -47 -128 -128  127 -128  127  127 -128  127  127 -128  118 -128 -128  127 -128  127 -128  127  127  127  127  127  127 -128  127  127  127 -128  127
-128   31  127 -128 -128  127 -128  127  127 -128 -128 -128 -128 -128  127 -128 -128 -128 -128   35 -128  127 -128 -128  127  127  127  127  127  127  127 -128 -128  127  127   52 -128 -128 -128 -128  127  127 -128  127 -128 -128 -128 -128 -128 -128 -128 -128  127  127 -128  127  127 -128 -128 -128  127  127  127  127  127  127  127  127  127  -95 -128  127  -15  127  127  127 -128  127  127 -128 -128 -128 -128 -128 -128   46  127 -128  127 -128  127  127  127  127  127 -128 -128 -128 -128 -128 -128  127  127 -128 -128 -128  127  127 -128 -128  -30  127  127 -128 -128  127  127 -128  127  127 -128 -128 -128  127  127  127  127  127  127  127   26   47 -128 -128 -128 -128 -128 -128  127 -128 -128 -128  127 -128
 127  127   34 -128 -128   -3 -128  127  127  -70 -128 -128 -128 -128 -128 -128 -128  127 -128  127  127 -128 -128  127  127  127  127  127  127  127  127  127 -128  127 -128 -128 -128 -128  -66 -128 -128  127 -128  127   89 -128 -128 -128 -128 -128 -128 -128 -128  127  127 -128  127 -128  127 -128 -128  127  127  127  127  127  -12  127  127  127  127  127 -122  127  127  127 -119  127  127 -128 -103 -128  127   72 -128 -128 -128 -128  127 -128 -128  127  127  127  127  -56  127  127 -128  127   52  127 -128 -128  127 -128  127  127 -128 -128 -128 -128 -128 -128 -128  127  127  127  127  127  127  127 -128 -128  127 -128  127  127  -17  119  127  127   10  127 -128 -128 -128  127 -128 -128 -128 -128  127 -128
 127  127  127 -128 -128   18  127  127  127 -128 -128 -128  127 -128  127 -128   -5  127 -128  127  127 -128 -128   52  127  127  127  127  127  127  127 -128  127  127 -128   85 -128 -128  -85  127 -128  127 -128  127 -128  127  127  127  127 -128 -128  127  127  127  127  127 -128 -128 -128 -128  127  127  127 -128  127 -128  127  127 -128  127 -128  127 -128  127 -106  127  -72  127  127 -128 -119 -128 -128  127 -128 -128  127   90  127  127 -128  127  127  127  127  -60  127  127 -128 -128  127  127 -128 -128 -128 -128  127  127  127  127  127 -128 -128  127 -128 -128  127   97  127  127   21  127 -128  127  127 -128  127   10 -128  127 -128  127   90 -128  127  -21 -128  -82 -128 -128 -128 -128  127 -128
-128  127 -128 -128 -128  127   54   44 -128 -128  127  127 -128 -128  127 -128  127 -128 -128 -128 -128 -128 -128  127  127 -128 -128  127  127 -128  127  127  127 -128 -128 -128 -128  110  127 -128 -128 -128 -128  127 -128 -128  -17 -128 -128 -128 -128  -16  127 -128 -128 -128 -128   85  127 -128 -128 -128  127 -128  127  127  127  127  -72  127 -128  127 -128  127  127  127 -128  127  127 -128  127  127 -128  127 -128 -128 -128  127  127 -128 -128 -128  127  127  127 -128  127  127 -128 -128 -128  127 -128 -128  127 -128 -128 -128 -119  127  127 -128 -128 -128  127  127  127 -128 -128 -128  127  127 -128 -128 -128 -128 -128  127  127  127 -128  127  127 -128  127 -128  127  127   32 -128  127  127  127 -128
 127 -128 -128  127  127  127 -128 -128 -128 -128   55 -128 -128  127 -128 -128 -128 -128 -128  -71 -128  127 -123 -128 -128  127 -128 -128 -128  127  127  127  127  127  127 -128  127  127   13  -36  127  127 -128 -128 -128 -128 -128 -128  127  127 -128 -128 -128 -128 -128 -128 -128 -128 -128 -128    8 -128 -128 -128 -128  127  127   12  127 -128  127 -128 -128 -128  127  127  -84  127 -128  127 -128   32   65 -128  -69   36  127 -128 -128  127  127  127  127  127  127  127 -128  127  127 -128 -128 -128  127  127  127 -128 -128 -128  127  127 -128  127  114  127 -128 -128  127 -128 -128 -128 -128 -128  127  127  127  127 -128 -128  127  127 -128  127 -128  127  -69  127 -128 -128  127 -128  127 -128 -128 -128
 127  127 -128  127 -128 -128 -128 -128 -128  127 -128 -128  127  127  127 -128  127 -128   69 -128 -128 -128 -128  127 -128  127 -128 -128 -128  127  127  127  127  127  127 -128  127  127   60  127 -128 -128 -128 -128 -128  127 -128 -128  127  127  127 -128 -128 -128 -128 -128 -128  127  127 -128 -128 -128 -128 -128 -128  127  -68 -128  127   -9  127 -128 -128 -128  127 -128  127  127 -128  127 -128  127  127  127 -128 -128  -87 -128 -128 -128 -128  -94   20 -128  127  -40  127  127  127 -128 -128 -128  127 -128 -128 -128 -128 -128  127  127 -128  127 -128  127 -128 -128  127 -128 -128 -128  127 -128   85  127  127  127 -128 -128  127  127  120  127  127  127  127  127  127  127  127 -128  127 -128 -128 -128
 -35  127  127  -15  -64 -128  127   89 -128  127  127  127   33 -128 -128 -128  127  -67  127  127 -128 -128 -128  127  127 -128   91   78   81 -128 -128  -57 -128  105 -128 -128  -56  111  127 -128 -128  127 -128 -128   84 -128   23  127 -128 -128  -30 -128 -128   63   -5  -83  127  127   37 -128   60 -128 -128 -128   -5  127  -67 -128 -128  127 -128 -128  127 -128 -128 -128 -128  127  127 -128  127  127 -128 -128 -128  127   -6 -102 -125  -38 -128 -128  127  127 -128  127  127   30  127 -128 -128  127 -128   73 -128   56 -128 -128 -128 -128  127  127  127 -128 -128 -128   10 -128 -128  127 -128  127 -128  127 -128  -74   47  106  127  127   18 -128  -73 -128 -111   71 -128  -26   18 -128 -128 -128  127 -128
 127  -48 -128  127 -110  127 -128 -128 -128   63 -128  -83  127  127 -128  127 -128  127 -128    4  127 -128   60 -128 -128  -86 -128  -90  -35 -128  127 -128  127  127 -128  127   59 -128  127  -27 -128   -8  127 -128 -128  116 -128 -128 -128  127 -128  -59 -128 -103   85  127   -3  -52 -128 -128   52 -128  -45 -128 -128 -128  127 -128 -128 -128 -128  112  127 -128  -38  -64 -128  127   22 -128  127 -128 -128   77    0 -128  127  127  -11  127  127  127  127 -128  127   -7   78   74  127   -6   91  127  127 -128 -128  127 -128 -128  127 -128 -128 -128  127 -128 -128 -128   96 -128  113  127 -128  127   -7  127  127  -41 -128   63 -128  127 -128 -128  -64 -128  -80  -88  127 -128  -69 -128   11 -128 -128   92
 127 -128 -128 -128   35 -128 -101   78  127 -128  127 -128  127  127 -128  127    9  127  127  127  127 -128  127 -128 -128 -128  127  127 -128  127 -128  127 -128  -27   97  127 -128 -128 -128  127 -128 -128  127  127  127  127  127  127 -128   23  127  127  127  127  127  127 -128  127  127 -128    1  127  127  127 -128 -128 -128  127 -128 -128 -128  127 -128 -128 -128 -128  127 -128 -128  127  127 -128  127  127 -128 -128   45  127 -128 -128 -128 -128  127 -128 -128  127 -128 -128 -128  127  127  127 -128 -128  -77  127 -128  127  127  127 -128  127   93   31  127  109  127  127 -128  127  127 -128  127  127 -128 -128  127 -128  127 -128  127 -128   -9 -128  127 -128  127  127  127 -128 -128  127 -128  127
 127  127 -128 -128  127  127  -77  127  127   -2  -12  127  127  127 -128 -128 -128  127  127  127  127 -128 -128 -128  127  127  127 -128 -128 -128 -128  127  127 -128 -128 -128  127  127  113  127  127  -69 -128 -128  127  127  127 -128  127 -128  127   52   35  127  127  127 -128  127 -128 -128  127 -128  127  127  127 -128 -128 -128  127  127  127 -128  127 -128 -128 -128  127  127  127 -128 -128 -128  127  127 -128 -128 -128  127  127  127  127 -128  127 -128 -128  127  127 -128 -128 -128  127  127 -128 -128 -128 -128  127  127  127  127 -128 -128 -128  127 -128  127 -128 -128 -128   16  127 -128 -128 -128  127 -128 -128 -128 -128 -128 -128  127  127  127 -128  127  127 -128  127 -128   13  127  127 -128
-128  127 -128 -128 -128  -43 -128  127  127  127  127  127 -128 -128  124 -128  127 -128 -128  127 -128  127 -128  127  127  127 -128  127  127 -128  127 -128  127 -128 -128 -128  117  127  127 -128 -128 -128 -128  127 -128 -128  127 -128 -128 -128 -128  -58  127  115 -128 -128 -128 -128  127 -128 -128 -128  127 -128  127 -128  127 -128 -128   82 -128  127  127  127 -128  127 -128  127  127 -128  127 -128  127  127 -128 -128  127    3  127 -128  127  127  127  127  127 -128  127  127 -128 -128  127 -128  -27 -128  127 -128  127 -128  127  127  127 -128 -128 -128   45 -128 -128 -128 -128 -128 -128  127 -128 -128 -128 -128 -128  127 -128  127  127  127 -128 -128  127 -128  122 -111 -128 -128 -128 -128  127 -128
-128 -128 -128  127  127  127   79  127 -128  127   64  127   89 -128 -128 -128 -128 -128 -128 -128  127  127  -29 -128  127  127 -128 -128 -128 -128 -128 -128 -128 -128 -128 -128  127  127  127 -128  127 -128 -128 -128  127 -128 -128 -128 -128  127 -128 -128   70 -128 -128 -128 -128 -128 -128  127  -70 -128 -128 -128  127 -128  127 -128  127  127   11 -128  127 -128 -128  127 -128  127  127  127 -128 -128 -128  127  127  127  127 -128  127  127  127  127   34  127 -128 -128  127 -128  127 -128 -128 -128 -128  127 -128 -128  127 -128 -128 -128 -128  127  127 -128 -128  127 -128 -128 -128 -128 -128 -128  127 -128  127  127  127  127 -128  127 -128  127  127  127 -128  127 -128 -114 -128  127  127 -128 -128  127
 127 -128  -72 -128 -128   97 -128 -128 -128 -128   42 -128 -128  -45  -27 -128  127 -128 -128  127  127 -128 -128 -128 -128  -10 -128  127  127  -40 -128 -128 -128  -39  127  127  127  -93  127  127 -128  127  127 -128  127  127  -20   -8 -128 -128 -128  127  127 -128   96  -23  127   99 -128   32 -128 -128  127  -76 -128 -128  127  127  127  127 -128  112  127 -128 -128  127 -121 -128  106   57 -128  124 -128  127 -128 -128 -128  -56 -128 -128 -128  113  127  127 -128   22  -78 -128 -128  -77 -128  127 -128 -128 -128  -62 -128 -128  127 -128  127 -128  127 -128 -128 -128 -128 -128 -128 -128  127 -128 -128   47 -128  115 -128  127 -128  127   25 -128  127 -128 -128 -128 -128  127  127   14 -128  -22 -128 -128
 127  127 -128   39 -128  127 -128 -128  127  127 -128 -128  127    6 -128 -128  127 -128  127  127 -128  127 -128 -128 -128  127 -128   32  127  127  127  127  127  127  127 -128  127  127 -128  127 -128 -128 -128 -128 -128  127 -128 -128  127 -128 -128 -128 -128  127  127 -128 -128  127  127 -128 -108  127  127 -128 -128  127  -62  127  127  127  127 -128  127 -128 -128 -128  127  127  127 -128 -128  127  127  100 -128 -128 -128 -128  127  127  127  127  127 -128  127  127  127  127 -128  127  127 -128  127 -128   29 -128  127  127  127  127 -128 -128 -128  127 -128  127  127 -128  127  127  127 -128 -128 -128  127  -23 -128  127  127  -40  127  127  127  127 -128  127 -128 -128  127 -128  127 -128 -128 -128
-128 -128 -128  127  127  127   22 -128 -128 -128 -128 -128 -128 -128 -128 -128 -128 -128 -128  127 -128  127  115 -128  127  127  127  127  127  127  127  120 -128 -128  127  -97 -128 -128  -92 -128  127 -128 -128 -128 -128 -128 -128 -128 -128  127 -128 -128 -128 -128 -128 -128 -128 -128 -128 -128  127  127 -128 -128 -128  127  127  127  127 -128  -70 -128 -128  127  127   -4 -128 -128  -15  127 -128 -128 -128 -128 -128  127   87 -128  -75  127  127  127  127  127  127  127 -128 -128  127 -128 -128 -128   31  127  127 -128  127  127 -128 -128 -128  127  127  127 -128  -44  127  127  127  127 -128 -128  127  127  127  127 -128  127  127  127  -66  127   17  127 -128 -128 -128 -128  127  127 -128 -128 -128  127
-128 -128 -128  127  127  127  127  127 -128 -128 -128  127 -128 -128 -128 -128 -128 -128  127 -128 -128  127 -128 -128  127  127  127  127  127  127 -128  -22 -128 -128   27 -128 -128 -128   -5 -128  127 -128 -128 -128 -128 -128 -128 -128 -128  127 -128 -128  127 -128 -128 -128  127 -128 -128  127 -128 -128 -128 -128  127  127  -90  127  127  -20   -3 -128  127  127  127  127 -128  127  127  127 -128    6  127 -128   75  127  127 -128  127  127  127  127  127  127  127  -88  127 -128  127  127 -128 -128 -128  127  127 -128  127 -128   62 -128 -128 -128  127 -128 -128  127 -128 -128  127 -128 -128 -128  127 -128  127  127  127  127  127 -128  -98  127  127  127 -128 -128 -128 -128 -128  127 -128 -128 -128  127
-128  127  127 -128 -128 -117 -128  127  127 -128 -128 -128 -128  -85  127 -128 -128 -128  127  -60 -128 -128 -128  127 -128  127  127  127  127  127  127 -128 -128  127  104  127 -128 -128 -128 -128   55  127 -128  127 -128 -128 -128 -128 -128 -128   92 -128  127  127 -128  127  127 -128 -128  127   15  127  127  127  127  127  127  127 -128 -128   70  127   79  127  -77  127 -128  127  127 -128  -15  127 -128 -128  127   14 -128 -128  127 -128  127  127 -128  127  127 -128   -5 -128 -128 -128 -128 -128 -128 -128   52 -128  127  127 -128 -128  127  -48 -128 -128  127  127  127 -128  127  127 -128 -109 -128  127  127   34  127  127  127  127   55 -128 -128  127 -128 -128 -128   89 -128 -128   25 -128  127 -128
 127 -128 -128  127 -128  127  127 -128 -128 -128 -128 -128 -128 -128 -128 -128 -128 -128  127  127 -128  127 -128 -128  127  127  127  127  127  127  110 -128 -128  127  127 -128 -128 -128 -128 -128  127   15 -128 -128 -128 -128 -128 -128  127 -128 -128 -128 -128   27  127   72  127 -128 -128 -128  127  127  127  -17 -128  127  127   49  127  127  106 -128  127  127  127  127 -128  127 -128  127 -128  -44  127 -128 -128  127  113 -128 -119  127  127  127  127  127  127  127  -47 -128   52  127 -128 -128  127  127   19 -128  127  127  127 -128 -128  -36 -128  127 -128  127  127  127  127  127 -128 -128   75  127  127  127  127  127  127  127   -6  127  -60 -102 -128 -128 -128 -128  127 -128 -128 -128 -128  -83
-128  127  127  127 -128 -128  127  127  127 -128 -128 -128 -128 -128  127  127  127 -128   93 -128 -128  127 -128  127   54  127 -128  127  127 -128  127 -128 -128 -128  127 -128 -128 -128  -97 -128  127  127  127  127  -93 -128  127  127  -14 -128  127  127  127  127 -128  127  127 -128  127  127  127  127  127 -128  127  127  127  127 -128 -128 -128  127 -128  127  127  127 -128 -128  127 -128 -128  127  127 -128  127  127  127  -81  -61 -128  127  127 -128  127  127 -128 -128  -87  -67 -128 -128  127 -128  127  127  127 -128 -128 -128 -128  127  127  127 -128  127  127  127  127  127 -128 -128  127 -128  127 -128   24  127  127 -128  127  127 -128 -128 -128  127 -128 -128 -128 -128 -128 -128 -128  127  127
 127 -128 -128 -128 -128 -128  127 -128  127 -128 -128 -128   -2 -128 -128  127 -128  127 -128  127  127 -128 -128 -128  127 -128  127  127  127  127  127  127 -128  127 -128 -128 -128 -128 -128  127 -128 -128 -128 -128  127  127 -128 -128 -128 -128 -128 -128 -128 -120 -128 -128 -128 -128  127  127 -128 -128 -128  127 -128  127 -128  127  127  127  127 -128  127  127  127 -128  127 -128  127  127 -128 -128  127 -128 -128 -128 -120 -128  127 -128 -128  127  127 -128  127  127  127  127  127  127  127 -128 -128 -128 -128 -128  127  127 -128 -128 -128 -128 -128 -128 -128  127 -128  127  127  127 -128 -128  127 -128  127  127  127  127  127 -128  127 -128  127  127 -128 -128 -128  -17  127  127 -128  127 -128 -128
-128 -128 -128  127  127  127  -99 -128 -128 -128 -128 -128 -128   42   93 -128 -128 -128 -128 -128 -128  127  127 -128 -128  127 -128 -128 -128  127  127 -128  127  -12  127 -128  -40  127   38 -128  127  127 -128 -128 -128 -128 -128 -128  127  127 -128 -128 -128 -128 -128 -128 -128 -128 -128   46 -128 -128 -128 -128 -128  127  127 -128  127 -128 -128 -128 -128 -128  127  127 -128  106 -128  127 -128 -128 -128  127  127  127  127 -128 -128  127  127  127  127  127  127  127 -128  127  127 -128 -128 -128  -58  127  127 -128 -128 -128  127 -128 -128  127  127  127 -128 -128  127 -128 -128 -128 -128 -128  127  127  127  127 -128 -128  127 -128 -128  127 -128  127 -128 -128 -128 -128  127  127  127 -128 -128 -128
 127 -128  127  127 -128 -128  127  127 -110  127  127  127 -128  127  127  127  127  127  127  127  127 -128  127  127 -128 -128 -128 -128 -128 -128 -128 -128 -128 -128 -128  127 -128  127  127   15  -69  127  127  127  127  127  127  127  127  127  127  127  127 -128  127  127 -128  127 -128  127 -128 -128   36  127 -128  127 -128  -44 -128 -128 -128  127 -128 -128 -128 -128 -128 -128 -128  127  127  127  -98 -128  -62  -83  127  127 -128 -128 -128 -128 -128 -128 -128   51 -128 -128  127  127 -101  127 -128 -128 -128  127 -128 -128 -128  127  127  127  127  111  127 -128 -128  127 -128  -36  -45 -128  127  127 -128 -128   36 -128  127 -128  127 -128 -128 -128  127 -128  127  127  127  127 -128  127  127  127
 127  127 -128 -128 -128  127 -128  124  127  127  127 -128  127  127  127 -123  127  127  127  127  127 -128 -128  127 -128 -112 -128 -128 -128 -128  127  127  127   83 -128 -128  127  127  127  127 -128  127  121 -127 -128  127  127 -128  127 -128  127 -128 -128  127  127  127 -128  127  127 -128 -128  127  127  -28 -128 -128  127 -128 -125  127  127 -128  127 -128 -128 -128  127  127 -128 -128 -109  127  127  127 -128 -128 -128  127 -128 -128 -128 -128 -128 -128 -128  127  127  127 -128 -128  127  127  127 -128  127 -128 -128  127  127  127 -128 -128 -128  127   42 -128  127 -128 -128 -128  127  -84 -128  127  127 -128 -128 -128 -128  -60 -128  127  127  127    0  127  127  127  127 -128  127  127  -10 -128
-128 -128 -128  127 -128 -128  127 -128 -128  127 -128 -128  127  127  127 -128    3 -128 -128 -128 -128  127 -128 -128  127  127 -128 -128 -128 -128  127  127  127  127  127  -75  127  127   38  127  127 -128 -128 -128 -128 -104 -128 -128  127 -128  127 -114 -128 -128 -128 -128 -128  127  127  127 -128 -128 -128 -128 -128  127  127 -128  127  127  127  127 -128 -128  127  127  127  127 -128  127 -128  127  127 -128  112  -78 -128 -128 -128 -128  -17 -128 -128  127  127 -128 -128  127  127 -128 -128 -128  127  127 -128 -128 -128 -128  127 -128  127 -128 -128 -128 -128 -128  127 -128 -128 -128  127  127  127  127 -128  127   28 -128  -87  127  -14  127  127 -128  127  127  127  127  127  127 -128 -128 -128 -128
-128 -128 -128 -128  127  127   54  127  127  127  -78  127  127  127 -128  106 -128  127  127   72  127 -128  127 -128  127 -128  127 -128 -128 -128 -128  127 -128  127 -128  127  127 -128  127  127  127 -110 -128 -123  127  127  127  127 -128 -128  127 -128  127  127  127  127 -128  127 -128  127 -128 -128 -128  127  127 -128 -128 -128  127  127  127 -128  127 -128 -128 -128  127 -128  127 -128  127 -128 -128  127 -128  127 -128  127  127  127  127 -128  127 -128 -128 -128  127 -128 -128  127  127  127 -128  127 -128 -128  127  127  113 -128 -128 -128  127 -128  127  127 -128 -128 -128  127 -128 -128 -128 -128  127  -18  127   39 -128 -128 -128   -2  127  127 -128  127 -128  127 -128  127  -86   94 -128  127
 127  127 -128 -128  127  127  127  127   80 -128  127  127  127  127 -128  127 -128  127  127  127  127 -128  127 -128 -128 -128  127 -128 -128  127 -128   60  127 -128 -128  127  127  127 -128  127 -128 -128  127  127  127  127  127  -66  127 -128  127  127   29  127  127  127 -128  127  127 -128   56  127  127  127 -128 -128 -128 -128 -128  127 -128 -128 -128 -128 -128 -128  127  127 -128 -128  127 -128  127  127 -128 -128  -79  127 -128 -128 -128 -128  127 -128 -128  127  127 -128 -128  127  127  127  127 -128  127  127 -128  127  127  127 -128 -128  -28  127 -128 -128   63  127 -128  127  127 -128 -128  127   27 -128 -128 -128 -128 -128 -128  127  127 -128 -128 -122  127  127   98 -128  -65  127  127  127
-128  127  127  127 -128 -128 -128   37 -128 -128 -128  127  127 -128  127  127  127  127  127 -128 -128  127  127  127 -128 -128 -128 -128  127 -128  127 -128  127 -128 -128 -128  127  127  127 -128 -128 -128  127  127  127 -128  127  127  127  127  127  127  127  127 -128  127  127  127  127  127 -128 -128  -98 -128  127  127  127  -66 -128 -128 -128  127  127  127  127  127 -128  -20 -128 -128  127  127  127 -128  127  127 -128  -75 -128 -128  127 -128 -128  127 -128 -128 -128  127 -128 -128 -128  127  127  127  127  127 -128 -128  127 -128  127  127  127 -128  127 -128  127 -128  127 -128 -128  127 -128 -128 -128 -128 -128  127 -128  127  -46 -128 -128 -128  127  127  127 -128  127 -128 -128  109  127   88
-128  127  127  127 -128 -128 -128  127 -128 -128 -128 -128 -128  127  127  127  127 -128 -128 -128 -128  127  127  127  127 -128 -128 -128  127 -128  -11 -128  127 -128  127 -128 -128  -93  127 -128  127 -128  127  127  127 -128 -128  127  127  127  127  127  127 -128 -128  127  127  127  127  127  127  127 -128 -128  127  127  127  127 -128 -128 -128  127 -128  127  127  127 -128 -128 -128  127 -128 -128 -128 -128  127  127  124 -128 -128 -128  127 -128 -128  127  127 -128 -128 -128  127 -128 -128 -128  -16  127  -23  127 -128 -128 -128 -128  127  127  127 -128  127 -128 -128 -128  127 -128 -128  127 -123  127 -128 -128 -128  127 -128 -128   99 -128 -128 -128  127 -128   21 -128  127  127 -128 -128  127  127
 127  127  127  127 -128 -128 -128  127 -104 -128 -128  -57  127  127  127  127  127  127   65   55 -128 -128  127   69 -128 -128  127  127  127 -128 -128 -128 -128 -128 -128  127 -128 -128 -128 -128  127   71  127  127  127  127   10  127 -128  -68  127  127  127  127  127  127  127  127  127  127  127  127  127   37 -128  127 -128  127 -128 -128  127  127 -128   79  127 -128 -128 -128 -128  127  127 -128  127 -128  103  127 -128  127 -128 -128 -128 -128 -128 -128 -128 -128 -128 -128  -24  127 -128 -102 -128 -128   68  127 -128 -128 -128 -128  127   57  127    9  127 -128 -123  127  127 -128  127  127  127  127 -128 -128  127 -128 -128 -128  127 -128 -128   45  127 -128   -5 -128  127   72 -128  127  127  127
-128 -128 -128 -128 -128 -128 -128 -128  127 -128  101 -128 -128 -114 -128 -128  127 -128 -128  127  127 -128 -128 -128 -128  127 -128  127  127  127  127  127 -128  127  127 -128 -128 -128 -128   62 -128 -128 -128 -128 -128 -128 -128 -128 -128 -128 -128 -128 -128  -51  127 -128  127 -128  127 -128 -128  127 -128 -128 -128  127 -128  127  127  127  127 -128 -128  127  127 -128  127 -128 -128  127 -128 -128  127 -128 -128 -128 -128 -128  127 -128 -128  127  127 -128  127  127  127  127  127 -128 -128 -128 -128 -128  127 -128  127  127 -128 -128 -128 -128  -46  127 -128  127 -128  127  127  127 -128  -82  127 -128  127  127 -128  127  127 -128  127 -128  127  127 -128 -128 -128 -128  127 -128 -128  127 -128 -128
-128 -128 -128 -128 -128  127  -85  127  127  127  -90  127  127  127  -83 -128 -128  127  127  127  127 -128 -128 -128  127  127  127  127  127  127  127  127 -128  127 -128 -128  -78 -128 -128 -128  127  127 -128  127  127  127   91 -128 -128 -128 -128 -128  127  127 -128 -128  127 -128 -128  127 -128 -128 -128  127  127  112 -128  127  127  127  127 -128  127  127 -128 -128  127 -128  127 -128  127 -128  127 -128 -128  127   -1  127  127 -128  127  127  127 -128 -128 -128  127 -128 -128  -50  127 -128 -128  118 -128 -128  127  127 -128 -128 -128 -128  127 -128  -52  127 -128  127  127  127 -128 -128 -128 -128  127 -128  127  127 -128 -128  127 -128  127  127 -128 -105 -128  127 -128  127 -128 -128  -38   -3
 127 -128 -128 -128 -128 -128 -128 -128  127 -128  -27 -128 -128 -128 -128 -128  127   96 -128  127   -8 -128 -128 -128 -128  127  127  127  127  127  127  127 -128  127  127 -128 -128 -128 -128 -128 -128  -83 -128 -128  127 -128 -128 -128 -128 -128 -128 -128 -128  127  127 -128   90 -128  127 -128 -128  127 -128  127  127 -128 -128  127 -128 -128  127 -128    7  127  127 -128  127 -128 -128  127 -128 -128  127 -128 -128  127  127 -128  127  127  127  127  127 -128  127  127 -128  127  127  127  127 -128 -128 -128  127 -128 -128  127 -128  -74 -128 -128 -128 -128 -128  127  127  127  127  127  127  -47  127 -128 -128  -50 -128  127  127 -128  127 -128 -128  127 -128 -128  127 -128 -128 -128 -128  127 -128  -29
 127 -128 -128  127  127 -119 -128 -128 -128  127  -64 -128 -128  127  127 -128  127 -128 -128 -128 -128  127 -128   -2 -128  127 -128 -128 -128  127  127  127  127  127  127 -128  127  127  127  127  127  127 -128 -128 -128 -112 -128 -128  127  127   18 -128 -128 -128 -128 -128 -128 -128 -128 -128 -128 -128 -128 -128 -128  127  127  -11  127 -128  127 -128 -128 -128  127 -105  127  127 -128  127 -128  127  127 -128 -128 -128  113 -128 -128  -60 -128  127  127 -128  127  127 -128  127  127 -128 -128 -128  127 -128 -128  127 -128 -128  127  127 -128   90 -128  127 -128 -128  127 -128 -128 -128  127 -128  127  127  127  127 -128 -128  127  127 -128  127  127  127 -128  127  -93 -128  127   47  127 -128 -128 -128
-128 -128 -128  127  127  127 -128  127 -128  127 -128  127 -128 -128   57 -128 -128 -128  127 -128  127  127  127 -128  127  127  127  127 -128 -128 -128 -128 -128 -128 -128 -128  127 -100  -42 -128  127 -128 -128 -128  127 -128 -128 -128 -128  127 -128 -128  127 -128 -128  127  127 -128 -128  127 -128 -128 -128  127  127  127  127 -128  127  127  127 -128  127 -128 -128  127 -128  127  127  127 -128 -128 -128  -23  127  127   46 -128  127  127  127  127  127  127 -128 -128  127 -128  127 -128 -128 -128  127  127 -128 -128  127 -128 -128 -128 -128  127  127 -128  127  127 -128 -128 -128 -128 -128   68 -128 -128  127  127  127  127  127  127 -128  127  127  127 -128  127 -128 -128  109  127 -128 -128  127  127
-128 -102 -128 -128  -96 -128   75   61  127 -128 -128   13 -128 -128  -25 -128  127 -128  -11  -67  -20 -128  127  127  127   82 -128   83  127  127   15 -104  127 -128 -128 -128   49 -128 -128 -128  -15 -128  127  -56 -128  -67 -128 -128 -128 -128 -128  127 -128   13  127 -128 -128   81  127 -122 -128  127   56  -28  127  127 -128  127  -65 -128 -128  127  -51 -128 -128 -128 -128 -128 -128 -128 -128   -6   15 -128 -128 -106  -36  -30 -128 -128   96  -14  127  127  126 -128 -128  127 -128  127 -105  127  127 -128  127 -128   34  127 -128 -128  123 -128  127   17 -128 -128 -128    2  127  127  112 -128 -128  -90 -128  127   53 -128 -128 -128 -128 -128  127 -128  127   63  114 -128   13 -128 -128  127 -128   96
-128  127  127 -128 -128  127  127 -128 -128  115  127  126 -128 -128 -128 -128  127 -128 -128 -128  127  127 -128  127  127 -128 -128  127  127 -128  127 -128  127   79 -128 -128  127   26  127 -128 -128 -128 -128  127 -128 -128  127  127 -128 -128  127   52  127  127 -128 -128 -128 -128  127 -128  127 -128  127 -128  127 -128  127 -128 -128   -3 -128  127  127  127 -128  127 -128  127  127 -128  127 -128 -128  127  127 -128  -18  127  127 -128  127  127  127  127  127 -128 -128  127 -128 -128 -128  127 -128 -128  127 -128 -128 -128 -128  127  127 -128 -128  127  127 -128  127 -128  127 -128 -128  127 -128 -128 -128 -128 -128  127 -128  127 -128 -128  127 -128  127  127  114 -128 -128 -128 -128 -128  127 -128
-128  127  127  127  127 -128  -83  127 -128  127  127  127 -128 -128   69  127  127 -128 -128 -128 -128  127  127  127 -128 -128 -128 -128 -128 -128   26 -128 -128 -128  127  127  -10  127  127 -128   17 -128  127  127 -128 -128  127  127 -128  127 -128  127  127 -128 -128 -128  127  -74 -128  127  -81 -128 -128  127  127 -128  127 -128 -128 -128 -128  127 -128  127 -128  114 -128 -128 -128  127  127 -128   90 -128  127  127  127  127 -128 -128 -128 -128 -128  127 -128 -128 -128  127  127  -74 -128 -128 -128  127  127  127 -128 -128 -128  127  127  127  127 -128  127 -128   70  127 -128 -128 -128  127  127 -128 -128 -128 -128 -128 -128  127  -29 -128 -128 -128  127  127  127  127 -128  127  127  127  127  127
-128 -128  -30 -125  127  127 -128 -128 -128  127  127  127 -128 -128  127 -128 -128 -128 -128 -128 -128  127   94 -128  127  -73 -128 -128 -128 -128 -128 -128 -128 -128 -128 -128  127  127  127 -128  127  -57  103 -128   28 -128 -128  127 -128  127 -128 -128  127 -128 -128 -128  127 -128 -128  127 -128 -128 -128 -128  127   -8  127 -128 -128  127  127   94  127  127  127 -128 -128   93  127  127   -3 -128 -128  127  127  127  127 -128  127 -128  127   50 -128  127 -128 -128  127  127  127 -128 -128 -128 -128  127 -128 -128  127 -128 -128 -128  127  127  127 -128  127  110 -128 -128 -128 -128 -128  127  -18 -128  -59  127 -128  127 -128  116 -128 -128   58  127 -128 -128 -128  127 -128  127  127 -128 -128  127
 127  -36  127  127 -128 -128   61  127 -128   -7  127  127 -128  127  127  127  127  127  127  127  127 -128  127  127 -128 -128 -128 -128 -128 -128 -128 -128 -128 -128 -128  127 -128  127  127   51 -121 -128  127  127  127  127  127  127  103   93  127  127  127 -128  127  127  127  127 -128  127  127  -43  -18  127 -128  127 -128  -64 -128 -128 -128  127 -128 -128   44   21  -17 -128 -128  127  127  127  127 -128 -128  127   52  127 -128 -128 -128 -128 -128 -128 -128 -128 -128 -128  127  127 -113  -55 -128 -128  127  127 -128 -128  127   72  127  127  127 -128  127 -128 -128  127 -128 -128 -128  116 -128  127 -128 -128  -89 -128   30 -128  127 -128 -128 -128  127 -128  127  127  127  127 -128  127  127  127
 127 -128   14 -128 -128  127 -128 -128 -128 -128  127 -128  -49  127  127  127  127 -128   21 -128 -128 -128 -128  127 -128 -128 -128  127  127  127  127  127  127  127  127 -128 -128 -128  127   94 -128 -128  127 -128 -128  127 -128 -128 -119  127  127 -128 -128 -128  127 -128 -128  127  127  127 -128 -128 -128  127 -128  127 -128  127  127  127  127 -128 -128  127  127 -128  127 -128 -128  127 -128  127 -128  119 -128 -128 -128 -128 -128 -128 -128  127  127 -128  127  127  127  127  127   48 -128 -128  127 -128  127   65 -128 -107 -128  127  127 -128 -128  127 -128 -128  -37  127 -128  127  127 -128  127 -128  127  127  127 -128  127 -128  127  127  127  127 -128  127 -128  127 -128 -128 -128  127 -128 -128
-128  127  127 -128  127 -128  127  127 -128 -128  127  127 -128    6  127  127  -67 -128 -128 -128 -128  127  127   13   47  127 -128 -128 -128 -128 -128 -128  127 -128  127 -128  -37  127  127 -128  127  127  127  127 -128 -128  127  127 -128  127  127  127 -128 -128 -128 -128  -44 -128 -128  127  127  127 -128 -128 -128 -128  127  -41 -128 -128 -128  -95 -128   86 -128 -128 -128   90 -128  127 -128 -128 -128  127  127  127  127 -128 -128 -128 -128 -128 -128  127 -128   40 -128 -128  127 -128 -128 -128 -128  127 -128  127 -128 -128 -128  127  127  127  127 -128  127 -128    8 -128 -128 -128 -128 -128  127  127 -128  -40 -128 -128 -128 -128 -128   24 -128 -128  127 -128  127  127 -128  127  127 -128 -128  127
 127 -128 -128 -128  116  127 -128 -128 -128 -128  127 -128   34  127 -128 -128  -85 -128 -128  127  127 -128  127  127 -128 -128 -128  127  127  127  127  127  127  127  127 -128 -128 -128  127  127 -128 -128  127 -128 -128  -44 -128 -128 -128 -128 -128 -128 -128 -128  107 -128 -128  127  127 -128 -128 -128 -128  127 -128  127 -128  127  127 -128  127 -128 -128  127  127 -128  127 -128 -128  127 -128 -128  127  127 -128 -128  127 -128 -128 -128 -128  127  127 -128  127  127  127  127  127 -128   24 -128 -102 -128  127 -128 -128 -128 -128  127 -128 -128 -128  127 -128 -128 -128  127 -128  127  127   49  127 -128  127 -128  127 -128  127 -128  127  127  101  127 -128 -128  127  -30  127 -128  127  127 -128 -128
-128 -128 -128  127  127  127  -39 -128 -128 -128 -128 -128 -128 -128 -128 -128 -128 -124  118  127  127  127   54 -128  127  127  127  127  127  127  -64 -128  127  127  127  127 -128 -128 -128  127  127 -128 -128 -128 -128 -128 -128 -128  127  127 -128  127  127 -128 -128 -128 -128 -128 -128 -128  127  127  127 -128 -128  127  127 -128  127  110 -128 -128 -128 -128  127  127 -128  127 -128  127 -128 -128 -128 -128 -128  127  127 -128  127  127  127  127  127  127  127  127 -128 -128  127  127 -128  127  127 -128 -128 -128  127  127  127 -128 -128  127  127  127 -128 -128  127 -128  127  127 -128 -128   -9  127  127  127  127  127  127  127 -128  127   76 -128 -128 -128 -128 -128  127 -128 -128 -128 -128  127
 127 -128 -128  127 -128 -128 -128 -128 -128  127 -128 -128  127  127  127 -128  127 -128 -128 -128 -128 -128 -128  127 -128  127 -128 -128 -128  127  127  127  127  127  127 -128  127  127  -87  127 -128 -128  127 -128 -128  127 -128 -128  127 -128  127 -128 -128 -128 -128 -128 -128  127  127  -25 -128 -128 -128 -128 -128  127 -128  127 -128 -128  127 -128 -128   12  127 -128  127 -128 -128  127 -128  127  127 -128 -128 -128 -128 -128 -128 -128 -128  127  127 -128  127   45  127  127  127 -128 -128 -128  127 -128  -40 -128 -128 -128  127  127 -128 -128 -128  127 -128 -128  127  127 -128  127  127  127  127 -128  127  127  127 -128  127 -128  127  127 -128  127  127  127  127  127  127 -128  127  127 -128 -128
 127  127 -128 -128 -128  127  127   -4  127 -128 -128  127  127 -128 -128  109  127   87 -128 -128  127  -11 -128 -128  127 -128 -128  127  127  127  127 -128  127 -128 -128 -128 -128 -128  127  127 -128 -128 -128  127 -128 -128 -128 -128 -128 -128 -128  127  127  127 -128 -128 -128 -128  127 -128 -128  -62  127 -128  127  127  127  127 -128  127 -128  127 -128  127   42  127 -128  127  127 -128  127 -128 -128  127   10 -128 -128  127  127 -128  127 -128  127  127  127 -128  127  127 -128 -128 -128  127 -128 -128  127  127  127 -128 -128 -128  127 -128 -128  -19 -127  127 -128 -128  127  127 -128  127 -128 -128  -32 -128 -128  127  127  127 -128  127   76 -128  127 -128 -128  127   41 -128 -128  127  127 -128
 127 -128 -128 -128 -128 -128 -128 -128 -128  127  127  127 -128  127  127  127  127 -128  -81  127  127 -128  127  127 -128 -128 -128 -128 -128  127 -128  127  127 -128  127  127  127  127  127  127 -128 -128  127  127  127  127  127  127 -128  127  127  127 -128 -128  127 -128 -128 -128 -128 -128 -128 -128   99  127 -128  127 -128 -128 -128 -128 -128  127 -128 -128   27 -128  127 -128 -128  127  127  127  -22   21   11 -128  127  127 -128 -128 -128 -128 -128 -128 -128    3 -128 -128  127  127  127 -128  127 -128 -128  127 -128 -128  127  127 -128  127  127  127  127 -128 -128  127 -128  127  127 -128   54  127 -128 -128 -128 -128  127 -128  117 -128 -128 -128  127  127  127  127 -107   53  127  127  127  127
-128  127 -128 -128  127  127 -128 -128 -128  127  127  127 -128  127  127 -128 -128 -128 -128 -128 -128  127 -128  127  127  127 -128 -128 -128 -128   44 -128  127  127  127 -128  127  127  127 -128  127 -128 -128 -128 -128 -128  127  127 -128  127 -128 -128 -128 -128 -128 -128 -128 -128 -128  -62 -128 -128 -128 -128 -128 -128  127 -128  -55   99  127 -128 -128 -128 -128  127  127  127 -128  127 -128 -128 -128  127  127  127 -128 -128 -128  127  127 -128 -128  127 -128  127  127  127  127 -128 -128 -128 -128  127 -128  127 -128 -128 -128  127 -128  127  127 -128 -128 -128 -128 -128 -128 -128  127   29   50 -128  127  127 -128 -128 -128  127 -128  127  127  127 -128  127  127 -128 -128  127  127 -128 -128 -128
-128 -128  127   55 -128  127   81  127   77 -128 -128 -128 -128 -128  127 -128 -128 -128  127  -18 -128  127 -128 -128  -12  127  127  127  127  127  127 -128 -128  127  127  127 -128 -128 -128 -128  127  127 -128  127 -128 -128 -128 -128  127  -43 -128 -128  127  127 -128  127  127 -128 -128 -128  127  127  127  -21  127  127  127  127  127 -128 -128 -128 -128  127  127  127 -128  127  127 -128 -128  -86 -128 -128   96  127  127 -128  127  127  127  127  127  127  127 -128 -128 -128 -128 -128 -128  127 -128 -128   21 -128  127  -31 -128 -128  100   77  127  127 -128  127  -82 -128  127  127 -128 -128 -128  127  127  127  127  127  127  127 -128   18 -128 -128 -128 -128 -128 -128  127 -128 -128 -128  127 -128
 127 -128  127  -46 -128 -128 -128   76   16 -118   44    4 -128 -128  127   27 -128 -128 -128  125  127  127 -128   77  127 -128  127  127 -128 -128 -128 -113  127   60   91 -128  -32 -128 -128 -128  127 -128 -128 -128 -128  127 -128 -128 -128  -95  -15  103  -39 -128   18   43   59 -128  127  -51   74 -119  127  127 -126  127  127 -128  127  -39 -128 -128  127  -42 -128 -128 -128  127 -128 -128  127  -46  127 -128 -128 -128 -128 -128 -128 -128  127 -128 -128  127  127  127   84  113 -128   50   57   70 -123   92  -55 -128  -70  127   -3 -128 -128 -128  -48 -128  127 -128 -118  127 -128 -128   85  127 -128 -128 -128 -128  127  -30  127 -128 -128  127 -128 -128 -128  127  127   14  127 -128   57  127 -128   48
-128  127  127  127   59 -128 -128  127 -128  127 -128  127 -128  127  -25 -128  127 -128   11 -128 -128  127 -128   -6  127 -128 -128 -128  127 -128  -18 -128 -128 -128 -128 -128  127  127  127 -128  127 -128  127  127  127 -128 -128  127  -90  127  127  127  127 -128 -128  127  127   -3  -11  127 -128 -128 -128 -128  127  127  127 -128 -128 -128 -128  127  127  127  127  127 -128 -128  127  127  127 -119 -128 -128  127  127  -72   95  127 -128  127 -128 -128  127 -128 -128   53 -128  127 -128 -128 -128 -128  127 -128 -128  -41 -128 -128 -128  127  127  127 -128  127 -128 -128 -128  127 -128 -128  127  127 -128 -128 -128  127  127 -128  127  127 -128 -128  127 -128  127 -128 -128 -128  127 -128 -128  127  127
-128  127 -128 -128  127 -128  127 -128 -128  127  127  127 -128 -128 -128  127 -128 -128 -128 -128 -128  127 -128  127  114  127 -128 -128 -128 -128 -128 -128  127 -128  127  127  127  127  127 -128  127  127  -57 -128 -128 -128  127  127 -128  127 -128  127 -128 -128 -128 -128 -128 -128 -128  -87 -128   31 -128 -128  127 -128  127 -128 -128 -128  -24 -128 -128 -128 -128  127 -128  127  127  127 -128 -128 -128  127  127  127 -128 -128 -128  127  127 -128 -128  127 -128  127 -128  127  127 -128 -128 -128 -128  127  127  127 -128 -128 -128  127 -128  127  127 -128  127 -128  127 -128 -128 -128 -128 -128  127  127  127  127 -128 -128 -128  127 -128  127 -128 -128  127  127  127 -128 -128  127  127  127 -128   55
-128 -128 -128 -128 -128  127 -128  125 -128  127  127  127 -128 -128  127 -128  127 -128 -128 -104 -128  101 -128  127  127 -128 -128 -128 -128 -128  127  127  127   50 -128 -128  127  127  127 -128 -128 -128 -128  127 -128 -128 -128 -128 -128 -128  127 -128 -128 -128 -128 -128 -128 -108  127 -100 -128 -128  127 -128  127  127  127  100  107  127  111  127 -107  127  127  127 -128  127  127 -128  127  127  127  127 -128 -128  127 -128  127 -128  127 -128 -128  127  127 -128  127  127 -128 -128   20 -128 -128 -128  127 -128 -128 -128  127  127  127 -128 -128 -128  127 -128 -128 -128 -128 -128  127  127 -128 -128 -128 -128 -128  127  127  127  127  127  127 -128  127  127  127  127 -128 -128  127  127  127 -128
-128  127  127 -128 -128  127  -52  127  127 -128 -128 -128 -128  127  127 -128 -128 -128  127  116 -128 -128 -128 -128 -128  127  127  127  127  127  127 -128 -128  127   43  127 -128 -128 -128 -128   53  127 -128  127 -128 -128 -128 -128 -128 -128   76 -128  127  127 -128  127  127 -128 -128  127  127  127  127  127  127  127 -128  127 -128 -128  127  127  127  127 -128  127 -128  127  127 -128 -128 -128 -128 -128  127 -123 -128 -128  127   95  127  127  127  127  127 -128  127 -128 -128 -128 -128 -128 -128 -128 -128 -128  127  127 -128 -128  127  127 -128 -128  127  127  127 -128  127  127 -128 -128 -128  127  127 -128  127  127  127  127  -98 -128 -128   24  -78 -128 -128   71 -128    8  -14 -128  127 -128
 127 -128  127  127 -128  127  127 -128 -128 -128 -128 -128   73 -128 -128 -128 -128  127  127  127  -36  127 -128 -128  127  127  127  127  127  127 -128 -128 -128  127  127  127 -128 -128 -128  127  127 -128 -128 -128 -128  127 -128 -128    9 -128 -128 -128 -128  127  127  127  127 -128 -128 -128  127  127  127 -128 -128  127  127  127  127  127  -33 -128 -128 -112  127   -1 -128 -128 -128   16 -128  127  127 -128   -6  127  127 -128  127  127  127  127  127  127  127  127 -128 -128 -128  127  127  127  127 -128   76 -128  127  127  127 -128 -128 -128  127  127 -128  127  127  127  127  127 -128 -128  109  127  127  127  127  127  127  127  -71  127  127  112 -128 -128 -128 -128  127 -128 -128 -128 -128  127
-128  127 -128 -128 -128  127  127  127 -128 -128  127  127  -20 -128 -128  -13  127 -128 -128 -128 -128  127 -128  127  127 -128 -128 -128  127 -128  127 -128  127 -128 -128 -128 -128  127  127 -128 -128 -128 -128  127 -128 -128 -128 -128 -128 -128 -128 -128  127  127 -128 -128 -128 -128  127 -128 -128 -128  127 -128  127 -128  127  127 -106  127 -128  127 -128  127  127  127 -128  127  127 -128   -4 -128  127  127 -128 -128  127  127  127 -128  127    9  127  127  127 -128  127  127 -128 -128 -128  127 -128 -128  127 -128  127 -128 -128 -128  127 -119 -128 -128  127  127 -128 -128  127 -128  127  127 -128 -128 -128 -128 -128  127  127  127  -45  127  -84 -128  127  127  127  127 -128 -128 -128 -128  127 -128
-128 -128 -128 -128  127  127  111  127  127  117 -128  127 -128  -58  127 -128 -128 -128  127 -128  127  127 -128 -128  127  127  127  127  127  127 -128 -128 -128   -1 -128 -128  -49 -128  127 -128  127   -5 -128 -128  127 -128 -128    6 -128  100 -128 -128  127  127 -128  127  127 -128 -128  127 -128 -128 -128  127  127  127   65 -128  127  127  127 -128  127 -128 -128    7 -128  127  127   99 -128  127 -128  127  127  127 -128 -128  127  127  127  127  127  127 -128 -128  127 -128   47 -128 -128 -128 -128  127 -128 -128  127  127 -128 -128 -128 -128  127 -128 -128  127 -128 -128  127  127 -128 -128 -128 -128  127  127  127  127  127  127 -128  127 -128  127 -128 -128 -128 -128 -128  127 -128 -128  -50  127
-128 -128  -90 -128   97 -128 -128   21  -38  -74 -101  -23   25 -128   82 -128  -80  127  -71 -128 -128   66 -128  -41   49  127  127 -128 -128  127 -128  127  -72 -128   10  127   -4  -50 -128 -128 -128 -128 -128 -128 -128   43   33  127 -128  127  127   91 -128  114   70  127  127  127  127 -128 -128 -128 -128 -128 -128  127 -128  127  127  127 -128   85  100 -128 -128  -42   74 -128 -128  127  127  127  127  127 -128  127 -112  113  127 -128 -128 -128  127  127 -128 -128 -128  102  127 -128 -128   13 -128 -128 -128 -128 -128 -128  -15  127   72  127 -128 -128   67 -128 -128  127 -128  127  127  109 -128   10 -128 -128 -106 -128   86  127 -115 -128  127   61 -128  127 -128 -128  127 -128   -6 -128  127  127
 127 -128  127 -128 -128 -128  -27 -128  127 -128 -128 -128 -128  127   -6 -128 -128 -128  127  127  -49  -26 -128 -128 -128  127  127  127  127  127 -128   28 -128  127  127  127 -128 -128 -128   22  127  127 -128 -128 -128 -128 -128 -128 -128 -128 -128 -128 -128  127  127  127  127 -128  127 -128  127  127  127  127   98  127  114  127  127  113  127 -128 -128  127  127   22 -128 -128  -24 -128 -128 -128 -128 -128  -71  127  127 -128  127  -66  127  127  127  127  127  127   28 -128 -128 -128 -128 -128 -123  127  -52 -128  127  127 -128 -128 -128  127 -100  127 -128  127  127  127  127  127 -128 -128 -128  127  127  127  127  127  127   84  127  127  127  127 -128 -128 -128 -128  127 -128 -128 -128 -128   32
 127 -128 -128 -128 -128 -128 -128 -128  127 -128 -128 -128 -128  126 -128  127 -128  127   19  127  127 -128  127 -128 -128  127  127  127  127  127  127  127 -128  127  127 -128 -128 -128 -128 -128 -128  -60 -128 -128  127  127 -128 -128 -128 -128 -128 -128 -128  127  127 -128  127 -128  127 -128 -128  127 -128  127  127  127 -128  127 -128  127  127 -128   -8  127  127 -128  127 -128 -128  127 -128 -128  127 -128 -128 -128  -70 -128  127  127 -128  127  127 -128  127  127  127  127  127  127  127 -128 -128 -128  127 -128 -128  127 -128  127 -128 -128 -128 -128 -128  127  127  127  127  127  127 -128  127 -128 -128 -111  127  127  127 -128  127 -128 -128  127 -128 -128 -128 -128 -128 -128 -128  127 -128  127
-128  127  -54  107  127 -128  127  127 -128  127  127  127 -128  127  126 -128 -128 -128 -128 -128 -128  127  127  127  127   16 -128  127 -128 -128 -128 -128 -128 -128 -128  -91  127  127  127 -128  127 -128  127  127  127 -128  127  127 -128  127 -128 -128  127 -128 -128  127  127 -128 -128  127 -128 -128 -128 -128  127 -128  127 -128 -128 -128 -128  127  127  127 -128  127 -128 -128  127  127  127 -128 -128  127  127  127   36 -128  127   52  127 -128 -128  127 -128 -128 -128 -128  127 -128 -128 -128 -128  127 -128   74  -80 -128 -128  127  127  127  127 -128 -128 -128 -128 -128 -128 -128 -128  127  127 -128 -128 -128 -128  127 -128  127 -128  127 -128 -128 -128  127  127 -128 -128  127  127 -128 -128  127
-128 -128   17  127  127 -128 -128  127   52 -128 -128 -128  127  127 -128 -128 -128 -128  127  127 -128 -128 -128 -128   70 -128  127  -33  -93 -106    6 -128  127  127 -118  -17 -128  -29   -6  127  -83  127 -114 -128 -128 -100  -42 -128 -128 -128  127 -128 -110 -128 -128  127  127 -128 -128  127   10 -128 -128  127 -102 -128 -128  -70 -100 -128 -128  127  122 -119    7 -128 -128  127 -128 -128 -128  -96  -96  127  127  -57 -128   75  127 -109 -128 -128  127  127  127 -128  -20 -128   11  127 -128  127 -109 -128 -128  127 -128  127 -128  127  -69 -128  127  127 -128 -128 -128 -128  127  127 -128  127 -128  -25 -128 -128  127 -128   18   58   83 -128 -128 -128  -12  127   73  -27 -128 -128   61 -112  127   30
-128 -128 -128  107   49  103  -30 -128  125   72 -128   77  127 -128   52 -128 -128  127  -96  124  127 -128 -128    4 -128 -128   74   27  127 -128 -128   -1  110  127  127 -128 -100 -128  127 -128   41 -128  -78 -128  127 -128  125   16 -128 -128   32  -14 -128 -128   64  -44 -100  127 -128 -107  127 -128  127 -128  -82  127 -128 -128 -128   80    4 -128 -128   34  127   -5 -128 -128  -57 -128 -128   30  127  127 -128   93 -128 -128 -128  105   -4 -128   -5 -128 -128   86   42 -128  127  100  127  127  127 -128 -128 -128  127 -106 -128  127   32   -9 -128  127  127 -128  127 -128  127  127 -128  127 -128  -57   62 -128  127  127 -128 -128   17 -128  127   90  127 -128 -128  100  127 -128  -45 -128  -37  -11
 127 -128 -128 -128 -128 -128 -128 -128 -128  -37 -128 -128  -58  124 -128  127 -128    4 -128  127   98  127 -128  127 -128 -128  127   59 -128  -49 -128 -128  127  127 -128  127 -128 -128   37 -128  127   31  127 -128 -128  127 -128  -91 -128  127 -128 -128   54   14 -128  127  127  127 -128 -128   85  127   74  -27  127  -84 -128 -128  -74  127 -128  127  127  116    8  127 -128 -128 -128 -128 -128 -128 -128 -128  114  -42  -81  127 -128 -128  127  127  -96  127 -128  127 -128 -128  127 -128 -128 -128  127   62  -37  127  -20 -128  127  127 -128  127 -101  127  127 -128 -128   40  127  -34  127   27  127 -128 -128 -128  -41 -128 -128 -128  123  110  127  127 -128 -128   68 -128  -26  127 -128 -128  -56  127
-128  127  127 -128 -128  127 -128  127  127 -128 -128  127 -128 -128  127  -78 -128 -128  118 -128 -128  127 -128  127   28  127  127  127  127  127  127 -128 -128 -128 -128 -128 -128 -128 -128 -128  127  127 -128  127  127 -128 -128  127 -128 -128  127  -76  127  127 -128  127  127 -128  127  127 -128  127  127 -128  127  127  127  127 -128 -113 -113  127   -8  127  127  127 -128 -128  127 -128  127 -128 -128 -128  127  127 -124  127  127 -128  127  127 -128  127  127 -128 -124 -128 -128 -128 -128  127 -128  127  127 -128  127  -50 -128 -128  127  -63  -72 -128  127  127 -128 -128  127 -128 -128  127  -47 -128  -89  127  127  127   27  127  127 -128 -128  127  127 -128 -128 -128 -128  -80 -128  -17  127 -128
-128 -128  127  127 -128 -128  127 -128   -8 -128 -128 -128  127  -59 -128 -128 -128 -128  127  127  127  127 -128 -128  127  127  127  127  127  127   29 -128  127  127  127  127 -128 -128 -128  127  127 -128 -128 -128 -128 -128 -128 -128  127  127 -128 -128  127 -128  127  -76 -128 -128 -128 -128  127  127  127 -128 -128  127  127 -128  127 -128 -128 -128 -128 -128  127  127 -128  127 -128  127 -128 -128 -128  127  -32  127  127 -128 -126  127  127  127  127  127  127  127 -128 -128  127  127 -128  127  127 -128   47 -128  127  127  127 -128 -128  127  127  127 -128 -124  127 -128  127  127 -128 -128 -128  127  127  127  127  127  127  127 -128  127  127 -128 -128 -128 -128 -128  127 -128 -128 -128 -128  127
-128  127 -128 -128  127  127 -128  127  127  127  127  127  127  127 -128 -128 -128  127  127  127  127 -128  127 -118  127 -128  127 -128 -128 -128 -128  127 -128  127 -128 -128  127  127  127  127  127 -128 -128  127  127  127  127  127 -128  -28  127  127  127  127  -78  127 -128  127 -128  127  127 -128 -128  127 -123 -128 -128 -128 -128  127  -39 -128  127 -128 -128 -128  127  127  127 -128  127 -128 -128  127 -128 -128 -128  127  127  127   56 -128 -128 -128 -128 -128  127 -128 -128  -34  127  127 -128 -128 -128 -128  127  127  127  127 -128 -128  127 -128    7  127 -128  -96 -128 -128 -128 -128 -128 -128  127 -128  127  -84 -128 -128 -128  127  127   92 -128  -35  127  127 -128  127 -128  127  127  127
-128  127  127 -128 -128 -128 -128  127  127 -128 -128 -128 -128  127  127 -128 -128 -128 -128 -128 -128  127 -128  127   72  127  127  127  127  127  127 -128 -128  127  -58 -128 -128 -128 -128 -128  127  127 -128  127  -37 -128 -128  127 -128 -128  127 -128  127  127 -128  127  127 -128  121  127 -128  127  127 -128  127  127  127  127 -128 -128  -87  127 -128  127   15   92 -128  127  127 -128 -128 -128 -128 -128 -128  127  101 -128  127 -128  127  127 -128  127  127 -128 -128 -128 -128 -128 -128  127 -128 -128   15 -128  127  127 -128 -128  127 -128  127 -128  127  127 -128 -128  127  127 -128   93 -128 -128  127   56  127  127  127  127  127 -128 -128  -96 -128 -128 -128 -128 -128 -128 -128 -128  127 -128
-128  127   -3 -128 -128  127  -81  127  127 -128  127 -128 -128 -128  127 -128  127 -128 -128  127 -128   30 -128  127  127  127 -128  127  127   17  127 -128  127  -62 -128 -128 -128 -128 -128 -128 -128  127 -128  127 -128 -128 -128 -128 -128 -128 -128 -128 -128  127 -128 -128  127 -128  124 -128 -128  127  127 -128  127  127  127  127  -55 -120  127  127 -128  127  108  127 -128  127  127 -128   -2 -128 -128  127 -128 -128  127 -128  127 -128 -128  127  127  127  127 -128  127  127 -128 -128 -128  127 -128 -128  127 -128  127 -128 -128 -103  127 -128 -128 -128  127  127  127 -128  127  127 -128  127 -128 -128   10 -128   46  127  127  127  127 -128 -128 -128  127 -128 -128  127 -128 -128  127 -128  127 -128
-128 -128   18  -46 -128 -128   61  127  -74   56 -128  127 -128 -128 -128 -128 -128   21  127  -39  -47 -128 -128  -38 -128   61 -128 -128  127   56 -128  127  127   -1 -128 -128 -128 -128  -51  -93 -128  -48  -73 -128  127 -128 -128 -128 -128  127 -128  -40 -128 -128   65 -128 -128 -128 -128  127 -128 -100  127  -37  127  127 -128 -128  127 -128   52   39  127  127  127  108   27 -128  127  127   76  -98  -86   45 -128 -128 -128 -128 -128  -60 -128 -128 -128   87  -38  -23 -128 -128 -128 -128  -48 -128 -128  127 -128 -128   32 -128  -71   -2 -128 -128  127 -128 -128  127 -128 -128  127  127  127 -128  116  127 -128  127   65   65   50  124 -128 -128 -112 -128 -128   75   38  127 -128  127 -128  127 -128  104
-128 -128  127 -128 -128  127  127  127 -128  127  127  127 -128  127  127  127 -114  127  127 -128  127 -128  127  127  127 -128 -128 -128 -128 -128 -128 -128 -128 -128 -128  127  127 -125  127 -128  127 -128  127  127  127  127  127  127 -128  127  127  127  127 -128  127  127  127 -128 -128  127 -128 -128 -128  127 -128 -125 -128  127 -128  127 -128   -7   66 -128 -128 -128  116 -128  127   13  127  127   12 -128  127  127  127  127 -128 -128 -128 -128 -128 -128 -128 -128  127 -128  127  127  127 -128 -128  127 -128  127 -128 -128 -128 -128  127  127  127 -128  127  -61 -128 -128 -128 -128 -128  127  127 -128 -128 -128  127 -128 -128 -128  127 -128 -128  109  127  127  127  127   53  127 -128  127  127  127
 127  127 -128   29  127 -128  127  -86 -128  127  127  -11  -93  101  127  127  127  127 -128  127  127  127  127  127    1  127 -128 -128 -128 -128 -128 -128  127 -128  127  127   84  127 -128  127  112  -69  127  127 -128  127  127  107  127  127 -128  127  127 -128  127  127 -128 -128 -128 -128  127  127 -128 -128 -128 -128  127  127 -128  127 -128  127 -128 -128 -128 -128 -128  127 -128 -128  127 -128 -128  127  127 -128  -84  112 -128  127 -128 -128 -128   31 -128  127 -128 -128  127  -42  127  127 -128 -128  127  127 -128  -44 -128  127 -128  127  127 -128  -52 -128  127 -128 -128 -128 -128 -128  -68  127 -128  127 -128 -128 -128 -128 -128  127 -128 -128  127 -128  127  127 -128  127  127  127 -128  127
-128  127  127  127  127 -128  127 -128 -128  127  127  127 -128 -128  127 -128  127 -128 -128 -128 -128  127 -128  127  -99  127 -128 -128 -128 -128 -128 -128  127 -128  127  127  127  127  127 -128 -128  127   60  127 -128 -128  127  127  127  127 -111  127  127 -128 -128 -128  127 -128  -83  127   28 -128 -128 -128   62  -43  127 -128 -128 -128 -128  127   42  127  127  127 -128 -128 -106  127 -128 -128 -128    2  127  127  127 -128 -128  127  127 -128 -128  127  127 -128 -128  127  127 -128 -128 -128  127  127   91  127 -128 -128 -128  127  127  127  127 -128  127 -128  127 -128 -128 -128 -128  127 -128  127 -128 -128 -128  127 -128  127 -128  127 -128 -128  127  127  127 -128  -43  127  127 -128 -128 -128
 127  127 -128 -128 -128  127  127  127  127 -128 -128 -128  -69 -128 -128 -128 -128  127   73  127  127   48 -128 -128  127  127  127  127  127  127 -128  127 -128  127 -128 -128 -128 -128 -128 -128  127  127 -128  127  127 -128 -128 -128 -128 -128 -128 -128    6  127  127  127  127 -128 -128 -128 -128  127  127 -128  127 -128 -128  127  127  127  127 -120   -6  127 -128 -121  125  127  127 -128  127 -128  127  127 -128 -128  122 -128  127 -128  127  127  127  127  127 -101  127  127 -128  127  127  127 -128 -128  -12 -128  127  127  127 -128 -128 -128 -128  127 -128  127  127  127  127  127 -128  -81 -128 -128  127 -128  127  127  -89  127  127 -128  127  127 -128 -128 -128 -128 -128  -33 -128 -128  127 -128
 -34 -128 -105 -128 -128 -128    4 -128 -128 -128   75   72  127   47 -119  127  127  -82 -128 -128  103 -128 -122  -13  127 -128 -128 -128 -128 -128  127 -128 -128 -128 -128  127  -92 -128 -128 -128  -58 -103   51  127   80  127  127 -128   86 -101  -97 -128 -128   -8  127 -128 -128 -128  127   43 -128  127   40  127 -128 -128  127 -128 -128  127 -128  127 -128 -128  127 -128   86 -128 -128 -128 -128 -128 -128 -128   38 -128  -92   -5 -128 -119   55  127 -128 -128 -128 -128 -128 -128   19   -2  127 -128  -92  127 -128 -128 -128  127 -128 -128  127 -100  127  127 -128 -128    8   37  127  127 -128 -128 -128 -128 -128 -128   89  127  -62 -128 -128  127 -128  -53 -128 -128 -128  -56 -109  127 -128  127 -128  127
 127  127 -128 -128 -128 -128  127  127  127  127  -43 -128  127 -128 -128 -128  127  127  127  127  127 -128 -128 -128 -128  127  127 -128 -128 -128 -128  127  127  127 -128 -128  127 -128 -128  127 -128 -128 -128   16  127  127  127  127  127 -128 -128  127 -108  127  127   24 -128  127  127 -128  127  127  127  127 -128 -128 -128   10   89  127  127 -128  127 -128 -128 -128  127 -128  116 -128 -128 -128  127  127 -128 -128 -128 -128  -74  127 -128 -128   98 -128 -128  127  127 -128 -128  127  127  127 -128 -128 -128 -128  127  127  127  127 -128 -128 -128  127 -128  127  127  127  -53   85  127 -128 -128  127  127 -128  127 -128 -128 -128  127  127  127  127 -128  127  117  127 -115 -128  127  127 -128  -40
 127  127  127  127  127 -128  123  127 -128  127  127  127 -128 -128  127  127  127  127  127  -92 -128 -128  127  127  -24 -128  127 -128 -128  -99 -128 -128 -128 -128 -128  127  127  127 -128 -128  -22  127  127  127  127  127  127  127   80  127  127  127  127  127  127  127  127  127  127 -128 -128 -128  127  127  127  127 -128   69 -128 -128 -128  127  127 -128 -128   58 -128 -128 -128  127  127  127   32 -128   13  -63  -94  127 -128 -128 -128 -128 -128 -128 -128 -128 -128 -128 -128  127  127 -128 -128  127 -128  127 -128 -128  127 -128  127 -128  127 -128  127 -128   16  127 -128 -128 -128  127 -128  127 -128 -128  127  127  127 -128 -126 -128 -128 -128  127  -15  127 -128 -128  127 -128  127  127  127
-128  127 -128 -128 -128  127   50  127 -128 -128  127  127 -128 -128 -128 -128  127 -128 -128  127   -5  127 -128  127  127  107 -128 -103  127 -128  127 -128  127 -128 -128 -128 -128  127  127 -128 -128 -128 -128  127 -128 -128   65  127 -128 -128 -128    5  127  -27 -128 -128 -128 -128  127 -128 -128 -128  127 -128  127  127  127  127 -128  -54 -128  127 -128  127  127  127 -128  127  127 -128  127 -128  127  127 -128 -128  116  127  127 -128  -39  127  127  127  127 -128  127  127 -128 -128 -128  -71 -128 -128  127 -128  127 -128 -128  127  127 -128 -128 -128  127 -128   83 -128  -68 -128  127  127 -128 -128 -128 -128 -128  127  127   81  127  127 -128 -128  127 -128  127  127 -128 -128 -128 -128  127 -128
  55 -128 -128 -128  127  127  127  127  127  127  127  127  127  127 -128 -108 -128  127  127   48  127 -128  127 -128  127 -128  127 -128 -128  127 -128  127  -39  127 -128 -128  127  127 -128  127  127 -128 -128 -128  127  127  127 -128  127  127 -128 -128 -128 -128   83  127 -128  127 -128 -128 -128 -128 -128  127 -128 -128 -128 -128  127  127  127 -128  127 -128 -128 -128  127  127  127 -128 -128  127 -128  127 -128 -128 -128  127  127  127  122 -128  127 -128 -128 -124  127 -128  127  127  127 -128  127  127 -128 -128  127  127  127  115 -128 -128  -37  127 -128  127 -128 -128 -128  127  127 -128 -128 -128  127  127 -128 -128 -128 -128 -128  127  127  127 -128  127  127  127  123  127 -128  127  -96  105
 127  127 -128 -128 -128  127  127  127  127 -128  127 -105  127 -128 -128  127 -128  127  127  127  127 -128 -128 -128  127 -128  127 -128 -128 -128 -128  127  127 -128 -128 -128  -53  127  127  127 -128 -128   15  127    7  127  127  127  127 -128  -45  127  127  127  127  127 -128 -128  127 -128  127  127  127  127   -7 -128  127 -128  127  127 -128  127  127 -128 -128 -128  -19  127  127 -128  127 -128  127  127 -128 -128 -128  127  127 -128 -128 -128 -128 -128 -128  127  127  127 -128  127  127  127 -128 -128 -128  127  127  127  127  127  127 -128 -128   66 -110 -128  127 -128 -128  127  127    2 -128  127  127 -128 -128 -128 -128   86 -128  127  127 -128 -128   39   29  127 -128 -128 -128  127  127 -128
 127  127 -128  127 -128  127 -128 -128  127 -128 -128 -128   25 -128 -128  127  -69  -32 -128  127  127 -128 -128   81   80 -128  -29 -128  -44 -128 -128  127 -128  -30  127    1 -128  127   18 -128 -128   -5  127  -48 -128 -128 -128 -128  127  127   24  -89 -128  -76  -82 -128  127 -128  127  121  127 -128 -128 -101  127 -128  127 -128 -128 -128  127  -23  127 -128  124   77   38  118 -128 -128 -128  127 -128 -128  127  127 -128 -128 -128  -23 -128   -3 -128  127 -128   63  -63 -128 -128 -128 -128   78 -128  127  -96  127   69  127 -128  127  -37 -128 -128  -64 -128  127    0   97  127 -128  -26  127 -128  127 -128 -128  127 -128 -128  -39   86  127   30  127   13 -128  127  127  127 -128 -128  127  -85  -59
-128 -128 -128  127  127  -49 -128 -128 -128 -128  127  127 -128  127  127 -128 -128 -128 -128 -128 -128  127  -43 -128 -128  127 -128 -128 -128 -128   73 -128  127 -128  127 -128 -128  127  127 -128  127  127 -128 -128 -128 -128  127  127 -128  127 -128  127 -128 -128 -128 -128  127 -128 -128  127 -124  -73 -128 -128  127 -128  127  -22 -128 -128  127 -128 -128  -31 -128   69 -128 -128  127  127 -128 -128 -128  127  127  127 -128 -128 -128  127  -91 -128 -128  127 -127  127 -128  127  127 -128 -128 -128 -128  127 -128  127 -128 -128 -128  127  127  127  127 -128 -128 -128  127 -128 -128 -128 -128 -128  127  127 -128  127 -128 -128 -128  127 -128  127 -128  127  -88 -128  127 -128 -128  127  127 -128 -128  127
 127 -128 -128 -128  127 -128  127  127  127 -128  127  127 -128  127  127  127 -128  127  127  127  127 -128  127  127  127 -128  127 -128 -128  127 -128 -128 -128 -128 -128  127 -128  110  -66  -57  -31 -128  127  127  127  127  127  127  -20  127  127  127  127 -124  127  127 -128 -128 -128  -85 -128 -128  127  127 -128 -128 -128  111 -128 -128 -128  127 -128 -128 -128 -128  127 -128 -128  127  127  127 -128  127 -128 -128  127  127 -128 -128 -128 -128  127 -128 -128  127 -128 -128 -128  127  127 -128 -128  127 -116  127 -128 -128   59  -28 -128  127  127   -9  127 -128 -128  127 -128  127   -9 -128 -128  127 -128 -128  -71 -128  127 -128  127 -128 -128 -128  127   48  127  127 -128  127 -128  127  127  127
 127  127 -128  127 -128 -128 -128 -128 -128  127 -128 -128  127  127  127 -128  127 -128  127 -128 -128 -128 -128  127 -128 -128 -128 -128 -128 -128  127  127  127  127  127 -128  127  127  127  127 -128   90 -128 -128 -128  127   84 -128  127 -100  127 -128 -128 -128 -128 -128 -128  127  127 -128 -128 -128   46 -128 -128  127  -32 -128  -34  127  127 -128 -128 -128  127 -128  127  127 -128  127 -128  127  127  127 -128 -128 -128 -128 -128 -128 -128 -128 -128 -128  127  127  127  127  127  111  127 -128  127 -128 -128 -128 -128 -128  127  127 -128  127 -128  127 -128 -128  127 -128 -128 -128  127 -128  127 -128  127  127 -128 -128  127  127   29  127  127  127  127  127  127  127  127 -128  127  127 -128 -128
 127  127 -128  127 -128 -128 -128 -128 -128  127  -76  127   79  127  127  127  127 -128  127 -128 -128 -128  127  127 -128 -128 -128 -128 -128 -128  127  127  127  127  127 -128  127  127  127  127 -128 -128  127 -128 -128  127  127  127  127  -12  127 -128 -128 -128 -128 -128 -128  127 -128  127 -128 -128 -128 -128 -128  127 -128 -128 -128 -128  127 -128  127 -128   45 -119  127  119 -128  127 -128  127  127  127 -128 -128 -128  127 -128 -128 -128 -128 -128 -128 -128 -128 -128  127  127  127  127 -128  127 -128 -128  127 -128 -128  127  127 -128  127  127  127 -128 -128 -128 -128 -128 -128  127 -128  127  127 -128  127 -128 -128  127 -128  125  127  127  127  127  127  127  127  127 -128  127  127 -128 -128
-128 -128 -128 -128  127 -128  -81 -128 -128  127  127  127  -11  127 -128  127   54  127 -106 -128  127   32  127   70 -128 -128 -128  127 -128 -128 -128  127 -128  127 -128  127  127  127  127   35 -128 -128  127 -128  127  127  127 -128 -128  127 -128  -75 -128 -128 -128 -128 -128 -128 -128  127 -128 -128 -128  127 -128 -128 -128  -84 -128 -128  127 -128  127 -128 -128 -128  127 -128  -27  127  127 -128   81  127  127  127  -24  127  -78 -128 -128 -128  127 -128 -128  127  127 -128  127  127  -65 -128 -128  127 -128  127 -128 -128 -128  127 -128  127  127 -128   -2  127 -128  127 -128  127 -128 -128  127 -128 -128  103   79 -128 -128 -128  127  127  127  127  -56  127  127  127  127  127  127  127 -128  127
 127 -128 -128  127  127 -128  -39 -128 -128  127  127  127 -128  127  127  127  127 -128 -128 -128  127 -128  127  127  -26 -128 -128 -128 -128 -128 -128 -128  127 -128  127  127  127  127  127  127 -128  -87  127  -55 -128  127  127  127  -28  127  -16  127   12 -128  127 -128 -128 -128 -128  -22 -128 -128  127  127 -128 -128 -128 -128 -128 -128    5  127 -128 -128 -128 -128  127 -128 -128  127  127 -128 -128  127 -128 -128  127  127 -128 -128 -128 -128  127 -128 -128  127 -128 -128  127  127  127 -128   94 -128 -128  127 -128 -128 -128  127 -128  127  127  127 -128 -128  127  127 -128  127  116 -128  127  127 -128  127 -128 -128  127 -128 -128  -68 -128   90  127  127  127  127 -128   55  127  127 -113  127
 127 -128   48 -128 -128   24 -128 -128  127 -128  -97 -128 -128 -128 -128 -128 -128 -128 -128  127   67 -128 -128 -128 -128   85 -128  127  127  127   34  127 -128  127  127 -128 -128 -128 -128 -128 -128  -92 -128 -128  127 -128 -128 -128 -128 -128 -128 -128 -128 -128  127 -128  127 -128  127 -128 -128  127 -128 -128  127  127 -128  127 -128 -128  127 -128 -128  127  127 -128  127 -128 -128  127 -128 -128  127 -128 -128 -128  127 -128  127 -128 -128  127  127 -128  127  127  127  127  127 -128  127 -128 -128 -128 -128 -128 -128  127 -128  127 -128 -128 -128  127 -128  127 -128  127  127  127 -128 -128  127 -128  127  -17 -128  127  127 -128  127 -128  127  127 -128 -128  127 -128  127 -128 -128  127 -128 -128
-128  127 -128 -128 -128  127  127  127 -128 -128  127  127 -128 -128 -128 -128  127 -121 -128 -128 -128  127 -128  127  127  127 -128 -128  127 -128  127 -128  127  127 -128 -128 -128 -128  127 -128 -128 -128 -128  127 -128 -128 -128 -128  127 -128 -128  127  127 -128 -128 -128 -128 -128   60 -128 -128 -102  127 -128  127  127  127  127  127  127 -128  127 -128  127  127  127 -128  127  127 -128  127 -128 -128  127  127 -128 -128  127  127 -128  127  127  127  127  127 -128  -79  127 -128 -128 -128  127 -128 -128  127   56  127 -128 -128 -122  127 -128 -128  127  127  127  127 -128 -128 -128 -128  127 -128 -128 -128 -128 -128   -5  127  127 -128  127  127 -128  127  127  127  -59 -128 -128 -128 -128  127 -128
-128 -128 -128 -128  127  127  127  127 -128  127   55  127 -128 -128 -128 -128 -128 -128 -128 -128 -128  127  -94 -128  127  127 -128  127  127 -128 -128 -128   13 -128  -11 -128  127  127  127 -128  127  -27 -128 -128 -128 -128 -128 -128 -128  127 -128 -128  127 -128 -128 -128 -128 -128 -128  127 -128 -128 -128 -128  127 -128  127 -128  127  127  -32  127  127  127 -128  127 -128  127  127  127  -98 -128 -128  127  127  127  127 -128  127  127  127  127  127  127  127 -128  127  127  127 -128  -70 -128 -128  127  127 -128  127 -128 -128 -128 -128  127  127 -128  127  127 -128 -128 -128 -128 -128  127 -128 -128  127  127  127  127 -128  127 -128  127  127 -128 -128  127 -128 -128 -128  127  127 -128 -128 -128
-128 -128 -128 -128  127   99 -128   62 -128  127  127  127   76  127 -128  127 -128  127  127 -128  127 -128  127  127  127 -128  -26 -128 -128 -128 -128  -10 -128   87 -128   39  127   64  127 -128  127 -128  127 -128  127  127  127 -128 -128  127  127  -98 -128 -128 -128 -128 -128  127 -128  127 -128 -128 -128  127 -128 -128 -128 -128  127  127 -128 -128  127 -128 -128 -128  127 -128  127  127  127 -128 -125  127  124  127   28  127  127 -128 -128 -128    1 -128 -128 -128  127 -128  127  127  127 -128   83  127 -128 -128  127 -128 -128  118 -128   -5  127  127   78  127 -128  127 -128  127 -128 -128  127 -128 -128  -79 -128 -128 -128 -128  127  127  127  127 -128  127 -128  127 -128  127  127   68 -128  127
  10  -24  127  -63 -128  127 -128 -128 -106   16  127 -128 -118 -128 -128 -128  127 -128  -11   48 -128  -71  127 -128 -125   53 -128 -128  -40  -64  -73   -2 -128 -110  -54 -128   91  111  -39  127 -128  -46   56 -128  -29 -128 -128  -43 -128 -128 -128 -128   -1 -128 -128 -128   -5   18   21 -128   41 -128  -60 -128  -22   50  127 -128  127 -106 -128  127 -128    9 -128 -113  -78  127 -128 -128  127 -127 -128 -128   50 -128   -5  127 -128 -128  127  127  127  127 -128   43 -128   39 -128 -128 -120 -128  127  127  127  127  -65  127   78  127  102 -128 -128 -128 -128 -128  127   76 -101 -128 -128   68  127  127  127 -128  127 -128 -128  127 -128  125 -128  127  127  127   22  127 -128  -34 -128  127    5  -24
-128 -128 -128  127  127  127  127 -128 -128 -128  127 -128 -128 -128 -128 -128 -128 -128 -128 -128 -128  127  -72 -128 -128  127 -128 -128    4  127   92 -128  127 -128  127 -128   69  127 -128 -128  127  101 -128 -128 -128 -128 -128 -128 -128  127 -128  -60 -128 -128 -128 -128 -128 -128 -128 -128  127   89 -128 -128  127  127  127  -33  127 -128 -128 -128 -128  127  127  127 -128  127 -128  127 -128 -128 -128  127  127  127  127 -128 -128  127  127  127  127  127  127  127 -128  127  127 -128 -128 -128 -128  127  127  127   76 -128 -128   61 -128  127 -128  127 -128 -128  127 -128 -128 -128 -128 -128  127  127  127  127 -128 -128  127  127 -128  127 -128 -128  127 -128 -128 -128 -128  127  127 -128 -128  127
-128  127  127   59 -128   74 -128  127 -128 -128  106  127 -128 -128  127   48  127 -128 -128 -128 -128  127 -128  127 -128 -128 -128 -128  127 -128  127 -128  127 -128 -128 -128  127  127  127 -128 -128 -128  127  127 -128 -128 -117  127  127  127  127 -128  127  -10 -128 -128  127  127  127  127 -128 -128  127 -128  127 -128  127  127 -128 -128 -128  127  127  127 -128  127 -128  127  127 -128  127   43 -128  127  127  127  127 -128  127 -128  127 -128 -128  127  127 -128 -128  127 -128 -128 -128  127  127  127  127 -128  127 -128  127 -128  127  127 -128 -128  127  127  127 -128  127 -128 -128  127 -128 -128 -128 -128 -128  127 -128  127 -128 -128 -128 -128  127  127  127 -128 -128 -128 -128 -128  127 -128
 127 -128 -128 -128 -128   -4 -128 -128  127 -128 -128 -128 -128  -83 -128 -128  -50 -128 -128  127 -128 -128    7 -128 -128  127  127  127  127  127  127  127 -128  127  127 -128 -128 -128 -128 -128 -128 -128 -128 -128  127  127 -128 -128 -128 -128 -128 -128 -128  127  127 -128  127 -128  127 -128 -128  127 -128 -128  127  -85 -128  127 -128 -128  127 -128 -128  127  127 -128  127 -128 -128  127 -128 -128  127 -128 -128   46 -128 -128  127  127 -128  127  127 -128  127  127 -128  127  127 -128  127 -128 -128 -128  127 -128 -128  127 -128  102 -128 -128 -128 -128 -128  127  127  127  127  127  127   61  127 -128 -128  127 -128  127  -17 -128  127 -128   11  127 -128 -128  127 -128 -128 -128 -128 -128   70 -128
 127 -128 -128 -128 -128 -128  127  127  127  104  127   24 -128  127  -79  127  127  127  127  127  127 -128  127  -82 -128 -128   -7 -128 -128  127 -128  127 -128 -128   34  127  127  -79 -128  127 -128 -128  127  127  127  127  127  127  127  127 -128  127  -27  127  127  127 -128  127 -128 -128 -128  127  127  127 -128 -128 -128  127 -128 -128 -128 -128  -44 -128 -128 -128  127 -128 -128  127  127  127  127  127 -128 -128 -128  127 -128 -128 -128 -128  127 -128 -128  127 -128 -128 -128  127  127  127 -128 -128 -128  127 -128 -128  127  127 -128  127   47  127  127 -128 -128  127 -128  127  127 -128 -128  127 -128 -128  127 -128  127 -128 -128  127  -72  127  127   42  127  127 -128  127  127  127  127  127
 127 -128  127  127  127 -128  127  127  127   61  127  127 -128  127 -128  127  127  127  127  127  127 -128  127  127   60 -128   77 -128 -128  127 -128 -128 -128 -128 -128  127  -87  127   44  127  127 -128  127  127  127  127  127  127  127  127  127  127 -128 -128  127  127 -128  127  127 -128 -128 -128  127  127 -128  127 -128  127 -128 -128 -128  127 -128 -128 -102  -82  127 -128 -128  127  127  126 -128 -128 -128 -113  127  127 -128 -128 -128 -128 -128 -128 -128 -119 -128 -128 -128  127  127 -128 -128 -128 -128  127 -128 -128  127  -98 -128  127  127 -128  127 -128 -128  127 -128  127 -128 -128 -128  127 -128 -128 -128 -128  127 -128  127 -128 -128 -128  127   13  127  127  -15  127 -128  127  127  127
 127  127 -128 -128 -128 -128 -128 -128  122  127  127  127   34 -128  127  127  127  127  127  127  127 -128 -128  127  -35 -128 -128 -128 -128 -128  127  127  127 -128 -128 -128  127  127  127  127 -128 -128  127  127 -128  127  127 -128  127 -128  127 -128 -128  127  127 -128 -128  127  127 -128 -128 -128  127  127 -128 -128  127   61 -128  127  127  127 -128 -128 -128  127  127  127  -44 -128 -128  127  127  127 -128 -128 -128  127  127 -128 -128 -128  127 -128 -128  127  127  127 -128 -128  -93  -97  127 -128  127 -128 -128 -128  127  127 -128  127 -128  127  -37 -128  127 -128 -128  127  127  127 -128 -128 -128    9 -128 -128  127  -98  127  127 -128  -80  127  127  127  127 -128 -128  127  -96  127 -128
-128 -128 -128  127  127  127   -5 -128 -128 -128 -128 -128 -128 -128 -128 -128 -128 -128 -128  127 -128  127 -128 -128  127  127 -128  127  127  127  -97 -128 -128 -128  127   97 -128 -128 -128 -128  127   52 -128 -128 -128 -128 -128 -128  127  127 -128 -128 -128 -128 -128 -128 -128 -128 -128 -128  127   48 -128 -128  127  127  127  127  127 -128   74 -128 -128  127  127  127 -128 -128 -128  127 -128 -128 -128 -128 -128  127  127 -128 -128  127  127  127  127  127  127  127 -128 -128  127 -128 -128 -128  127  127 -128 -128  127  127 -128 -128 -128  127  127  127 -128 -128  127 -128  127  127 -128 -128  127  127  127  127   27  127  127  127 -128  127 -128  -37 -128 -128 -128 -128  127  127 -128 -128 -128  127
 127  127  127   19  127  127  127  127  127 -128 -128 -128  127  127 -128 -128 -128  127  127  127  127 -128 -128 -128  127  -24  127 -128 -128  127 -128 -128  -11  127  127  127 -128 -128 -128  127  127 -128 -128 -128 -128  127  -58  127  127 -128  127  127  127  127  127  127 -128 -128 -128 -128  127  127  127  127   23 -128  127 -128 -128  127 -128 -128 -128 -128 -128  127 -128  127  -78 -128 -128 -128   90  127 -128 -128  127  127 -115  127 -128  101  127 -128  127  127  127 -128 -128  127  127  127  127 -128 -118  127  127  127  127  127 -128 -128  127  127 -128 -128  127  127  127  127 -128 -128 -128  127  127  127 -128 -128 -128 -128 -128  127  127 -128 -128 -128 -128   64  127  -13 -128 -128  -54  127
 127  127  127 -128 -128  127   -2  127  127 -128 -128 -128 -128 -128  115 -128  127  127  127  127  127 -128 -128 -128 -128  127  127  127  127 -128  127  127  127 -128 -128 -128 -128 -128 -128 -128 -128  127 -128  127 -128  127  127   10 -128 -128 -128 -128  127  127  127  127  127 -128  127 -128 -109  127  127  127  127 -128  -70  127 -128  127  127  127  117  127 -128  127 -128  127  127 -128  100 -128  127  127 -128 -128 -128   62  127 -128 -128  127  127  127  127 -128  127  127 -128 -128  127  127 -128 -128   -9 -128  127  127  127  127  127 -128 -128 -128 -124  127  127  127  127  127  127  127 -128 -128  127 -128  127  127 -128  127  127 -128 -128 -128 -128 -128 -128 -128 -128 -128 -128 -128  127 -128
-128 -128  127 -128 -128  127  127  127 -128 -128  -83  127 -128 -128  127  127 -128 -126   36 -128 -128 -128  100  127  127  -38 -128  127  127 -128 -128   33 -128   37 -128 -128 -128 -128  127 -128 -128  127  127  127  127 -128 -128  127 -128 -128  127  127  127 -128 -128 -128  127 -128  -61  127  -70 -128 -128   60  127  126 -128  127 -128  127  127  127  127  127  127  127 -128  127  127 -128  127 -128  127 -128  127  127  127  127  127 -128  127 -128 -128  127 -128 -128  127 -128  127  127  127  127 -128 -128 -128  127  127 -128 -128 -128  127 -128  127 -128  127  127 -128  127  127 -128 -128  127 -128 -128 -128  127  127  127 -128 -128  127 -128 -128 -128  127 -128   39  127 -128  127 -128  127  127 -128
-128  -54  127 -128 -128  127 -128  127  127 -128 -128  127 -128   -8  127 -128 -128 -128  127 -128  -60  127 -126 -128    1   93  127  127  127  127 -128 -128 -128 -128 -128   -3 -128 -128 -128 -128  127  127 -128  127  127 -128 -128  127  101 -128  127 -128  127  127 -128  127  127 -128   23  127 -128  127   73  127  127  127  127  127  127 -128 -128 -128  127  127  127  -49 -128 -128  127 -128  127  127 -128 -128 -116  127 -128  127  127 -128  127  127 -128  127  127 -128   91 -128 -128  127 -128  -97 -128  127 -128 -128  127  -41 -128 -128  127 -115  127 -128  127  127 -128 -128  127 -128 -128  127 -128 -128  127   16  127  127  127  127 -128 -128 -128  127 -128 -128 -128 -128 -128  127 -128 -128  127  127
-128  127  127  127 -128 -128 -128  127 -128 -128 -128  127 -128  127  127  127  127  127  127 -128 -128 -128  127  127  -69 -128 -128  127  127 -128 -128 -128 -128 -128 -128 -128 -128 -128  127 -128  127 -128  127  127  127 -128 -128  127  -99  127  127  127  127  -22  127  127  127   40  127  127  113  127 -128  117 -128  127  127  127 -128 -128 -128  127 -128  127  127  127 -128 -128  127  127  127 -128  127 -128  127  127  -59  127 -128 -128  127 -128 -128  127 -128 -128 -128 -128 -128  127 -128 -128 -128  127  127  127 -128 -128 -128 -128  127  127  127 -128  127  -85 -128  127  127 -128 -128  127   70  127 -128 -128  -62  127 -128 -128  127 -128 -128 -128  127 -128 -128 -128 -128 -111 -128  127  127  127
-128  -65  127 -128 -128 -128   49 -128 -128 -128 -128  127   49 -128  -43  109  127  127 -128 -109  127 -128 -128  127  127 -128  127 -128  127 -128 -128  127  111   79  127  -91   56 -128  127 -128  127  127 -128   28 -128 -128 -128 -128  127 -128   65  108 -128 -128  127 -128  127 -128 -128 -128 -128 -128  -50  127  127 -128   50    6  127 -128 -128 -128  -46 -114 -128  115   50 -128 -128  127  -88 -128 -128  127   77 -128 -128  106 -128 -128 -128  -99  127  127  127   58   19 -128  127  127 -128  127  127  108 -128  127 -128 -128 -128 -128  127  -17 -128 -128 -128 -128  -31 -128 -128  -18  127  108 -125   24  -38  -91  127 -128  127  127 -128  127  -21 -128  127  -73  127 -128 -128   25 -128  127  -91  -79
 101  127  127 -128 -128 -128 -128  127  127   43 -128 -128  -60 -128 -128  127 -128  127  127 -128 -128  127 -128   89 -128  127  -20 -128 -128  127 -103 -128   46 -128 -128 -128 -128 -128   27  -71  127  127 -128 -128   70    6    0 -128 -128 -128 -128  117 -128  127  108  127 -128 -128  127 -128 -128 -128 -128 -119  -91 -128 -128  -10  127   21 -128 -128 -128 -128 -128 -128  127 -128 -128  -81 -128  127 -128  127  127   93  127  127  127 -128  114 -128 -128 -128  127  127  127 -123 -128 -128  127  -97  -73   94   81 -128  127 -128  127  127 -128  127 -128 -128 -128  -47  127 -128  -72  127 -128  127 -128 -128 -128  -32 -128 -128  127 -128 -128 -128 -128  -33 -128 -128 -128   36   52  121 -106  127 -128 -128
 127  127   91  127   37 -128  127  127  127  127   22 -128  127  -15 -128  127  127  127  127  127  127 -128 -128 -128  127  -55  127 -128 -128 -128 -128  127  127  127 -128 -128 -128  127 -128  127 -128 -128 -128 -128  127  127  127  127  127 -128 -128  127  127  127  127  127 -128  127  127 -128  127  127  127  127 -128 -128  127 -128   47  127  127 -128  127 -128 -128 -109  127  127 -128 -128 -128 -128 -128  127 -128 -128 -128  127  127  127 -128 -128  127 -128 -128  127  127 -128 -128  127  127  127  127 -128 -128  127  127  127  127  127 -128 -128 -128   71 -128   64  127  127 -128  127  127 -128 -128  127  127 -128 -128 -128 -128 -128 -128  127  127   92 -128  127 -128    6  127 -128 -128  127 -121  127
-128  127  127  127  127 -128  102 -128 -128  127  127  127 -128 -128  127  127  127 -128 -128 -128 -128  127  127  127 -128 -128 -128 -128 -128 -128 -128 -128  127 -128  127  127  127  127  127 -128 -128  127  127  127 -128 -128  127  127   26  127 -128  127    3 -128 -128  127  127 -128  -79  127 -128 -128 -128 -128  127  127  127 -128 -128 -128 -128  127 -128  127  127  127 -128 -128 -128  127  127 -128  127 -128  127  127  127 -128 -128 -128  127 -128 -128  127 -128 -128 -128  127  127 -128 -128 -128 -128  127 -128  127 -128 -128 -128  127  127  127  127 -128  127 -128  127 -127 -128 -128 -128  127 -128  127 -128  127 -128 -128 -128  127  127 -128 -128 -128  127  127  127 -128 -128  -37  127  127 -128  127
 127  127 -128  127  -42 -128 -128 -128 -128  127  127 -128  127  103  127  127  127 -128 -128 -128 -128   26  -16  127 -128 -128 -128 -128 -128 -128  127  127  127 -128  127 -128  127  127  127  127 -128    4  127 -128 -128  127  127 -128  127  127  127 -128 -128 -128 -128 -128 -128  127 -128  127 -128 -128 -128 -128 -128  123  127 -128 -128 -110  127 -128 -128 -128  127 -128  127  127 -128  127 -128  127  127  -71   45 -128   94 -128 -128 -128 -128 -128 -128 -128 -128  127    8  127  127 -128 -128 -128  127 -128 -128  127 -128 -128  127  127   83  127 -128  127 -128 -128  127 -128 -128 -128  127 -128  127  127  127  127 -128 -128  127 -128 -128  127  127  127 -128  127  127  -52   69 -128  127  127 -128 -128
 127  127 -128 -128 -128  127  127  127  127 -123  127 -128  127  127 -128   98 -128  127  127  127  127 -128 -128 -128  127 -128  127 -128 -128 -128 -128  127  127  127 -128  127  -11  -63 -128  127  127 -128 -128 -128  127  127  127 -128  127  127  127  127  127  127  127  127 -128  127 -128 -128  127  127  127  127 -128 -128 -128 -128 -128  127  127 -128 -115 -128 -128 -128  127  127 -128 -128   45 -128  127  127 -128 -128 -128  127 -128  127 -128 -128  127 -128 -128  127  127 -128 -128  127  127  127  127 -128 -128  127   86  127  127  127 -128 -128 -128  127 -128  127  127  127 -128  127  127 -128 -128  127  127 -128 -128 -128 -128 -128 -128  127  127  127 -128 -128 -101 -128  127 -128  -65  127 -128  127
 127  127 -128  127 -128 -128 -128 -128 -128  127 -128 -128  127  127  -68 -128  127 -128  127  127 -128 -128 -128  127 -128  -54 -128 -128   75  127  127  127  127  127  127 -128  127  127  127  127 -128 -128 -128 -128 -128  127 -128 -128  127 -128 -108 -128 -128 -128 -128 -128 -128  127  127 -128 -128 -128 -128 -128 -128  127 -128  127  127 -128  127 -128  127 -114  127 -128  127  127 -128   -5 -128  127  127 -128 -128 -128  127 -128   96  -68 -128  127  127 -128  127  127  127  127  127  127  127 -128  127 -128 -128 -128 -128 -120  127  127 -128 -128 -128  127 -128   78  127  127  -47  127  127  127  127  -61  127   -9  127 -128  127  127  127  127  127  127 -128  127  127 -128  127 -128  127  -65 -128 -128
  12 -128  127 -128  127    0 -128  -19  127 -121  127 -128   49  127 -128  127 -128 -128  -51 -128  120   24 -128 -128  127   83 -128   60 -128  104 -108 -128  127  127 -128 -128 -128  127 -128  127  -71  120 -128 -128 -128    7  100 -128 -128  127  127 -128 -128  127  -39 -128  127   18  127 -128 -128 -128 -128  127  127 -128   -6 -128  -32 -128 -128 -128  -54 -128   81  -57 -128  127   14 -128  -11   67  127 -117  127 -127   52  127  -97 -128 -128   85 -128  109 -101 -118 -116 -128 -128   90  127 -128 -128 -128  127 -128  -95  127  127 -128  127  127 -128 -128  127 -128 -128 -117 -128  127 -128  127 -128 -128   42 -128 -128 -128  -49 -128 -128 -128 -128  127  -45 -128   23 -128  127 -128 -128  127 -128  127
 -57 -128 -128 -128  127 -128  127  127  127  -99 -128 -128 -128  -52  127 -128 -128 -128 -128   -5  127  -67 -128 -128  -75 -128  127 -128 -128  127 -128 -128 -128 -106  127  127  115  127  -55  127 -101 -128  127 -128 -128  127  -50 -128  -38 -128 -128  127 -128   64   62 -128 -128 -128  105 -128  -94 -128 -128  127 -128  -56 -128 -128 -128   32 -128 -128  127  127  127 -128 -128  127  -98  -96  -26  127  127  127 -128 -128 -128   76 -128  127 -128 -128  127   57 -128  -64 -128  -38 -128 -128 -128  127  127  127 -128 -128 -128  -79  -56  127 -128  127 -128   12 -128 -128 -128  -95  -11 -128 -128  127  127 -128   84 -128 -123 -128  127 -128  127 -128 -128   92  127   -1  -72  -81 -128  127 -128 -128 -128 -128
-128 -128  127 -128 -128  127  -24  127 -128 -128 -128   -6 -128  127 -128  127 -128  127 -128  127  127 -128  127 -128  127 -128 -128  127  127  127 -128  127 -128  127 -128 -128 -128 -128  127 -128 -128    8  127 -128  127 -128 -128  127 -128 -128  127  127   49 -128 -128 -128  127 -128  127  127 -128 -125 -128  -29 -128  127 -128  127  -77  127  127 -128 -128  127  127 -128  127 -128 -128  127 -128 -128  127 -128  127  127 -128  127 -128 -128 -128  127 -128 -128  127 -128  127 -128  127 -128  127 -128 -128 -128  127  127  127  127 -128 -128  127 -128 -122 -128  127  127 -128  127  127 -128 -128  127  127 -128 -128   86  127  127 -128 -128  127 -128 -128  127 -128 -128 -128  127  127  127 -128  127  -34  -82
 127 -128  125  127 -128  127  127 -128 -128   87  -32  127 -128  117 -128 -128 -128 -128  127 -128 -128  127 -128  -69  127 -128 -128  127   12  127 -128 -128 -128 -128  127 -128 -128  119 -116 -128 -128  106  127 -128  127   49  127 -128 -128 -128 -128   74  -23 -128   32  -41  -78 -128  -53  127 -128  127 -128  127  -17  127  127 -118 -128 -128   82  -89 -128  127   -3  -48  127 -121 -128 -128 -128 -128 -128  -23 -128  127  -56 -128 -128 -128 -128   70 -128 -128 -128 -128  127   60  127  127   52 -128 -128 -115 -128 -128 -128    6   72   39 -128 -128 -128  127  127  127  -16 -128  105 -128  127 -120 -128 -128 -128 -128 -116  127   -8   23 -128  -54   45  127 -128  127 -123 -128  127 -128 -128  127  127    3
-128  -11 -128  127  127  127  127 -128 -128 -128  127 -128 -128  127  127 -128 -128 -128 -128 -128 -128  127  127  -21 -128  127 -128 -128 -128 -128 -128  -85  127 -128  127 -128   99  127   61 -128  127  127 -128 -128 -128 -128  127 -128  -42  127 -128  127 -128 -128 -128 -128 -128 -128 -128 -128 -128 -128 -128 -128 -128 -128  127  127 -128  -85  127 -128 -128 -128 -128 -128   57  127 -128  127 -128 -128 -128  127  127  -21  127 -128 -128  127 -128 -128 -128  127  127  127   95  127  127 -128 -128 -128 -128  127 -128  127 -128 -128  127  127 -128  127 -128  127 -128 -128  127 -128 -128 -128 -128 -128  127  127  127  127 -128 -128   -7  127 -128  127  -36  127 -128 -128   -2 -128 -128  127  127  127 -128 -128
-128 -128 -110 -128   -9  127 -128 -128 -128 -128 -128 -128  127 -128  126 -128 -128 -128  127  127 -128 -128  127 -128  127 -128 -128   80 -128  127 -128  101 -128 -128 -128  -96 -128 -128   79 -128  111  127  127 -128   15  127  -95  127  127  -62 -128 -128   55 -128  127 -128  127  127 -128  -87 -128 -128   10  127 -128 -128  127 -128 -128   94 -128  127 -128  127 -128 -128 -128 -128 -128 -128  -64 -128 -128 -128 -128   -8 -128   82 -128 -128  127  127  -67 -128  -60  127 -121 -128  127  -38    4  127  127 -128 -128  127 -128 -112  127 -128  -45    1 -128  127 -128  127 -128  125 -128  127  127  113 -128  -29  127  127 -128  127 -128   -5 -128 -128 -128 -128  127  -49 -128 -128  127 -128 -128  -48 -128  127
 127  127  127  127 -128 -128  127 -128  127 -128 -128 -128  127   50 -128  127   15  127  127  127  127 -128  127 -128  -58 -128  127  127  127  127 -128  127 -128  127 -128  127 -128 -128 -128  127 -128 -128  127  127  127  127 -128 -128  127 -128 -128  127   26  127  127  127 -128  127  127 -128  127  127  127  127 -128  127 -128  127 -128  127  127  127 -128  127 -128 -128  127 -128 -128  127  127 -128  127 -128 -128 -128   97  127  -44 -128 -128 -128  127 -128 -128  127 -128 -128 -128  127  127  127  -90 -128  127  127 -128  127  127 -128 -128 -128 -128  127 -125  -12  127  127  127  127  127 -128  121  127 -128 -128   39  -35 -128 -128  127 -128   14  127 -106 -128  127  127  127 -128 -128  127  127  127
 127  127   36 -128 -128 -128  127  127  127 -128  127 -128  127  127 -128  127 -128  127  127  127  127 -128 -128 -128  127 -128  127 -128 -128 -128 -128 -128  127  127 -128  127 -128 -128  127  127  127   -3  127 -128  127  127  127  127  127 -128  127  127  127  127  127  127 -128  127 -128 -128  127  127  127  127 -128 -128 -128 -128 -128  127  127 -128  127 -128 -128 -128  127 -128 -128 -128  127 -128  127  127 -128 -128  -66  127 -128  127 -128 -128  127 -128 -128  127  127 -128 -128  127  127  127 -100 -128 -128  127 -128  127  127  127 -128 -128 -128  127 -128 -128  127  127 -128  127  127 -128 -128  127  127 -128 -128 -128 -128 -128 -128  127  127 -128 -128 -128 -128  127  127 -128 -128  127  108  127
 127  127  127 -128 -128  127 -128  127  127 -128 -128 -128 -128 -128  127 -128 -128 -128  127  -75 -128  127 -128 -128 -128  127  127  127  127  127  127 -128 -128  127 -128 -128 -128 -128 -128 -128  127  127 -128  127   89 -128 -128  127 -128 -128  127 -128  127  127 -128  127  127 -128  127  127   28  127  127  127  127  127  127  127  -41 -128  127  127   86  127  127  127 -128  127  -20 -128   -8   89 -128 -128  127 -128 -128 -128  127 -128  127  127   14  127  127 -128  -19 -128 -128 -128 -128  127 -128 -128  127 -128  127  127 -128 -128  127 -128 -128 -128  127  127  127  127  127  127  127   78 -128 -128  127 -128  127  127  127  127  127 -128 -128   31 -128 -128 -128 -128 -128 -128 -128 -128  127 -128
 127  127 -128 -128 -128  127  127 -128  127   16 -128 -128  127  127  127 -128  127  127  -83  127  127 -128 -128 -128  127  127  127 -128 -128 -128  127  127  127  127  127 -128  127  127 -128  127 -128  127 -128 -128 -128  127  127 -128  127 -128  127 -119 -128  127  127  127 -128  127  127 -128  127  127  127 -128 -128 -128  127 -128 -128  127  127 -128    2 -128 -128  127  127  127 -128 -128 -128  127  127  127 -128 -128 -128  127  127  127 -128 -128  127  -90 -128  127  127  127 -128 -128  127  127  127 -128  127 -128 -128  127  127  127 -128 -128 -128  127 -128 -128  127  -33 -128  127  127   47 -128  127  127    0 -128 -128 -128  127 -128  127  127    4 -128  127   89   50  104 -128  -79  -97 -128 -128


FC2 Layer Weights:
Shape: (64, 128)
Range: [-128, 127]
Weights:
 127 -128 -128  127  127  127 -128 -128  127  127  127 -128  127  127  127  127  127  -49 -128 -120  127  127  127  127  127  127 -128  127  127 -128  101 -104   63  127 -128  127  127  127  127  127  127  -45  123 -128 -128  -22 -128  127 -128  127  127  127 -128 -128 -128  127  -95 -128 -128 -128  127  127 -128  127 -128  127  127 -128  127  127  127  127  127 -128  127   -4 -128 -128 -128 -128  127  127  127 -128 -128   45  115 -128 -128 -128 -128 -128 -128 -128  127 -128 -128 -128  127  127 -128  127  127 -128 -128  127  127  127 -128  127 -128   44 -128  127 -128 -128  127  127  127  116 -128 -128 -128 -128  127  127  127  127
 -69   94  127 -128 -128 -128 -128   10 -128  127 -128  127 -128 -128  127  127 -128  124  127  127 -101  127 -128  127 -128 -128 -128  127 -128 -128 -128 -128  127 -128 -128 -128 -128  127  127  127 -128  127  -41  127 -128  127 -128   17 -128  127 -128  -17  127 -128  -81 -128 -128   96 -128  127 -128 -128  127  127 -128 -128  127  127 -128 -128   89 -128 -128   -7 -128  127    5 -128 -128 -128  127   77 -128 -128  127  127   37  127 -128 -128 -128 -128  127 -128  127  127  127  127  127 -128  127  127 -128 -128 -128 -128 -128 -128  127  -72 -128  127 -128 -128 -128 -128 -128  127   20 -128  127 -128 -128  127  127 -128 -128 -128
 127  127  127 -128 -128  127 -128 -128 -119  127 -128  127 -128 -128  127   51 -128  -64  127  -72 -128  127 -128  127  127  -56  127  127 -128 -128 -128 -128  127 -128  127  127  127  127  127  127 -128  127  127  127 -128  127  127  127 -128  127 -128  127  127 -128 -128 -128  127  127 -128  127  127 -128  127  127  127  127  127  127 -128  127  127  127 -128  127  127  127   91  127 -128   43  127 -128 -128   24  127 -108 -128 -122 -128 -128 -128 -128   59 -128  127  127  127 -128 -128 -128  127  127 -128 -128 -128 -128 -128  127  127  127  127   97  127 -128 -128 -128 -128  127  -43 -108  127 -128 -128 -128  127 -128  127 -128
 127  127  127   83 -128  127 -128 -128  127  127  127  127 -128 -128  127  127  127  127  127  127 -119 -128 -128 -128  127 -128  127 -128 -128  127  -23 -128  127  127  127  127  127 -128  127 -128 -128  127  127  127  127  127  127 -128  127 -128 -128 -128  127 -128 -128  127 -128  127 -128   96  127 -128  127  127  -60 -128 -128  127  127  127  127  127 -128  127  127  127  127  127  127 -128  127  127  127  127  127   93  127 -102 -128  127 -128 -128 -128 -128 -128 -128 -128  127 -128 -128  127 -128  127  127  127 -128  127  127  127  127  127 -128 -128 -128 -128 -128  123 -128  127  127  127  127 -128  127  127  127  127 -128
 127 -128  -27 -128  102  127 -128 -128  127  127  127  127 -128 -128  127 -119 -128  127  127  127   70  127  127  127  127  127 -128 -128  127 -128  127 -128  127  127 -128 -128 -128 -128  127 -128 -128  127  127  127 -128  127 -128 -128  -96 -128  127 -128  127 -128 -128  127 -128 -128 -128  127  127  127  127  127  127  127 -128 -128   45  -95  127  127  127  127  127  127  127   29  127 -128  127  127  127 -128  127  127  127   58 -128 -128 -128 -128 -128 -128 -128  127  127 -128   -4 -128  127 -128 -128 -128  127  127  127  127  127  127 -128  127  127  127 -128 -128  127 -128  127  127 -128  127 -128  -14 -128  127  127  127
-128 -128 -128 -128  127 -128  127  127  110 -128  127 -128  127  127 -128   65 -128 -128 -128  127  127  127  127  127 -128  127 -128 -128  127 -128  127  127 -128  -32 -128  127 -128 -128 -128 -128  127  127  127 -128  -93  127 -128  127  127  127  127  127 -128  127  127  127   19 -128  127  -58 -128  127 -128 -128  127 -128 -128 -128 -128 -128 -128 -128  127 -128 -128 -128 -128 -128  127  127 -128  127  -72 -128 -128  -54  127  127  127 -128  127  127   38  127   62  127  127 -128 -128  127 -128 -128 -128 -128  -38  127  127 -128 -128 -128 -128   79 -128  127  127  127 -128  127 -128  127 -128 -128  127 -128 -128 -128 -128  127
 127  127  127  127 -128 -128  127 -128 -128 -128 -128 -128 -128  127  127  -54  127  127 -128  127  -32  127 -128 -128 -128 -128 -128  127 -128  127  127  127  127  127  127  127  127 -128  127 -128    6  127 -128 -128 -128 -128  127  127 -128 -128 -128  127 -128  127   89 -128 -128   68 -128  127 -128 -128 -128  127  127 -128 -128 -128  127 -128  -20 -128 -128  127 -128 -128  127  127 -128 -128  127 -128  127  127 -128  127  127  127 -128  127  127  127  127 -102 -128 -128 -128  127  -40 -128 -128 -128  127  127  127 -128  127 -128  127  107 -128  -15 -128  127 -128  127  127  127  127 -128  127  127 -128  127  127  127 -128  127
 127 -128  127 -128  127 -128  127 -128 -128   27  127  127  127  127  127 -128 -128  127  127  127  127  127 -128  127 -128  -10 -128 -128  127 -128  127  127  127  127 -121 -128 -128 -128  127 -128  127  127  127  127 -128  127 -128 -128 -118 -128  127  -19  127 -128  127   63  -16  -41 -128  127 -128  127  127  127   69 -128 -128 -128  127  127  127 -128  127  127 -128 -128 -128  -67 -128  -16  127 -128  127 -128  127  127  127  -43 -128 -128  127  127 -128 -128 -128  127  127  127 -128  127  127 -128 -128 -128  127 -128  127 -128   75  -64 -128  127  127  127 -128  127  127  127  102  127 -128  127  127 -128 -128  127 -128  127
-128 -128 -128 -128  127 -128  127  127  127 -103  127  127  127  127   22  127 -128 -128  127  127  127  127  127  127 -128  127  -82 -128  127 -128  127  127 -128 -128  127  -62 -128 -128 -128 -128  127   44  122  127  127  127 -128  127  127  127  127  127  127  127  127  127   37 -128  127  127 -128 -128  127  -43  -58 -128 -128 -128 -128  127  127 -128  127 -128 -128  127 -128 -128  127  127  127  127 -128 -128  127 -128  127 -123  127 -128  127  127 -128  127 -128  127  127 -128 -111  127  127  127 -128 -128  127  127  -90  127 -128 -128 -128 -128  127  114  127  127 -128  127   -2 -128 -128  -64  127  -18 -128 -128 -128  127
-128  127  -56 -128  127 -128  127  127 -128 -128  127  127   51  127  127   10  127 -128  127 -128 -128 -128 -128 -128 -128 -128  127 -128   56  127  127  127 -128  127  127  127  127 -128 -128 -128  127 -128 -128  127  127   -4  127  127  127  127 -128  127  127  127  127 -128  127 -105  127  127 -128 -128  127 -128  -12 -128 -128  127  127 -128  127 -128 -128 -128 -128  127 -128  127  127  127 -128  127 -128  127  127 -128  127  127  127  127  127  127  127  127 -128  127  117 -128 -128  127  127 -128  127  127  127 -128 -128 -128  -53 -128  127  127 -128 -128  127  127 -128 -123 -128 -128 -128  127  127 -128 -128 -128 -128  -17
-128  127  127  127 -128 -128  127   27 -128  127  127  127 -128 -128  127  127  127  -86  127 -128   62 -128 -128 -128 -128 -128  127 -128 -128  127   97 -128 -128  127  127  127  127 -128 -128 -128 -128 -128   -7  127  127 -128  127 -128  127 -128  127 -128  127  127 -128 -128  127 -128 -128 -128 -128 -128  127 -128 -128 -128 -128  127 -128 -128 -128 -128  127  127 -128  127   44  127  127  127 -128 -128  127  127  127 -128  127 -128 -128  127 -128 -128 -128  127 -128  127 -128 -128   76 -128  127 -128  127  127  127 -128  127  127  127 -128  127  127  -82  127  127 -128  127 -128 -128  127  127 -128 -128   49  127  127 -128 -128
 -74 -128 -128  127  127  127  127 -128  127  127  127  127  127 -128  -71   20 -128  127  127  127 -128 -128  127  127  127  127  115 -128  127 -128  127 -128 -128  127 -128 -128 -128 -128 -128 -128 -119   34  127  127  127 -128 -128 -128  127 -128  127 -128  127 -128 -128  127 -128 -128  127 -128  127  127  127   99  127  127 -128  127  127  127   46 -128  127 -128  127  127  -64 -128  127  127  127  -90  127 -128  127 -128  127  127  127 -128 -128 -128 -128  127 -128  127  127 -128  127  127  127 -128 -128 -128  112  127  127  127 -128 -128 -128 -128 -128  127  127 -128  127 -128  127  127 -128 -128  127  127 -128  127  127  127
-128 -128 -128 -128  127  127 -128 -128  127  127  127  127   85 -128  127  127 -128 -128  127  -31 -128 -128  127  127  127  127  127 -128  127  127 -128 -128 -128 -128  127  127  127 -128 -128 -128   51    1  127  127  127  127  127 -128  127  127  127 -128  127 -128  -35  127  127  127  127 -128  127  127  127  -24 -128  127 -128  127 -128  127 -128  127  127 -128  127  127  127  -23  127  127  -40  127 -128  127  127 -128   85 -128  127 -128 -128 -128 -128  127 -128  127  127 -128 -128  127  127 -128 -128 -128 -128  127 -128  127  127  127  127 -128 -128 -120  127  -27 -128 -128 -128  127  127 -128  127  127 -128 -128  127 -128
 127  127  -96 -128  127  127 -128 -128  127 -128 -128 -128  127  127   29  105 -128 -128 -128  127 -128   57 -128  127  127  108  127 -128  127 -128 -128  127  127 -128  127  127  127 -128  127 -128  127  127  127 -128  127  127 -128  -99  127 -128 -128  127 -128 -128  127  127 -128  127  127 -128  127 -128 -128  127  127  127 -128  127  127  127 -128  127  -41   59  127 -128  127  127 -128  127 -128  124 -128 -128 -128   82 -128  127  127 -128  127  127 -128   -4 -128 -128  127  127  -46  127  127 -128 -128 -128 -128    0 -128 -128  127  127  127  127 -128 -128  127  127 -128  127 -128 -128  127   42  127 -128 -128 -128  127  127
-128 -128  127 -128  127 -128  127  127 -128 -128 -128  127  127  127 -128 -128 -128  127 -128  127   -3  127  127  127 -128  127 -128  127  127 -128 -128  127  127 -128 -128 -128 -128  127  127  127  127  127  127 -128 -128  127 -128  127 -128  127  127  127 -128 -128  127 -128  127  127  127  127 -128  127 -128  127 -109   25  127  127 -128  127 -128 -128  127 -128 -128 -128  127 -128 -128   44  -93 -128 -128 -128 -128  127 -128  118  127 -128  127  127  127 -117  127 -128  127  127 -128  127 -128  127 -128 -128 -128  127 -128 -128   64  -98 -128  127  127 -128 -128  127 -128  127  127 -128  127  127  127  127 -128 -128 -128 -128
 127  127  127  127 -128 -128  127  -91 -128 -128 -128  127  -28  127  -43  127   20  127 -128  127 -128  127 -128 -128 -128 -128 -128 -111 -128   27  127  127  127  127 -128 -128 -128 -128  127 -128  127  127 -128 -128 -128  -47 -117 -128 -128 -128 -128 -128 -128  127  127 -128 -128 -128 -128  127 -128 -128 -128  127 -126 -128 -128 -128   -4 -128 -128 -128 -128  127 -128 -128 -128  127   -2 -128  127 -128  127 -128 -128  127  127   75 -128  127  127  127  127  127 -128 -128 -128  127  127 -128 -128 -128  127  127  127 -128  127 -128  127  127 -128 -127  127  127 -128  127  127  127  127 -128 -128  126 -128  127 -128  127 -128  127
 127 -128 -128  127 -128  127 -128 -128  127  127 -128 -128 -128 -128  112  127  127  127 -128 -128  127  127  127 -128  127  127 -128  127 -128 -128   91 -128  127   62 -128 -128  127  127  127  127 -128 -128 -128 -128 -128 -128 -128  127 -128  127 -128  127 -128 -128 -128   86  101 -128 -128 -128  127  127 -128 -128  127  127  127 -128  127 -128  127  127 -128  127  127  127 -128 -128 -128 -128  127 -128  127 -128 -128  -55  127  -99 -128 -128 -128 -128 -108 -128  127 -128 -128 -128  127 -128 -128  127  127 -128 -128  127  127  127 -128  -48 -128  127  -66  127 -128 -128  127  127  127  127  127 -128 -128  120  127  127  127  127
-128 -128  127  127 -128 -128  127  127 -128  127  127  127  127  127  127  127  127  127  127 -128 -111  127 -128 -128 -128  127 -128  127 -128  127  127  127 -128  127 -128 -128  127  127 -111  127  127 -128  -71  127 -128 -128  127  127  -62  127 -128  127  127  127 -128 -128 -128 -128 -128  127 -128  127  127 -128  -76 -128  127 -128 -128 -128  127 -128 -128  127 -128  127  127 -128  -55 -128  127  -45  127 -128  127  127  127  127 -128  127  127  127   82  127  127  127 -128  127  127 -128 -128  127  127  127  127 -128  127  127  -23 -128 -128  127 -128  127 -128  127  127  127  127 -128 -128  127 -128  127  127  127 -128  127
-128 -128  127  127 -128 -128  127  127 -128  127 -106  127  127  127  127 -128  127  127 -128 -128  127  127 -128 -128 -128  127 -128  127 -128  127  127  127  127  127 -128 -128  127  127   32  127  127 -128  127 -128 -128 -128  127  127 -128  127 -128  127  127  127 -128 -128 -128 -128 -128 -128 -128  127 -128 -128 -128  127  127 -128 -106 -128 -128 -128  127  127 -128 -128 -128 -128  -15 -128  127   94  127 -128 -128  127  127  127 -128  127  127  127  127  127  127 -128 -128  127 -128 -128 -128  127  127  127  127 -128  127  127 -128 -128 -128  127 -128  127 -128  127  127  127 -128 -105 -128  -81   31    9  127  127 -128  127
 127  127  127 -128 -128  127 -128 -128  127  127 -128  127 -128 -128  127  127 -128  127  127  127  -70 -128 -128  127  127 -128  127  127 -128 -128 -128   -2   23 -128  127  127  127 -128  127 -128 -128  127 -128  127  127  127  127 -128  127 -128 -128 -128   39 -128 -128  127  -15  127 -128  127  127 -128  127  127 -128 -106 -128  127  127  127  -32  127 -128  127  127  127 -128  127 -128  127  127 -128 -128  127  127  -55 -128  127 -128 -128 -128 -128 -128 -128 -128  127  127 -128   32 -128  127 -128 -128 -128 -128 -128 -128  -59  127  127  127    5  127 -128  127 -128 -128 -128  127  127  127 -128 -128  127 -128 -128  127 -128
 127 -128 -128  127  127  127  127 -128  127  127   17 -128  127  127  122 -128   37  127 -128 -128 -128  127  127  127  127  127 -128  127  127 -128  127  127 -128  127 -128 -128  127  127  127  127  127 -128  127 -128 -128 -128 -128  127 -128  127  127  127 -128 -128 -128  127  127 -128 -128 -128  127  127 -128   72  127  127  127 -128  127 -128  127 -128  127 -128  127  -76   64 -128 -128 -128  127 -128  127 -128 -128  127   81  127 -128 -128  127    4 -128 -128  127 -128 -128 -128  127  127 -128  127  127 -128  127  127  127  127 -128  127 -128  102  127  127 -128 -128  127  127 -128 -128 -128  127  127 -128  127  127  127  127
 127 -128 -128 -128  127 -128  127 -128 -128 -128  127  -85  127  127 -128 -120 -128  127 -128  127  127  127  127  127 -128  101 -128 -128  127 -128  127  127  127 -128 -128 -128 -128 -128  127 -128  127  127 -128 -128 -128  127 -128 -128  127 -128  127   34 -128 -128  127  -51   47  127  127  127 -128  127 -128  127    7 -128 -128  127  -82 -128 -128 -128  127  127 -128 -128 -128 -128  127  106 -119 -128  127 -128 -128  127  127   95  127 -128  127  127   27   98 -128  127  127  127  127  127 -128 -128 -128 -128 -128  127  127 -128 -128   -6 -128 -128 -128   94   26  127  127  127 -128 -128 -128    0  127   54 -128 -128 -128  127
 127  127  127  127 -128  127  127 -128  127  127  127  127 -128 -128   54  127  127 -128  127 -128  127 -128 -128 -128  127  127  127 -128 -128  127  127 -128 -128  127  127  127  127 -128 -128 -128 -128 -128  127  127  127 -128  127 -128  127 -128 -128 -128  127  127 -128  127 -128 -128 -128 -128  127  127  127 -128  127  127 -128 -128  -87    9   52  127 -128  127  127  127 -128  127  127 -128   93 -128  127  127  127 -128  127 -128 -128  127 -128 -128 -128  127 -128  127 -128 -128 -128 -128  127 -128  127  127  127 -128  127  127  127  127  127  127  127  127  127 -128  127 -128 -128  127 -128  127 -128 -128  127  127  127  127
 -71 -128 -128 -128  127  127 -128 -128  127  127  127  127   -6 -128  127  127 -128 -128  127  127 -128 -128  127  127  127  127  127 -128  127  127 -128 -128 -128 -128  127  127  -82 -128 -128 -128   11  127  127  127  127  127  127 -128  127  127  127 -128  127 -128  127  127 -128  127  127 -128  127  127  127  127  127  127 -128  127  127  127  127  127  127 -128  127  127   54  127  127  127  -37 -128 -128  127  127 -128 -128 -128  127 -128 -128 -128 -128  127 -128  127  127 -128  127  127  127 -128 -128  -97 -128  127 -128  127  127  127  127  127 -128 -128  127 -128 -128 -128   35  127  127 -128  127 -128 -128 -128  127 -128
 127  127 -128 -128  127  127 -128 -128  127 -128   16 -128  127 -128  127 -128 -128 -128 -128  127   43 -128  127  127  127  127  127  -23  127 -128 -128 -128  127 -128  -39  127  -33 -128  127 -128  -71  127   33 -128  127  127 -128 -128  127 -128  127 -128 -128 -128  127  127 -128  127  127 -128  127  127 -128  127 -128  127 -128  127 -128  127  127  127  127  127  127 -128  127  127  -61  127    7 -128 -128 -128 -128 -114 -128  127  127 -128 -128 -128  127 -128 -128 -128  127  127   90  127  127 -128 -128 -128 -128  127 -128 -128  127  127  127  127  127 -128  127 -128 -128 -128  127 -128  127 -128  127   19 -128 -128  127 -128
 127 -128 -128  127  127  127 -128 -128  127  127  127 -128  127  127   -9  127  127 -123 -128 -128  -38  127  127  127  127  127 -128  127  127 -128  127 -128   80  127 -128 -128  -14  127  127  127  127  101  126 -128 -128 -128 -128  127 -128  127  127  127 -128 -128 -128  127 -128 -128 -128 -128  127  127 -128  -76  127  127  127 -128 -128  -54  127  -80  127 -128  127  -66 -128 -128 -128 -128  127 -128  127 -128 -128  127  127 -128 -128 -128  127 -128 -128 -128  127 -128 -128 -128  127  127 -128  127  127 -128 -128  127  127  127 -128  127 -128  127   36  127 -128 -128  127  127 -128 -128 -128  125  -88  127  127  127  127  127
-113  127  -10  127  127 -128  127  127 -128 -128  127 -128   93 -128  127 -128  127  127 -128  127 -128 -128  127  127 -128  -43 -128  -25  127  -69 -128 -128  127  127 -128 -128 -128 -128  127 -128 -128  127  127 -128  127   50 -128 -128  127 -128  127 -128  127 -128  127   -1 -128 -128  127 -128 -128  127 -128  127 -128  -77 -128  127 -128  -92    5 -128  127  127 -128 -128  127  127  127 -128 -128 -108  127 -128 -128  127  127  -74  127  127 -128 -128  127  127 -128 -128  127  127   65  127 -128 -128  127  127 -128  127  127 -128 -128 -128 -128  127 -121  127 -128 -128  127 -128 -128 -128 -128  127  127  127 -128  127 -128 -128
-128  127 -128  127 -128  127  127  127  127  127  -20 -128 -128 -128 -128  116  127 -128 -128 -128 -128  -84  127   91  127  127  127  127 -128  127 -128 -128 -128  127 -128 -128  127  127  127  127 -128 -128   92 -128  101 -128  127  127 -128  127 -128  127 -128  127 -128  127 -128 -128 -128 -128  127  127 -128  -79 -128  127  127 -128 -128  -42  126  127 -128 -128  127  127 -128   39 -128 -128  -71 -128 -128  127 -128 -128 -120 -128 -128  127 -128 -128  127  127  127 -128 -128  127   79 -128 -128  127  127  127 -128  127 -128  127  101  127  127  -58   53  127 -128 -128   29  127   56 -128  127 -128 -128 -128  127  127  127 -128
 127    2 -128   34  -71  127 -128 -128  127 -128  127 -128  127 -128 -128   21 -128  -58 -128 -128  127 -128  127  127  127  127  127 -128  127  127 -128  127 -128  -96  127  127  127 -128 -128 -128  127  127  127 -128 -128  127  127 -128  127 -128  127 -128 -128 -128 -128  127  127  127 -128 -128  127  127 -128 -103 -128  127 -128 -128  -27  -65  127  127  127  127  127 -128  118  127  113 -128 -128  127  127  127 -128 -128 -128  127 -128 -128 -128 -128 -128 -128 -128 -128 -128 -128 -128  127  127 -128 -128  127 -128  127  127  -31  127  127  127  127  127  127 -128 -128  127 -128  127 -128  127 -128 -128 -128  127  127  127   99
 127 -128  127 -128 -128  127 -128 -128  127  127  127  127 -128 -128  127  127 -128  127  127  127  -18  127 -128  127  127 -128 -128  127 -128 -128  127 -128  127  127 -128 -128 -128 -128  127 -128 -128  127  127  127 -128  127 -128 -128 -128 -128 -128 -128  127 -128 -128  -78  127 -128 -128  127  127 -128  127  127 -128 -128 -128  127  127 -128 -128   60 -128  127  127  127  127  127  107 -128  127  111  127 -128  127  127  127  127 -128 -128 -128 -128  125 -128 -128  127  127  127  127 -128 -128 -128 -128 -128  127 -128  127  127  127  127 -128 -128  127 -106 -128 -128  127 -128 -128  127 -128  127 -128  127 -128  127  127  127
-128  127  -79 -128  127 -128 -128  127 -128 -128  127  127   60  127  127 -128 -128 -128  127 -128 -128 -128 -128 -128 -128 -128  127 -128   98  127  127  127 -128 -128  127  127  127 -128 -128 -128  127 -128  127  127  127  127  127  127  127  127 -128  127  127  -98  127 -128  127  127  127  127 -128 -128  127 -128 -128 -128 -128  127   72  127   64    7 -128 -128 -128  127 -128 -128  127  127 -128 -128 -128  127  127 -128  127  127  127 -128  127  127 -128  127  127  127  127 -128  127   76  127 -128 -128 -128  127 -128 -128  127  -64 -128  127  127   50 -128  127  127 -128  127  127   64  127 -128  127  127 -128 -128 -128  127
-128 -128 -128 -128  127  127 -128 -128  127  127  127  127  127 -128 -128 -128 -128 -128  127  127 -128  -12  127  127  127  127  127 -128  127 -128 -128 -128 -128 -128  127  127 -128 -128 -128 -128  127  127 -128  127  127  127 -128 -128  127  127  127 -128  127 -128 -128  127 -128 -128  127 -128  127  127  127  127    1  127 -128 -128 -128  127  127  127  127 -128  127  127  127 -128  127  127  127    5 -128  127  127 -128  127  127  127 -128 -128 -128 -128 -128 -128  127  127 -128 -128  127  127 -128 -128 -128 -128  127  127  127  127  127  127   31  127  127   43 -128 -128 -128 -128  -33 -128 -128  127  127 -128 -128  127 -128
 127 -128 -128 -128  127  127 -128  127  127  127 -128 -128  127 -128  127  127 -128 -128 -128  127  127 -128  127  127  127  127 -128  127  127 -128 -128 -128  127 -128 -128 -128 -128  127  127  127  127  127 -128 -128  127  127 -128  127 -110  127  127 -128 -128 -128  127  127 -119  127  127 -128  127  127 -128  127   78  127  127  127   89  127  127  127  127 -128  127  -96 -128  -44  -71 -128  127 -128 -128 -128 -128  127 -128 -128  127 -128 -128 -128  127 -128  127 -128  127  127 -128  127 -128  127 -128 -128 -128  127 -128 -128  127  127 -128  -38  127 -128 -128 -128 -128 -128 -128 -128  127   85  127 -128   83 -128  127 -128
 127  127  127  127 -128  127  127 -128  127  -19  -17 -128 -128 -128  116 -128  127  127 -128 -111 -128 -128 -128 -128  127 -128  127 -128 -128  127 -128 -128  127  127  127  127  127 -128  127 -128 -128 -128  127 -128  127  127  127 -128  127 -128 -128 -128 -128  127 -128  127 -104  127 -128 -128  127  127 -128  127  127  127 -128  127  127  -30 -128  127 -128  127  127  127  127  127  127 -128 -128  127  127  127 -128  -91  -91  127 -128  127 -128 -128 -128  112 -128 -128 -128  -22   68 -128 -128 -128  127  127  127 -128  127  127  127  127  127  127 -115  101  127 -128  127 -128  127   90  127 -128 -128 -128  127  127  127 -128
 127  127 -102 -128  -36  127 -128 -128 -128 -128 -128 -128  127 -128  127  127 -128 -128 -128  127 -128 -128  127  127  127  127  127  127  127 -128 -128 -128  127 -128  127  127  127  127  127  127   21  127  -77 -128  127  127 -128  127  127  127  127  127 -128 -128  127  127 -128  127  127 -128  127  127 -128  127 -128  127  127  127 -128 -128  127  127  127  -22  127 -128   59  127 -128  127  127  127 -128 -128 -128  -40 -128 -128  127 -128 -128 -128  127 -128  127 -128  127  127  127  127   35  127 -128 -128 -128  127 -128 -128  127  127  127  127  127 -128   15 -128 -128 -128  127  -79  127  127 -128  127  127 -128  127 -128
   6  127   -2 -128  127 -128  127  127 -128 -128 -128 -128  127 -128  127  127  -62 -128 -128  127 -128 -128  127  127 -128  127  127 -128  127  127 -128  127  127 -128  127  127  127 -128 -128 -128  127  127 -128 -128  127  127  127 -128  127 -128  127 -128 -128  127  127  -77  127  127  127 -128 -128 -128 -128  127  -10  -63 -128  127 -128  127 -128 -128  127  127 -128 -128 -128  127  127  127 -128  127 -128  127 -128  127 -128   45  127  127 -128  127  127  127 -128 -128  127  127 -128  127 -128 -128  127  127 -128  127 -128 -128  127  127  127  127   71 -128  127  127 -128 -128 -128 -128  127  127  127 -128 -128 -128 -128 -128
 127  127  127 -128 -128  127 -128  127  127  127 -128  -57 -128 -128  127  127  127 -128  127  127  127 -128 -128  -48  127 -128  127 -128 -128  127 -128 -128  127  127  127  127  127 -128  127 -128 -128  127 -128  127  127  127  127 -128  127 -128 -128 -128  127  127 -128  127  127  127 -128  127  127 -128  127  127  119 -128 -128  127  127 -128  127  127 -128  127  127  127   84  127  127  127   65  127 -128  127  127  -71 -128  127 -128  127 -128 -128  127  127 -128   47  127  127  127 -128  127 -128   68  127  127 -128 -128  127  127  127  127   -5 -128 -128  127 -128 -128 -128    8 -128  127   92 -128  127  127 -128  127 -128
-128 -128   59  127  127  127 -128 -128  127  127  127  127  127  127  127 -128  127  -19  127  -64 -128  127  127  127  127  127   91  127  127 -128  127 -128 -128  127 -128 -128 -128  127  127  127  127  -87  127  127 -128 -128 -128 -128 -128  127  127  127  127 -128 -128  127 -128 -128 -128  127  127  127  127   36    1  127  127 -128 -128  127  127   12  127 -128  127  127 -128 -128 -128 -128  127 -128  127 -128  127 -119  127 -128 -128 -128 -128 -128 -128 -128  127  127  127 -128  127  127  127  127  127 -128  127  127  127  127  -83  127 -128 -128  127  127 -128 -128  127  127 -128  127 -104  127 -128 -128  127  127  127  127
-128 -128    8 -128  -31 -128  127  127 -128  127  127  127  127  127 -128 -128 -128   28  127 -128  -90  127   74   56 -128 -128   76  127 -128 -128  127  127 -128 -128  127  127 -128  127  -15  127  127 -128  127  127  127  127 -128  127  107  127 -128  127  127 -128  127 -128 -128 -128  127  127 -128 -128  127 -128  121 -128  127  127  -72   22 -128 -128 -128 -128 -128  127  127 -128 -128  127  127 -128 -128 -128  127 -108  127  127  127 -128  127  127   40   34  127  127   52 -128  127   86  127  127 -128 -128  -51   44 -128 -128 -128 -128 -128  127  127 -128  127  127 -128  127  127 -128  127   88  127  127  127 -128 -128  127
 127 -128  127 -128   94  127 -128 -128  127  127  127  127 -128 -128 -128  127 -128  127  127  127 -128  127  127  127  127  127 -128  127 -128 -128  -80 -128  127 -128 -128 -128 -128  127  127  127 -128  127 -128  127 -128  127 -128 -128 -128  127  127 -128  127 -128 -128  127 -128  -55 -128  127  127  127  127  127  127  127  127  -57   80  127  127   58  127  127 -128  127 -128 -128 -128 -128  127  127  127 -128  127  127  127 -128 -128 -128 -128 -128   71 -128  127  127  127 -128  127 -128 -128  127 -128 -128 -128  127  127  127  127  127 -128  -42  127  127 -128 -128  127  127 -128  127   89 -128 -128 -102  127  127  127   83
-128 -128 -128 -128  127  127  -28  127  127  127  127 -128  127  127   44   93 -128 -128 -128  127   74  127  127  127  127  127 -128  127  127 -128 -128  127 -128 -128 -128 -128 -128  127  127  127  127  127 -128 -128 -128  127 -128  127 -128  127 -128  127 -128 -128  127  127 -128 -128  127 -128  127  127 -128  127  127  127  127  127 -128  122  127   60  127 -128  127  127 -128 -128 -128  127  127 -128 -128 -128 -128 -128 -128  127  127 -128  127  127  127  127  127 -128  -11  110  127  127 -128  127 -128 -128 -128  127 -128 -128 -128  127 -128 -128 -128 -128  127  127 -128  127  127 -128  127  127  127  127 -128 -128  127  -35
-128   70  127  127 -128 -128  127  127 -128  127 -114 -128 -128  127   33  127  127  127 -128 -128 -128  127  127 -128 -128  127 -128  127 -128  127  127 -128  127  127 -128 -128  127  127  127  127 -128 -128  127 -128 -128 -128  127  127 -128  127  127  127  127  127 -128 -128  127 -128 -128 -128 -128  127 -128 -128  127  127  127 -128  127 -128 -128 -128  127  127 -128 -128  -45 -128  127 -128  127 -128  127 -128 -128  127  127 -128 -128  127  127  127  127  127  127 -128 -128  127 -128 -128 -128  127  127  127  127   93  127  127 -128 -128 -128  127 -128  127 -128  117  127  127 -128  127 -128  127 -128  127  127  127 -128  127
 127  127  127 -128 -128  127 -128 -128  -85  127    1  127 -128 -128  127  127 -128  101  127  127  127 -128 -128  127  127 -128  127  127 -128 -128 -128 -128  127 -128  127  127  -46 -128  127 -128 -128  127   -5  127  127  127 -128 -128  127 -128 -128 -128 -128 -128  127   55 -128  127  127  127  127 -128  127  127  127 -128 -128  127  127 -128  127  127 -128  127  127  127  -77  127  -27  127  -20   16 -128   93  127 -128 -128   14  127 -128 -128 -128   67 -128 -128  127  127 -128  127   83  127 -128 -128 -128 -128 -128 -128  127  127  127  127 -128 -128 -128  127 -128 -128 -128  127 -128  127  127 -128  127 -128 -128  127 -128
 127 -128  -74  127   92  127 -128 -128  127  127 -128 -128 -110 -117 -128  127  127  127 -128  127  127  127  127  127  127  127 -128  127  127 -128 -128  127  127 -128 -128 -128  127  127  127  127 -128  127 -128 -128 -128  127 -128  107 -128 -128  127   49 -128 -128 -116  127  127  127 -128 -128  127  127 -128  127 -128  127  127 -128  127  127  127  127  127  127  127 -128  127  127 -128 -128  127  -90  127 -128 -128  127 -128  127 -128 -128 -128 -128  -63 -128  127 -128  -40  127 -128 -128 -128  127 -128 -128 -128  127  127  127  127  127 -128 -128 -128  127 -128 -128  127  102  127  127  127  127 -128  127  127  127  127 -128
 127  127  127  127   96 -128  -27  127 -128 -128 -128 -128 -128 -128  127  127  127 -128 -128  127  -98 -128  127 -107 -128 -128 -128  127 -128  127 -128 -128  127 -128 -128  -31  127  127  127  127 -128  127  127 -128  127  127  127  127  127  127 -128 -128 -128  127  127 -128  127  127  127 -128 -128 -128 -128  127 -128 -128  127  127   27  127  127 -128 -128 -128 -128 -128  116  127  127  127 -128 -128 -128  127 -128   -4 -128  120  127  127 -128 -128  127  127  127 -128   70  127  127   37 -104  127   32  127 -128  -33 -128 -128  127  -25  127 -128 -128 -128  127 -128 -128 -128  127  127  127  127 -128  127  127 -128 -128 -128
-128  127 -128 -128  127 -128  127  127  127 -128 -128 -128  127  127  127  127   35 -128 -128  -29 -128 -128  127  127 -128  127  127 -128  127  127 -128  127 -128 -128  127  127  127 -128 -128 -128  127  -48  127 -128  127  127  127  127  127  127  127  127 -128  127  127  127  -39  127  127 -128  127  127 -128 -128 -128  127 -128 -111  -49  127 -128 -128  127 -128  127 -128  111  127  127  127 -128 -128 -128  127 -128 -128 -128 -128  127  127  127  127 -128  127 -128 -128   59  -15  123  127  127 -128  127  127  -45  127  -95 -128  -26  -98  127 -128  127 -128  127  127 -128  127  127 -128   84 -128  127  127 -128 -128 -128 -128
 127  127  127  127  127 -128  127  -89 -128 -128  -54 -128 -128 -128  127  127  127  127 -128  127  127 -128 -128 -128 -128 -128 -128  127 -128  127 -128 -128  127  127 -128   63  127 -128 -128 -128 -128  127  127 -128  127  122  127 -128  127 -128 -128 -128 -128 -128  127 -128 -128  127  127 -128 -128 -128 -128  127 -128 -128 -128  127  127  127 -128  -86 -128  127 -128 -128 -128  127  127  127 -128  -99  127  127 -128  127  127  127  127  127 -128 -128  127  127 -128 -128  127  127  -67   61 -128 -128 -128  127 -128 -102  127 -128  127  127  127 -128  -65  127  127 -128  127 -128 -128   68  127 -128 -128   94 -110  127 -128 -128
-128  127  127 -128  127 -128  127  127 -128 -128 -128 -128  127  113    3   70 -128  -52 -128  127  127 -128   58  127 -128   75  127 -128  127  127 -128  127  127 -128  127  127  127 -128 -128 -128  127  127  -25 -128  127  127  127  127  127 -128  127  -87 -128  127  127 -128 -128  127  127 -128 -128 -128 -128  127 -128 -128 -128  127  127  127  127 -128  116  127 -128 -128  -42  127  127  127 -128 -128 -128  127 -128  127 -128    2  127  127  127  127  127  127 -128 -128  127  127  127  127 -128 -128  127  127 -128  127 -128 -128  127  127  127  127 -128 -128  127  127 -128 -128  106  127  127 -128  127 -128 -128 -128 -128 -128
-128  127  127  127 -128 -128  127  127 -128 -128 -128 -128  108  127  127 -128  127 -128 -128 -128  127 -128 -128 -128 -128 -128  127 -128 -128  127 -121  127 -128   58  127  127  127 -128 -128 -128  127 -128  127 -128  127  -83  127  127  127 -128 -128  127 -128  127  109 -115 -128  127 -128 -128 -128 -128 -128 -128 -128 -128 -128 -128 -128 -128 -128  127 -128   69 -128 -128 -128  127 -128  127 -128  112 -128  127 -128  -38 -128  119 -128  127  127  127 -128  127 -128 -128 -128 -128  127 -128  127 -128  127  127  127 -128 -128 -128  127  127  127 -128  127 -128  127  127 -128 -128  -78  -31  127  127 -128  127  127 -128 -128 -128
-128  127  127  127   86 -128  127  127 -128 -128  127  127 -128  127  127  -37  127  127  127  127 -128  127 -128 -128 -128 -128 -128 -128 -128  127  127  127  127  127  127  127 -128 -128 -128 -128  -62  -90  127  127  127  127  127 -128  127 -128 -128 -128  127  127  127 -128  127  127  127  127 -128 -128  127 -128  127 -128 -128  127 -128  127  127 -128 -128  127 -128 -128  127  127  127  127 -128 -128  116  127  127  127  127  127  127  127  127  127  127  127 -128  127  127  127 -118 -128  127 -128  127  127  127 -128  -18 -128  127 -128  127 -128  -36  127  127  127  127   46 -105 -128   30  127  127 -128 -128  127 -128  127
 127  127  127 -128 -128  127 -128 -128  127  127 -128  127 -128 -128  127 -128 -128  127  127  127  127 -128 -128  127  127 -128  127  127 -128 -128 -128  -18  127 -128  127  127  127 -128  127 -128 -128  127   12  127  127  127  127 -128   68 -128 -128 -128 -128 -128 -128  127 -128  127 -128  127  127 -128  127  127 -128  -97 -128  127   38  127 -128  127 -128  127  127  127 -128  127 -128  127  127 -128 -128  127  127  -55 -128  127 -128 -128 -128 -128 -128 -128 -128  127  127 -128  -24 -128  127 -128 -128 -128 -128 -128 -128  127  127  127  127 -128  127 -128  -57 -128 -128 -128 -128  127  127  127 -128  -75 -128 -128  127 -128
-128  127   64  127  127 -128  127  127 -128 -128 -128 -128  127  127  -40   54   13  127 -128  127  127 -128  127  127 -128 -128 -128  -63  127 -128 -128  127  127  127 -128 -128 -128 -128  127 -128  127  127  127 -128  127  127 -128   45  127  -54  127 -128 -128  127  127    1  127 -128  127 -128 -128 -128 -128  127  -28 -128 -128  127 -128  -91   72 -128  127  -14 -128 -128  127  127  127  -93 -128   84 -128 -128 -128  127 -128  127  127  127  127  127  127  127 -128  127  127  127 -128  127 -128 -128  127  -92 -128  127 -128 -128  -54  -36 -128 -128 -128 -128 -128  127 -128 -128  127  127 -128  127  127 -128 -128 -128 -128 -128
 127  127  127  127 -128 -128  -43  127 -128 -128 -128 -128 -128 -128  127 -128  127 -128 -128  127 -128 -128  127  127 -128 -128 -127  127 -128  127 -128 -128  127 -128  -19  127  127  127  127  127 -128  127   95 -128  127  127  127  127  127  127 -128  120 -128  127 -128 -128 -128  127  127 -128 -128 -128 -128  127   -2 -128  127  127 -128    8  -10 -128 -128  127 -128 -128 -128  127   27  127 -128 -128 -128  127 -128  -75 -128 -128  127  127 -128 -128  127  127  127 -128  127  127 -128 -128 -128  127  127  127 -128   31 -128 -128  127   95  127  127  127 -128  127 -128 -128 -128   94 -128  127  -15 -128  -41  127 -128 -128 -128
-128  127  127  127  127 -128  127  127 -128 -128 -128 -128   84  127 -128  127  127 -128 -128  -94  127 -128 -128 -128 -128 -128  127 -128  127  127 -128  127 -128  -94  127  127  127 -128 -128 -128  127 -128 -128 -128  127  101  127  127  127  127 -128  127 -128  127  127 -128 -128  127  127 -128 -128 -128 -128 -128  127 -128 -128  127   62 -128 -128 -128 -128 -128 -128 -128 -128  127  127  127 -128  127 -128  127 -128 -128 -128 -128  127  127  127  127  127  127  -80 -128 -128  127   19  127  127 -128  127  127   32 -128 -128 -128  -77 -128  127   29 -128 -128  127  127 -128 -128   11  127  127  127  127   14 -128 -128 -128 -128
-128 -128  127 -128   79 -128 -128  127 -128  127  127  127   17  127  127  -18 -128  127  127  127  127  127 -128   29 -128 -128 -128  127 -128 -128   -2 -128  -27 -128 -128 -128 -128  127  127  127  127  -73 -128  127  127  127 -128  127  -39  127 -128  127  127 -128  127 -128 -115 -128  127  127 -128 -128  127  -14    0 -128  127  127 -128 -128  127 -128 -128 -128 -128  127   61 -128   31  127  127  127 -128 -128  127  127  127  127  127 -128  127  127  127 -128  127  127  127  127  127 -128  127  127 -128 -128 -128 -128 -128 -128  127 -128 -128   60  127 -128  127  127 -128  127    6  127  127 -128  127  127 -128 -128 -128  -57
 127  127  127  127  127 -128  127  127 -128 -128  -93 -128  127  127  127 -128  127  127 -128  127  -51  127 -128 -100 -128  127 -128 -128  127    7  127  127  127  127 -128 -128 -128 -128  127 -128  127  127   46 -128 -128   48 -128 -128 -128 -128  127 -128 -128  127  127  127  127 -128 -128  -83 -128  127 -128  127  -13 -128 -128 -128 -128  127 -128 -128  127  127 -128 -128  127  127  127 -128   81  127  127 -128 -128  127  127  127 -128  127  127  127  127  127 -128 -128  127  127  127  127 -128 -128  127  127  127 -128  127 -128   51    6 -128   85  127  127 -128  127  127  127   -1   23 -128   79  127  127 -128  127 -128  127
 127 -128  127 -128 -128  127 -128 -128  127  127  127  127 -128 -128  -24 -128 -128  127  127  127  127  127 -128  102  127 -128 -128   86 -128 -128  127 -128  127  127 -128 -128 -128 -128  127 -128 -128  109  -62  127 -128  127 -128 -128 -128 -128 -128 -128  127 -128 -128  -17 -128 -128 -128  127  127 -128  127  127 -128 -128 -128  127 -128  127 -128  127 -128  127  127  127   38  127 -128 -128  127 -117  127 -128  127  127  127   67 -128 -128 -128 -128   19 -128 -128  127  127   42   89 -128 -128 -128 -128 -128  127 -128  127  127  127  127 -128  127   42  127 -128 -128  127 -128 -128  127 -128  127 -128  127 -128  127  127  127
-128 -128 -128   64  127 -128  127 -128   48  127  127  127  127  127 -128 -128 -128  127  127  127   27  127  127  127 -128   41 -128 -128  127 -128  127  127 -128  127  127  127 -128 -128 -128 -128  127 -128  127  127 -128  -79 -128 -128  127  127  127  127  127 -128  127   53   77 -128  127  127 -128  127  127 -128  127 -128 -128 -128  127 -128 -127 -128  127 -128 -128  127 -118 -128  127  127  127 -128  127 -128  127  127  127  127  127 -128  127  127 -128  127 -128  127  127 -128 -128  127  127 -128   42 -128  127  127  127  127 -128 -128 -128  127  127  127  127  127  127  127  127  127 -128 -128  127  127 -128  127 -128  127
 127 -128  127  127  -61  127 -128 -128  127  127  127  127  -42 -128  127 -128 -128  127  127  127 -128  127  127  127  127  127 -128  127  -25 -128  -50 -128  127 -128 -128 -128 -128  127  127  127 -119  127 -128  127 -128  127 -128 -128 -128  127  127 -128  127 -128 -128  127   22    8 -128  127  127  127  127  127  127  127  127 -128  127 -128  127 -128  127  127  -71  127 -121 -128 -128 -128  127  127  127 -128  127  127  127  127 -128 -128 -128 -128  -38 -128  127  127  127   62 -128 -128 -128  127 -128 -128 -128  127  127  127  127  127 -128 -128  127  127 -128 -128  127  127   52   14   77 -128 -128   55  127   13  127  -24
-128   79  127  127  127 -128  127  127 -128  127 -128 -128  127  127  127  127  127  127 -128  127  127  127  -98 -128 -128 -128 -128  127   12  127  127 -128  127  127 -128 -128  127  127  127  127  127 -128 -128 -128 -128 -128 -128  127  127  127 -128  127  121  127  127 -128 -128 -128  127 -128 -128 -128 -128 -128 -128  -94  127  127  -99  127   63 -128 -128  127 -128 -128 -128 -128  127 -128  127  127  127 -128 -128  127  127  127  127  127  127  127  127  127  127 -128 -128  127  105   16 -128  127  127  127  127 -128  -80 -128 -128 -128 -128  127  122  127  101  127  127  127  127  127 -128  127  127 -128  127  127 -128  127
 -46 -128 -128   18  127  127  127 -128  127  127  127  127  127  127 -128    3 -128  127  127 -128 -128  127  -62 -128  127  127  127 -128  127 -128  127  127 -128  127  127   17 -128 -128   15 -128  127 -128 -128  127 -128 -128 -128 -128  127 -128  127  127  127 -128  127  127  127 -128  127  127  127  127  127   20  127  127 -128 -128  127 -128  127  127  127  -40  127  127  127 -128  127   58  127 -128  127 -128  127  127  127  127  127 -128  127  127 -128   43 -128  127  127 -128  127  127  127 -128 -115 -128  127  127  127  127 -128 -128 -128 -128  127  127 -128  127  127  127  127  -37 -128  127  127   71 -128  127  127  127
-128  127  127  127 -128  -27  -51  127 -128  127 -128  127   52  127  127  127  127 -128  127 -128  -39  127 -128 -128 -128  127  127  127 -128  127 -117  127 -128 -128  127  127  127  127 -128  127  127 -128   40  127  127  -99  127  127  127  127 -128  127  127  127 -128 -128  127   89 -128  127 -128   26  127 -128  127  127  127 -128  127 -128  127 -128 -128 -128 -128  127  127  -78 -128  127   71  127 -128  127  127 -128 -128   78 -128  127  127  127 -128  127  127  127 -128 -128 -128 -128  127  127  127  127  127 -128 -128   90  127 -128  127  -84   -6 -128  127  127 -128  127  127 -128  127 -128 -128   53  127 -128  127   91
 127  127  127  127  127 -128  127  127 -128  127 -128 -128  127  127 -128  -72  127  127 -128  127  127  127 -128 -128 -128 -128 -128  127 -128 -128  127 -128  127  127 -128 -128 -128  127  127  127  127   14  127 -128   14  -35 -128  127  -24  127 -128  127 -128  127  127 -128   53 -128  127 -128 -128 -128 -128  -20 -105 -128  127  127  127  -16 -128 -128 -128  127 -128 -128  -35   81  127  -87  127 -100  127 -128 -128  127  127  127  127  127  127  127  127  127  127 -128   68  127   83 -128 -128  127  127  -98  127 -128 -128 -128 -128 -128 -128 -128  127  127  -94  127  127  127  127 -128   20  127  127  117  127  127 -128  127
-128 -128 -128 -128  127  127  127  127  127  127  127  127  127  127  127  127 -128 -128  127 -115  127  127  127  127  127  127  127 -128  127 -128  127  127 -128 -128  127  127 -128 -128 -128  -35  127 -128   13  127 -128  127 -128  127  127  127  -72  127  127 -128  127  127 -128 -128  127  127  127  127  127  127  127 -107 -128 -128  127  127  127  127  127 -128  127  127  127 -128  127  127  127  127 -128 -128  127 -128  127   59  127 -128  127  127 -128  127 -128  127  127 -128  -14  127  127  -29 -128 -128  127  127 -128  127 -108  -13 -128 -128  127  -92  127  127 -128  127  127 -128 -128 -114  127  127 -128 -128  127  127


FC3 Layer Weights:
Shape: (10, 64)
Range: [-128, 127]
Weights:
-128  127  127  127  127 -128 -128  127  127  127  127  127  127 -128 -128 -128 -128  127 -128  127 -128 -128  127  127 -128 -128 -128 -128 -128  127  127  127 -128 -100 -128 -128  127  127  127  127 -128 -128  127 -128 -128 -128 -128 -128 -128  127  127 -128 -128 -128  127 -128  127  127  127 -128  127  127 -128  127
 127  127  127 -128 -128 -128   79 -128 -128 -128 -128 -128 -128 -128  127 -128  127  127  127 -128  127 -128 -128 -128 -128  127 -128  127 -128 -128 -128 -128  127 -128  127 -128 -128  127  127  127  127  127 -128  127  127 -128 -128 -128 -128 -128 -128 -128  127 -128  127 -128 -128 -128  127  127 -128  127  127 -128
 127 -128 -128  127  127   51  127  127 -128 -128  127  127 -128 -128 -128  127  127  127  127 -128  127  127  127 -128 -128  127  127 -128  127  127 -128  -61 -128  127 -128 -128  -22  127 -128  127 -128  127 -128  127 -128 -128  127 -128 -128  127 -105 -128 -128 -128 -128  127  127  127  127  127  127 -128  127 -128
-128 -128 -128  127 -128 -128  127 -128 -128  127  127 -128 -128 -128 -128  127 -128  127  127 -128 -128 -128  127 -128 -128 -128  127  127 -128   23  -73 -128 -128  127 -128  127  127 -128 -128 -128 -128  127 -128 -128  127  118  127  127  127  127 -128  127  127  127 -128  127  -89 -128 -128  127 -128  127  127 -128
 127 -128 -128 -128  127  127 -128  127  127 -128 -128  127  127  127  127 -128 -128 -128 -128 -128  127  127 -128  127  127  127  127 -128  127 -128 -128  127  127 -128  127  127 -128  127 -128  125  127 -128 -128  127 -128  127 -128  120 -128 -128 -128  127 -128 -128 -128  127 -128  127  120 -128  127 -128 -128  127
 -22 -128  127  127 -128 -128   57 -128 -128  107  108 -128  127  127 -128 -128 -128 -128 -128  127 -128 -128  102  127  127 -128 -128   -6  127 -128  127   12 -128  127  127  127  127 -128   -1 -128 -128 -128  127    3  127  127  127  127  127   87  127 -128  127  111 -128 -128 -128 -128 -128 -128 -128  127 -128  -74
 127 -128  127  127  127 -128 -128 -128 -128 -128 -128  116  127  127 -128 -128  127 -128 -128  127  127 -128  127  127  127  127 -128  127  127  127 -128  127  127  127  127 -128  127  127 -128  127  127 -128  127  127 -128 -128 -128 -128 -128 -128  127 -128 -128 -128 -128 -128  127 -128  127 -128  127 -128 -128  126
-128 -128 -128 -128 -128  127  127  127  127  127 -128 -128 -128  127  127  127 -128  127  127 -128  127  127 -128 -128 -128 -113 -128 -128 -128 -128  127 -128 -128 -128 -128   45 -128 -128  127 -128  113  127 -128 -128 -128  127 -128  127   70  127 -128   96 -128  127  127  127 -128  127 -128  127  127  127  127  127
-128  127  127  121   80 -128  127  127 -128 -128 -102 -128 -128  127  127  127 -128  -40  -12   90 -128  127  -75  -38  127 -128  127  -90 -128  127 -128 -128  127   70  127  127  118 -128 -128  118  -36   16  127  127  127 -128  127  127 -128   82  127  127  127  -77  127  127  127 -128  127   54 -128 -128  127 -128
-128 -128 -128 -128 -128  127 -128   40  127  127 -128  127  127  127  127 -128 -128 -128 -128 -128 -128  127 -128  127  127 -128  127 -128 -128 -128  127  106  127 -128  123  127   42 -128  107 -128  127 -128   74 -128  127  127  127  127 -128  111 -128  127  127  127  115   78 -128  121 -128  101   73 -128  103  127
